id,transcript_file,speaker_code,transcript_clean,is_grammatical,labels,age
944821,4764,[CAR],boy that's a pretty picture Abe.,,,35.0
944832,4764,[CHI],it's about a cave.,1.0,,35.0
944842,4764,[CAR],it's a cave?,,,35.0
944850,4764,[CHI],yeah this gonna be a a you hafta do this first.,1.0,,35.0
944862,4764,[CHI],get those little marks off.,1.0,,35.0
944872,4764,[CAR],that's okay.,,,35.0
944881,4764,[CAR],we'll just leave them there.,,,35.0
944892,4764,[CHI],this uh be a cave for for?,-1.0,sv_agreement,35.0
944901,4764,[CHI],what you say?,-1.0,present_progressive,35.0
944909,4764,[CHI],a Thanksgiving one this uh be a cave.,-1.0,sv_agreement,35.0
944919,4764,[CAR],you're making a cave?,,,35.0
944927,4764,[CAR],you aren't going to make a Thanksgiving picture?,,,35.0
944936,4764,[CHI],this uh be a Thanksgiving picture you know that.,-1.0,sv_agreement,35.0
944945,4764,[CAR],I know it.,,,35.0
944956,4764,[CAR],and you know it.,,,35.0
944965,4764,[CHI],I have a I have a I need some more paint.,1.0,,35.0
944976,4764,[CAR],some more paint?,,,35.0
944988,4764,[CAR],of each color?,,,35.0
945002,4764,[CHI],yeah what's that?,1.0,,35.0
945009,4764,[CAR],do you like it?,,,35.0
945018,4764,[CHI],no.,,,35.0
945028,4764,[CAR],what don't you like about it?,,,35.0
945038,4764,[CHI],I like this um those two more those two more.,1.0,,35.0
945048,4764,[CAR],these colors?,,,35.0
945056,4764,[CHI],huh?,,,35.0
945064,4764,[CAR],these colors?,,,35.0
945073,4764,[CHI],no blue blue.,1.0,,35.0
945082,4764,[CHI],I like blue colors.,1.0,,35.0
945092,4764,[CHI],it's mine favorite.,-1.0,determiner,35.0
945104,4764,[CAR],I already knew that.,,,35.0
945117,4764,[CHI],I'm trying to get the dots off.,1.0,,35.0
945126,4764,[CHI],I'm trying to paint them off.,-1.0,preposition,35.0
945135,4764,[CHI],I'm trying to paint them off.,-1.0,preposition,35.0
945143,4764,[CAR],okay.,,,35.0
945152,4764,[CHI],what's that?,1.0,,35.0
945162,4764,[CAR],some more paint.,,,35.0
945171,4764,[CAR],you can use your paint brush with these too.,,,35.0
945180,4764,[CHI],and put them in these?,1.0,,35.0
945190,4764,[CAR],uhhuh.,,,35.0
945195,4764,[CHI],no I wanna use these.,1.0,,35.0
945208,4764,[CAR],okay suit yourself.,,,35.0
945220,4764,[CHI],know who got me these?,0.0,,35.0
945231,4764,[CAR],who?,,,35.0
945241,4764,[CHI],Santa_Claus.,0.0,,35.0
945250,4764,[CAR],uhuh Mommy and Daddy did.,,,35.0
945258,4764,[CHI],Santa_Claus got me these paints.,1.0,,35.0
945270,4764,[CAR],uhhuh Santa_Claus got you those paints.,,,35.0
945281,4764,[CAR],and Mommy and Daddy got you these paints.,,,35.0
945294,4764,[CAR],what are you doing with that pen?,,,35.0
945305,4764,[CHI],it's Daddy's.,1.0,,35.0
945315,4764,[CHI],I'm gonna give it back to him when I get done drawing this picture for Thanksgiving and and and this picture for trickortreat.,0.0,,35.0
945329,4764,[CAR],you're using a pen and a paint brush at the same time?,,,35.0
945338,4764,[CHI],uhhuh.,,,35.0
945346,4764,[CAR],I bet that's going to be a strange picture.,,,35.0
945356,4764,[CHI],I need some water in here.,1.0,,35.0
945367,4764,[CAR],no that one's just thick.,,,35.0
945378,4764,[CAR],it still works alright.,,,35.0
945389,4764,[CHI],hey!,,,35.0
945400,4764,[CHI],this gotted on my hand.,-1.0,tense_aspect,35.0
945413,4764,[CAR],that's alright.,,,35.0
945425,4764,[CAR],it won't stain your hand.,,,35.0
945438,4764,[CAR],I can wash it off when you're done.,,,35.0
945450,4764,[CHI],why this stains on my shirt?,-1.0,auxiliary,35.0
945463,4764,[CAR],because your shirt we can't wash as fast as your hands get it?,,,35.0
945473,4764,[CHI],why these are not fashed up?,-1.0,auxiliary,35.0
945486,4764,[CAR],smashed up?,,,35.0
945496,4764,[CHI],no fashed like these.,0.0,,35.0
945506,4764,[CAR],I don't know what made those get so watery.,,,35.0
945519,4764,[CAR],they still work alright though.,,,35.0
945530,4764,[CAR],what are we going to eat on Thanksgiving Abe?,,,35.0
945542,4764,[CHI],turkey.,,,35.0
945552,4764,[CAR],uhhuh what else?,,,35.0
945562,4764,[CHI],bread.,,,35.0
945572,4764,[CAR],uhhuh.,,,35.0
945583,4764,[CHI],what else?,1.0,,35.0
945591,4764,[CAR],cranberries.,,,35.0
945600,4764,[CHI],no we don't like we don't like that.,1.0,,35.0
945609,4764,[CAR],Abe have you ever tasted cranberries?,,,35.0
945616,4764,[CHI],uhuh.,,,35.0
945626,4764,[CAR],okay then don't say that you don't like them.,,,35.0
945637,4764,[CAR],wait until you taste them.,,,35.0
945647,4764,[CHI],we didn't taste we tasted them at school.,1.0,,35.0
945659,4764,[CHI],they didn't feel good.,1.0,,35.0
945668,4764,[CAR],you tasted them at school?,,,35.0
945677,4764,[CHI],and they didn't feel good.,1.0,,35.0
945687,4764,[CAR],where didn't they feel good?,,,35.0
945697,4764,[CHI],I don't know.,1.0,,35.0
945704,4764,[CAR],on your tongue?,,,35.0
945713,4764,[CHI],uhhuh.,,,35.0
945724,4764,[CAR],or your mouth?,,,35.0
945735,4764,[CHI],uhuh.,,,35.0
945746,4764,[CAR],what else are we going to eat?,,,35.0
945756,4764,[CHI],I don't know.,1.0,,35.0
945766,4764,[CAR],dressing.,,,35.0
945776,4764,[CHI],dressing what's dressing?,1.0,,35.0
945787,4764,[CAR],it's stuff that's put inside the turkey.,,,35.0
945801,4764,[CAR],it's made out_of bread.,,,35.0
945808,4764,[CAR],do you think you'll like it?,,,35.0
945818,4764,[CHI],I think I will.,1.0,,35.0
945828,4764,[CAR],how about pickles?,,,35.0
945838,4764,[CHI],pickles?,,,35.0
945850,4764,[CHI],what's pickles?,0.0,,35.0
945861,4764,[CAR],remember?,,,35.0
945871,4764,[CAR],we made pickles.,,,35.0
945883,4764,[CHI],I don't like pickles.,1.0,,35.0
945898,4764,[CAR],have you ever tasted pickles.,,,35.0
945909,4764,[CHI],hunhunh.,,,35.0
945919,4764,[CAR],how can you that?,,,35.0
945936,4764,[CAR],that you don't like them then?,,,35.0
945945,4764,[CHI],because I don't like them.,1.0,,35.0
945955,4764,[CHI],I want some oranges when we eat dinner.,1.0,,35.0
945961,4764,[CHI],know I'm a artist?,0.0,,35.0
945971,4764,[CAR],I really think you are an artist.,,,35.0
945981,4764,[CHI],I am.,1.0,,35.0
945986,4764,[CAR],are you done with that picture?,,,35.0
945996,4764,[CHI],no I'm still doing this one.,1.0,,35.0
946006,4764,[CAR],okay you sure have been working on it for a long time.,,,35.0
946020,4764,[CHI],are these uh are juicy ones this juicy paint it's juicy right?,1.0,,35.0
946034,4764,[CAR],uhhuh.,,,35.0
946039,4764,[CHI],this is juicy right?,1.0,,35.0
946049,4764,[CAR],uhhuh it's watery.,,,35.0
946057,4764,[CHI],why you can't fingerpaint with these?,-1.0,auxiliary,35.0
946067,4764,[CAR],oh you can.,,,35.0
946075,4764,[CAR],but we ran out_of fingerpainting paper.,,,35.0
946085,4764,[CAR],so you can use the paintbrush instead.,,,35.0
946096,4764,[CHI],now it's finished.,1.0,,35.0
946102,4764,[CHI],now it's finished Mom.,1.0,,35.0
946109,4764,[CAR],good.,,,35.0
946117,4764,[CAR],would you like to make another one?,,,35.0
946128,4764,[CHI],no no.,1.0,,35.0
946137,4764,[CAR],are you all through?,,,35.0
946147,4764,[CHI],yeah all through.,1.0,,35.0
946156,4764,[CHI],are this this goes on the green one?,1.0,,35.0
946166,4764,[CAR],yeah.,,,35.0
946174,4764,[CHI],this goes on the green one.,1.0,,35.0
946183,4764,[CHI],no this goes on the red one.,1.0,,35.0
946192,4764,[CHI],I got it on my shirt.,1.0,,35.0
946207,4764,[CAR],aw we better go take your shirt off and put it in the water to soak.,,,35.0
946216,4764,[CHI],do you think that'll work?,1.0,,35.0
946225,4764,[CHI],uhhuh then wear it again okay?,0.0,,35.0
946234,4764,[CAR],after I wash it.,,,35.0
946244,4764,[CHI],you hot when you wear long sleeves?,0.0,,35.0
946257,4764,[CAR],not when it's cold outside.,,,35.0
946268,4764,[CHI],can I wear another shirt?,1.0,,35.0
946280,4764,[CAR],yeah you hafta.,,,35.0
946292,4764,[CHI],why?,,,35.0
946302,4764,[CAR],because I don't want you to get too cold.,,,35.0
946310,4764,[CHI],how long Thanksgiving and Christmas be over?,-1.0,"preposition, auxiliary",35.0
946320,4764,[CAR],Thanksgiving is on Thursday and Christmas is December twenty fifth.,,,35.0
946331,4764,[CAR],so Thanksgiving and Christmas will both be over December twenty sixth.,,,35.0
946340,4764,[CHI],why?,,,35.0
946349,4764,[CAR],because.,,,35.0
946358,4764,[CHI],can we watch it again?,1.0,,35.0
946372,4764,[CAR],what?,,,35.0
946380,4764,[CAR],Charlie_Brown's on at seven.,,,35.0
946396,4764,[CHI],I hafta turn the seven on.,1.0,,35.0
946403,4764,[CHI],where's this is the seven okay?,0.0,,35.0
946414,4764,[CAR],uhhuh.,,,35.0
946421,4764,[CHI],it's not any good at seven.,1.0,,35.0
946432,4764,[CAR],Abe don't touch this cloth when your hands are dirty.,,,35.0
946441,4764,[CHI],do my hands look like this dirty?,-1.0,other,35.0
946453,4764,[CAR],yes they look very dirty.,,,35.0
946464,4764,[CHI],why I painted on them?,-1.0,auxiliary,35.0
946475,4764,[CAR],why did you?,,,35.0
946484,4764,[CHI],because I thought my hands are paper.,1.0,,35.0
946493,4764,[CAR],you thought they were paper?,,,35.0
946501,4764,[CHI],yeah wash my hands.,0.0,,35.0
946510,4764,[CHI],why you doing this one?,-1.0,auxiliary,35.0
946519,4764,[CHI],why you washing this one?,-1.0,auxiliary,35.0
946530,4764,[CAR],it's faster.,,,35.0
946540,4764,[CHI],huh?,,,35.0
946549,4764,[CAR],it's a faster way to use the wash cloth.,,,35.0
946561,4764,[CHI],why?,,,35.0
946570,4764,[CAR],just because.,,,35.0
946578,4764,[CAR],what are you doing Abe?,,,35.0
946591,4764,[CHI],I'm getting my shirt on.,-1.0,preposition,35.0
946600,4764,[CAR],oh.,,,35.0
946606,4764,[CHI],why Daddy have little pimples?,-1.0,auxiliary,35.0
946617,4764,[CAR],those are nipples Abe.,,,35.0
946624,4764,[CAR],it's an n word.,,,35.0
946637,4764,[CHI],where's my burger hat?,1.0,,35.0
946645,4764,[CAR],your king burger hat?,,,35.0
946653,4764,[CHI],yeah my king burger hat.,1.0,,35.0
946661,4764,[CAR],I think that it's over in the corner.,,,35.0
946667,4764,[CHI],Daddy sick?,-1.0,auxiliary,35.0
946674,4764,[CAR],uhhuh he has a upset tummy.,,,35.0
946684,4764,[CHI],when people are sick.,1.0,,35.0
946693,4764,[CHI],they are tired.,1.0,,35.0
946702,4764,[CAR],uhhuh your body needs a_lot_of rest when you're sick.,,,35.0
946713,4764,[CAR],so sick people sleep a_lot.,,,35.0
946720,4764,[CAR],Ann you can go to the co-op now if you want.,,,35.0
946730,4764,[CAR],and I'll finish the tape when you get home.,,,35.0
946741,4764,[CHI],and get strawberries I_mean blueberries.,1.0,,35.0
946749,4764,[CAR],Abe strawberries and blueberries are out_of season.,,,35.0
946759,4764,[CAR],we can only get them during the summer.,,,35.0
946766,4764,[CHI],huh?,,,35.0
946769,4764,[CAR],we can only get strawberries and blueberries during the summer.,,,35.0
946776,4764,[CHI],this can't get up.,1.0,,35.0
946783,4764,[CHI],this can't stand up either.,1.0,,35.0
946789,4764,[CAR],do you wanna go to the store with me Abe?,,,35.0
946796,4764,[CHI],yeah.,,,35.0
946803,4764,[CAR],go get your jacket on.,,,35.0
946809,4764,[CHI],I I don't wanna go.,1.0,,35.0
946815,4764,[CAR],okay.,,,35.0
946821,4764,[CHI],why you going?,-1.0,present_progressive,35.0
946831,4764,[CAR],I hafta get some cranberries.,,,35.0
946839,4764,[CAR],what are you doing Abe?,,,35.0
946846,4764,[CHI],I'm hammering this.,1.0,,35.0
946853,4764,[CAR],oh.,,,35.0
946858,4764,[CHI],I'm hammering this too.,1.0,,35.0
946867,4764,[CHI],why you dressed like that?,-1.0,auxiliary,35.0
946874,4764,[CHI],you wear a jacket.,-1.0,present_progressive,35.0
946881,4764,[CAR],what?,,,35.0
946888,4764,[CHI],you wear a jacket that don't had a hood on it.,-1.0,present_progressive,35.0
946897,4764,[CHI],I wanna wear a jacket like that.,1.0,,35.0
946906,4764,[CAR],are you going to come with me or stay home?,,,35.0
946915,4764,[CHI],after this I will after these a_lot_of things.,1.0,,35.0
946925,4764,[CAR],no I hafta go now.,,,35.0
946934,4764,[CHI],because I wanna get home in time to watch Charlie_Brown.,1.0,,35.0
946944,4764,[CAR],don't you wanna go now Abe so_that you'll be home in time to watch Charlie_Brown?,,,35.0
946955,4764,[CHI],pretty soon I will.,1.0,,35.0
946966,4764,[CAR],well I'm going.,,,35.0
946976,4764,[CHI],I'm gonna hold on to you.,1.0,,35.0
946986,4764,[CAR],how am I going to go if you're hanging on to me without your jacket?,,,35.0
946996,4764,[CAR],huh?,,,35.0
947003,4764,[CHI],I wanna hang on to you just a second.,-1.0,preposition,35.0
947020,4764,[CAR],no I wanna be home to watch Charlie_Brown.,,,35.0
947029,4764,[CHI],where's my book I got?,-1.0,determiner,35.0
947041,4764,[CAR],your new one?,,,35.0
947053,4764,[CHI],yeah my new one where is it?,1.0,,35.0
947064,4764,[CAR],I don't know.,,,35.0
947078,4764,[CAR],where'd you put it?,,,35.0
947088,4764,[CHI],I don't know.,1.0,,35.0
947093,4764,[CAR],Abe.,,,35.0
947100,4764,[CHI],huh?,,,35.0
947110,4764,[CAR],are you coming with me or not?,,,35.0
947117,4764,[CHI],I will pretty soon.,1.0,,35.0
947129,4764,[CAR],well I'm leaving now.,,,35.0
947139,4764,[CHI],how long you get home?,-1.0,preposition,35.0
947150,4764,[CAR],about twenty minutes.,,,35.0
947163,4764,[CHI],don't get a_lot_of stuff.,1.0,,35.0
947173,4764,[CAR],I'm not.,,,35.0
947184,4764,[CAR],I'm gonna get honey and cranberries.,,,35.0
947193,4764,[CHI],that all?,0.0,,35.0
947204,4764,[CAR],yeah.,,,35.0
947213,4764,[CHI],I wanna go.,1.0,,35.0
947223,4764,[CHI],why you not wearing a hood with jacket?,-1.0,auxiliary,35.0
947234,4764,[CHI],why you not wearing a jacket with a hood on it?,-1.0,auxiliary,35.0
947248,4764,[CAR],you can take your hood off if you want.,,,35.0
947258,4764,[CHI],will you carry me?,1.0,,35.0
947267,4764,[CAR],I can't carry you.,,,35.0
947276,4764,[CAR],you're a big boy.,,,35.0
947287,4764,[CHI],I'm too heavy?,1.0,,35.0
947300,4764,[CAR],you sure are.,,,35.0
947311,4764,[CHI],pretty soon I can carry you.,1.0,,35.0
947323,4764,[CAR],when you get bigger you can carry me all you want.,,,35.0
947335,4764,[CAR],I'd really enjoy that for a change.,,,35.0
947346,4764,[CHI],you make my clothes bigger when I grow up?,-1.0,auxiliary,35.0
947360,4764,[CAR],yeah I'll hafta.,,,35.0
947371,4764,[CAR],let's go goodbye Dad.,,,35.0
947381,4764,[CAR],bye.,,,35.0
947393,4764,[CHI],bye.,,,35.0
947403,4764,[CHI],you do this.,1.0,,35.0
947415,4764,[CHI],you get the stem off of this one.,1.0,,35.0
947422,4764,[CHI],sure here you go.,1.0,,35.0
947435,4764,[CHI],um that sounds like a good apple.,1.0,,35.0
947445,4764,[CHI],tell Daddy about the sparkles.,1.0,,35.0
947456,4764,[CHI],huh?,,,35.0
947467,4764,[CAR],tell Daddy about the sparkles we saw at the store.,,,35.0
947476,4764,[CHI],I didn't know about that.,1.0,,35.0
947485,4764,[CAR],you don't?,,,35.0
947495,4764,[CHI],huhuh.,,,35.0
947507,4764,[CAR],would you like some walnuts?,,,35.0
947519,4764,[CHI],yeah this is a big one.,1.0,,35.0
947529,4764,[CHI],these are both big.,1.0,,35.0
947537,4764,[CHI],is Charlie Brown on now when we got home?,-1.0,tense_aspect,35.0
947549,4764,[CAR],pretty soon.,,,35.0
947560,4764,[CAR],we got our shopping done so fast we have a little time to spare.,,,35.0
947571,4764,[CHI],Daddy you want your apple?,1.0,,35.0
947581,4764,[CAR],not right now thank_you.,,,35.0
947594,4764,[CHI],hey Daddy this got a bite in it.,1.0,,35.0
947607,4764,[CAR],I did that.,,,35.0
947619,4764,[CAR],I wanted to see how it tasted.,,,35.0
947631,4764,[CHI],huh?,,,35.0
947649,4764,[CAR],I did it.,,,35.0
947660,4764,[CHI],why?,,,35.0
947673,4764,[CAR],I wanted a taste.,,,35.0
947688,4764,[CHI],why you did that?,-1.0,auxiliary,35.0
947698,4764,[CAR],because I wanted to find out what the apple tasted like.,,,35.0
947705,4764,[CHI],I needta go tee_tee.,0.0,,35.0
947716,4764,[CHI],I need somebody watch me.,-1.0,preposition,35.0
947728,4764,[CHI],I need somebody to come with me.,1.0,,35.0
947740,4764,[CAR],how come?,,,35.0
947751,4764,[CHI],because.,,,35.0
947761,4764,[CAR],why?,,,35.0
947773,4764,[CHI],because.,,,35.0
947785,4764,[CAR],how do you feel when someone watches you?,,,35.0
947799,4764,[CHI],I don't know.,1.0,,35.0
947816,4764,[CHI],I think I feel any not any good.,1.0,,35.0
947826,4764,[CAR],you don't feel good?,,,35.0
947840,4764,[CHI],hunhunh.,,,35.0
947848,4764,[CAR],do you feel safe?,,,35.0
947860,4764,[CHI],no.,,,35.0
947874,4764,[CAR],do you feel secure?,,,35.0
947887,4764,[CHI],I feel safe when someone's watching you watching me.,1.0,,35.0
947899,4764,[CAR],oh who watched you today when you woke up from your nap?,,,35.0
947911,4764,[CHI],I don't know who did it?,1.0,,35.0
947918,4764,[CAR],Greggy.,,,35.0
947929,4764,[CHI],yeah Greggy did.,1.0,,35.0
947939,4764,[CHI],what Greggy did to me?,-1.0,auxiliary,35.0
947950,4764,[CAR],he watched you poo_poo remember?,,,35.0
947965,4764,[CAR],you asked him.,,,35.0
947974,4764,[CAR],and what did he say?,,,35.0
947985,4764,[CHI],he didn't say anything.,1.0,,35.0
948001,4764,[CAR],he didn't?,,,35.0
948010,4764,[CHI],hunhunh know what he did?,0.0,,35.0
948020,4764,[CAR],what?,,,35.0
948031,4764,[CHI],I don't know.,1.0,,35.0
948042,4764,[CHI],that was silly question.,-1.0,determiner,35.0
948054,4764,[CHI],you didn't know what he did.,1.0,,35.0
948067,4764,[CAR],hey!,,,35.0
948078,4764,[CAR],don't throw your walnuts on the floor.,,,35.0
948089,4764,[CAR],they're expensive.,,,35.0
948101,4764,[CHI],what kind this is?,-1.0,auxiliary,35.0
948110,4764,[CAR],it's a walnut too.,,,35.0
948125,4764,[CAR],it's just really fat.,,,35.0
948140,4764,[CHI],owie!,,,35.0
948149,4764,[CAR],what happened?,,,35.0
948157,4764,[CHI],I eat this one.,-1.0,tense_aspect,35.0
948165,4764,[CAR],you bit your cheek?,,,35.0
948180,4764,[CHI],uhhuh.,,,35.0
948189,4764,[CAR],are you hungry?,,,35.0
948200,4764,[CHI],yeah can we have one of our cookies?,1.0,,35.0
948211,4764,[CAR],after you eat your apple.,,,35.0
948219,4764,[CHI],we eat the white thing?,1.0,,35.0
948228,4764,[CAR],uhhuh that's the fruit.,,,35.0
948239,4764,[CHI],eat this part.,1.0,,35.0
948254,4764,[CAR],uhhuh.,,,35.0
948266,4764,[CHI],eat this part now.,1.0,,35.0
948277,4764,[CAR],you eat it.,,,35.0
948286,4764,[CHI],I don't want it.,1.0,,35.0
948299,4764,[CAR],that's the best part.,,,35.0
948306,4764,[CAR],it's crisp.,,,35.0
948320,4764,[CHI],what's crisp?,1.0,,35.0
948335,4764,[CAR],listen to this.,,,35.0
948342,4764,[CHI],that's crisp can you get up?,1.0,,35.0
948355,4764,[CHI],can you get up?,1.0,,35.0
948367,4764,[CAR],no you're too heavy.,,,35.0
948377,4764,[CAR],you're as big as a whale.,,,35.0
948386,4764,[CHI],uhuh.,,,35.0
948397,4764,[CAR],as a elephant?,,,35.0
948412,4764,[CHI],uhuh.,,,35.0
948422,4764,[CAR],as a dog?,,,35.0
948435,4764,[CHI],uhuh.,,,35.0
948448,4764,[CAR],do you like that apple Abe?,,,35.0
948462,4764,[CHI],you eat your one.,-1.0,other,35.0
948476,4764,[CAR],I will later.,,,35.0
948489,4764,[CHI],I eat the white part when I'm through eating this.,-1.0,tense_aspect,35.0
948502,4764,[CAR],good the fruit is really good.,,,35.0
948517,4764,[CAR],turn the tv on.,,,35.0
948528,4764,[CAR],it's time for Charlie_Brown and Snoopy.,,,35.0
948537,4764,[CHI],I will turn it on.,1.0,,35.0
948546,4764,[CHI],I wanna see Snoopy.,1.0,,35.0
948554,4764,[CHI],remember in my book?,0.0,,35.0
948565,4764,[CHI],he had soup.,1.0,,35.0
948578,4764,[CAR],was he eating soup?,,,35.0
948593,4764,[CHI],yeah he put his nose in.,1.0,,35.0
948606,4764,[CAR],that was pretty silly wasn't it?,,,35.0
948618,4764,[CHI],uhhuh why why Charlie Brown come get him?,-1.0,auxiliary,35.0
948632,4764,[CAR],because Peppermint_Patty got tired of Snoopy.,,,35.0
948644,4764,[CAR],he made her do too much work.,,,35.0
948652,4764,[CHI],did he bite Charlie_Brown?,1.0,,35.0
948667,4764,[CAR],no Charlie Brown put a leash on him.,,,35.0
948682,4764,[CAR],but Snoopy didn't like that.,,,35.0
948692,4764,[CAR],so he took the leash off and ran back to Peppermint_Patty's house.,,,35.0
948704,4764,[CHI],why how you get leashes off?,-1.0,"auxiliary, determiner",35.0
948717,4764,[CAR],you unbuckle it.,,,35.0
948730,4764,[CAR],it's just like a belt.,,,35.0
948744,4764,[CHI],remember Greg at school?,0.0,,35.0
948760,4764,[CAR],yeah what did he do?,,,35.0
948775,4764,[CHI],I don't know.,1.0,,35.0
948794,4764,[CHI],he didn't do anything.,1.0,,35.0
948804,4764,[CAR],Abe look on the tv.,,,35.0
948817,4764,[CAR],what's that?,,,35.0
948826,4764,[CHI],I don't know.,1.0,,35.0
948840,4764,[CHI],what that is it's a turtle.,1.0,,35.0
948855,4764,[CAR],right.,,,35.0
948868,4764,[CAR],is that guy a horse?,,,35.0
948881,4764,[CHI],huh?,,,35.0
948894,4764,[CAR],do you think that that guy's a horse?,,,35.0
948910,4764,[CAR],that's what the announcer said.,,,35.0
948926,4764,[CHI],he didn't said.,-1.0,tense_aspect,35.0
948938,4764,[CHI],you're a horse.,1.0,,35.0
948951,4764,[CHI],he said.,1.0,,35.0
948965,4764,[CHI],you're like a horse.,1.0,,35.0
948979,4764,[CHI],right Mom?,1.0,,35.0
948992,4764,[CAR],right.,,,35.0
949007,4764,[CAR],Jesus_Christ.,,,35.0
949022,4764,[CHI],Charlie_Brown's on.,1.0,,35.0
949035,4764,[CAR],yeah are you glad that you get to watch Charlie_Brown?,,,35.0
949052,4764,[CHI],yeah how long I go at sleep?,-1.0,preposition,35.0
949062,4764,[CAR],not now.,,,35.0
949079,4764,[CAR],you can watch this.,,,35.0
949087,4764,[CAR],and when it's over you can go to sleep.,,,35.0
949103,4764,[CHI],not when a commercial comes on.,1.0,,35.0
949111,4764,[CAR],no you can stay up until this show's over okay?,,,35.0
949124,4764,[CHI],okay.,,,35.0
989132,4916,[CAR],what do you want for breakfast?,,,59.0
989142,4916,[CHI],jello and something else.,1.0,,59.0
989160,4916,[CAR],do you want one of these toasted?,,,59.0
989171,4916,[CHI],I wanna see what you have Mom Mommy.,1.0,,59.0
989180,4916,[CAR],uhhuh.,,,59.0
989189,4916,[CHI],I want a little bowl of grapenuts.,1.0,,59.0
989199,4916,[CAR],a little bowl of grapenuts and jello?,,,59.0
989209,4916,[CHI],uhhuh but put a_lot_of honey in.,1.0,,59.0
989211,4916,[CAR],okay do you want hot chocolate?,,,59.0
989220,4916,[CHI],no I want milk.,1.0,,59.0
989229,4916,[CHI],I hafta go poop.,1.0,,59.0
989238,4916,[CAR],okay.,,,59.0
989246,4916,[CHI],who's using the toilet?,1.0,,59.0
989255,4916,[CAR],nobody.,,,59.0
989262,4916,[CHI],who left the light on?,1.0,,59.0
989271,4916,[CAR],I did.,,,59.0
989278,4916,[CHI],I forgot to go tee_tee.,0.0,,59.0
989285,4916,[CHI],Mommy let's see how little the bowls are.,1.0,,59.0
989293,4916,[CHI],hey they're both the same.,1.0,,59.0
989300,4916,[CAR],we needta get milk today.,,,59.0
989309,4916,[CHI],where?,,,59.0
989316,4916,[CHI],hey we're running out_of everything.,1.0,,59.0
989325,4916,[CHI],we're running out_of everything now.,1.0,,59.0
989331,4916,[CAR],what are we running out_of?,,,59.0
989339,4916,[CHI],we're running out_of something that was here.,1.0,,59.0
989349,4916,[CHI],something that could be here.,1.0,,59.0
989355,4916,[CHI],and something that could be here.,1.0,,59.0
989361,4916,[CHI],and something that could be here too.,1.0,,59.0
989367,4916,[CAR],do you think we should keep all the shelves full all of the time?,,,59.0
989375,4916,[CHI],yeah because if we have a_lot_of food all the time.,-1.0,tense_aspect,59.0
989388,4916,[CHI],then we could have then we could have a_lot_of food.,1.0,,59.0
989396,4916,[CAR],we have more bad new Abe.,,,59.0
989404,4916,[CHI],what?,,,59.0
989412,4916,[CAR],Steve and Marsha called and they aren't going to be able to come up here.,,,59.0
989423,4916,[CHI],why didn't we call them?,1.0,,59.0
989431,4916,[CAR],it was really strange.,,,59.0
989436,4916,[CAR],I tried to call them.,,,59.0
989442,4916,[CAR],but their line was busy.,,,59.0
989450,4916,[CAR],so I hung up the phone.,,,59.0
989457,4916,[CAR],and guess what happened?,,,59.0
989465,4916,[CHI],what?,,,59.0
989477,4916,[CAR],they called us.,,,59.0
989486,4916,[CAR],I called them while they were trying to call us.,,,59.0
989495,4916,[CAR],isn't that strange?,,,59.0
989503,4916,[CHI],yeah hey Mommy.,1.0,,59.0
989511,4916,[CAR],what?,,,59.0
989517,4916,[CHI],why don't we go to the grocery store and just look for things that are cheap?,1.0,,59.0
989531,4916,[CAR],for what?,,,59.0
989540,4916,[CHI],for cereal.,1.0,,59.0
989548,4916,[CAR],what kind of cereal?,,,59.0
989557,4916,[CHI],you know Alphabits.,1.0,,59.0
989564,4916,[CAR],if they're on sale we'll get them.,,,59.0
989571,4916,[CHI],I can't make them.,1.0,,59.0
989580,4916,[CHI],so we'll hafta buy them.,1.0,,59.0
989590,4916,[CAR],maybe Santa'll put some in your stocking.,,,59.0
989601,4916,[CAR],sometimes he leaves stuff like that.,,,59.0
989612,4916,[CHI],yeah like candy.,1.0,,59.0
989622,4916,[CHI],how will he know what I want all the way up there?,1.0,,59.0
989630,4916,[CAR],you'll hafta write a letter and tell him to bring our gifts here instead of to Texas.,,,59.0
989643,4916,[CHI],uhuh we're probably going to rent a cabin for some days.,1.0,,59.0
989653,4916,[CAR],yeah but not on Christmas day.,,,59.0
989663,4916,[CAR],we'll be here then.,,,59.0
989670,4916,[CHI],well what are the cabins going to be for?,1.0,,59.0
989680,4916,[CHI],who's going to give us gifts.,1.0,,59.0
989688,4916,[CAR],all of our friends in Texas.,,,59.0
989697,4916,[CHI],how?,,,59.0
989708,4916,[CHI],they can't mail them.,1.0,,59.0
989718,4916,[CAR],why do you think they can't mail them?,,,59.0
989725,4916,[CHI],because then we wouldn't get them on Christmas_Eve.,1.0,,59.0
989734,4916,[CAR],I think we'd get them before.,,,59.0
989742,4916,[CAR],then we're going to mail our gifts to Texas.,,,59.0
989753,4916,[CHI],uhhuh but we would get our Christmas gifts before Christmas_Eve.,1.0,,59.0
989768,4916,[CHI],so we would think we could unwrap them before Christmas.,1.0,,59.0
989778,4916,[CAR],no way.,,,59.0
989786,4916,[CHI],I hafta go poop.,1.0,,59.0
989796,4916,[CAR],do you have diarrhea?,,,59.0
989805,4916,[CHI],no I went tee_tee.,0.0,,59.0
989815,4916,[CHI],and then I hafta go poop.,1.0,,59.0
989826,4916,[CHI],Mommy do you really like those?,1.0,,59.0
989839,4916,[CAR],I really do.,,,59.0
989847,4916,[CAR],those were good Thanksgiving pictures.,,,59.0
989856,4916,[CHI],how much people do you think liked them?,-1.0,other,59.0
989867,4916,[CAR],Jean liked them.,,,59.0
989877,4916,[CAR],and Lyle liked them.,,,59.0
989889,4916,[CAR],and I know Daddy liked them.,,,59.0
989899,4916,[CAR],where are you going?,,,59.0
989909,4916,[CHI],I hafta go poop.,1.0,,59.0
989921,4916,[CHI],you can't go down there unless you get your bluejeans on.,1.0,,59.0
989931,4916,[CAR],I can go down right now.,,,59.0
989940,4916,[CHI],you don't got no bluejeans on.,-1.0,determiner,59.0
989949,4916,[CAR],I know.,,,59.0
989960,4916,[CAR],I'm just going down for a second.,,,59.0
989969,4916,[CAR],we both hafta go to the dentist in January.,,,59.0
989983,4916,[CHI],you got to go in January.,1.0,,59.0
989988,4916,[CHI],January is when the baby's getting born.,1.0,,59.0
989998,4916,[CAR],in February.,,,59.0
990009,4916,[CHI],oh yeah Mom I didn't know farmers would let robins sit in barns.,1.0,,59.0
990018,4916,[CAR],some do.,,,59.0
990026,4916,[CHI],huh?,,,59.0
990036,4916,[CAR],some do.,,,59.0
990047,4916,[CHI],of_course like Joe he useta run a farm a neat farm too.,1.0,,59.0
990058,4916,[CAR],yeah.,,,59.0
990064,4916,[CHI],I thought it was neat farm.,-1.0,determiner,59.0
990073,4916,[CAR],it looks like some birds have eaten some of the bread.,,,59.0
990083,4916,[CHI],I wanna see.,1.0,,59.0
990089,4916,[CHI],could I see?,1.0,,59.0
990098,4916,[CAR],sure go look.,,,59.0
990116,4916,[CHI],you mean some of the birds had a Thanksgiving.,-1.0,determiner,59.0
990125,4916,[CAR],huh?,,,59.0
990134,4916,[CHI],one bird had a Thanksgiving when he ate our breads.,-1.0,plural,59.0
990149,4916,[CAR],uhhuh see that number fifteen Abe?,,,59.0
990159,4916,[CAR],with the yellow circle around it?,,,59.0
990171,4916,[CHI],I can't see a yellow circle.,1.0,,59.0
990182,4916,[CAR],I mean a yellow square.,,,59.0
990192,4916,[CHI],uhhuh.,,,59.0
990201,4916,[CAR],guess whose birthday that is.,,,59.0
990213,4916,[CHI],mine.,,,59.0
990224,4916,[CHI],how many more days?,1.0,,59.0
990233,4916,[CAR],seventeen.,,,59.0
990238,4916,[CHI],oh.,,,59.0
990248,4916,[CAR],what would you do if I stole all your gifts?,,,59.0
990259,4916,[CHI],I'd punch you.,1.0,,59.0
990269,4916,[CAR],I better not do it then.,,,59.0
990282,4916,[CHI],hey Mommy hey Daddy what did they say about Karen?,1.0,,59.0
990295,4916,[CAR],she can't come.,,,59.0
990306,4916,[CAR],know why?,,,59.0
990316,4916,[CHI],it costs too much.,1.0,,59.0
990324,4916,[CAR],uhhuh.,,,59.0
990329,4916,[CHI],why didn't they pay for Karen and then Karen only goes?,-1.0,tense_aspect,59.0
990338,4916,[CAR],well I suggested that.,,,59.0
990347,4916,[CAR],but it still costs too much.,,,59.0
990354,4916,[CHI],hey!,,,59.0
990361,4916,[CHI],there's thread in my cereal.,1.0,,59.0
990374,4916,[CHI],I'll show you a piece of thread.,1.0,,59.0
990384,4916,[CAR],Grandma said.,,,59.0
990390,4916,[CAR],I spent all my money on as gifts.,,,59.0
990398,4916,[CAR],and I don't have any left to let Karen fly up.,,,59.0
990410,4916,[CHI],is that true?,1.0,,59.0
990421,4916,[CAR],yeah.,,,59.0
990432,4916,[CHI],hey Mommy.,1.0,,59.0
990439,4916,[CAR],yeah.,,,59.0
990448,4916,[CHI],we can put this up after we're done eating.,1.0,,59.0
990457,4916,[CAR],uhhuh which do you think Mike would like?,,,59.0
990467,4916,[CAR],a cowboy jacket or a zebra robe?,,,59.0
990478,4916,[CHI],probably one of those zebra robes and a cowboy jacket.,1.0,,59.0
990489,4916,[CAR],no it hasta one or the other.,,,59.0
990502,4916,[CHI],how about a cowboy jacket like the one I have?,1.0,,59.0
990512,4916,[CAR],do you think he'd like it?,,,59.0
990526,4916,[CHI],except with a different kind of material.,1.0,,59.0
990542,4916,[CHI],because he likes softest material.,-1.0,"determiner, other",59.0
990550,4916,[CAR],oh Abe.,,,59.0
990556,4916,[CHI],I can't talk with my mouth full.,1.0,,59.0
990567,4916,[CHI],I can't talk now.,1.0,,59.0
990576,4916,[CHI],I forgot.,1.0,,59.0
990586,4916,[CHI],I can't laugh with my mouth full.,1.0,,59.0
990596,4916,[CHI],I can't drink with my mouth full.,1.0,,59.0
990606,4916,[CHI],and I can't eat with my mouth full.,1.0,,59.0
990615,4916,[CAR],oh.,,,59.0
990621,4916,[CHI],Mom how do you think Santa could sneak into our house?,1.0,,59.0
990642,4916,[CAR],he has magical powers.,,,59.0
990649,4916,[CHI],no he doesn't.,1.0,,59.0
990652,4916,[CHI],he has real sneak shoes or slippers.,1.0,,59.0
990666,4916,[CHI],real quiet shoes.,1.0,,59.0
990675,4916,[CAR],I think I'll stay up real late this year and see if I can see Santa when he comes to our house.,,,59.0
990691,4916,[CHI],Santa gots real magical powers if you look up he'll be up down.,-1.0,tense_aspect,59.0
990696,4916,[CHI],if you look down he'll be up.,1.0,,59.0
990705,4916,[CHI],so you better not stay up.,1.0,,59.0
990720,4916,[CHI],because if he sees you he'll give you a spanking.,1.0,,59.0
990731,4916,[CAR],if he sees me he won't leave any presents for anybody.,,,59.0
990740,4916,[CAR],that'd be okay.,,,59.0
990749,4916,[CHI],no he wouldn't.,1.0,,59.0
990760,4916,[CHI],he would just leave not presents for you.,-1.0,determiner,59.0
990771,4916,[CAR],oh should we leave him a carrot to eat?,,,59.0
990785,4916,[CHI],I don't know.,1.0,,59.0
990794,4916,[CHI],but when is it gonna be Easter?,1.0,,59.0
990806,4916,[CAR],I hope he doesn't bring the reindeer in the house.,,,59.0
990817,4916,[CAR],they'd make a real mess.,,,59.0
990828,4916,[CHI],or leave footprints.,1.0,,59.0
990838,4916,[CHI],or go tee_tee on the floor.,0.0,,59.0
990848,4916,[CHI],Mom where did you see the Christmas decorations?,1.0,,59.0
990860,4916,[CAR],in Dayton's.,,,59.0
990868,4916,[CHI],how much do they cost?,1.0,,59.0
990872,4916,[CAR],I can't remember.,,,59.0
990882,4916,[CAR],they also had some beautiful wreaths that we can make.,,,59.0
990902,4916,[CHI],how would how could we make them?,1.0,,59.0
990912,4916,[CAR],it's a kit.,,,59.0
990924,4916,[CHI],did they give you the thread and needle?,1.0,,59.0
990934,4916,[CHI],and did they give the package of the shapes?,1.0,,59.0
990946,4916,[CAR],uhhuh.,,,59.0
990958,4916,[CHI],so you could sew them?,0.0,,59.0
990973,4916,[CAR],uhhuh.,,,59.0
990983,4916,[CHI],remember that Christmas wrapper that we useta have or have?,1.0,,59.0
990995,4916,[CHI],we could use that to wrap our presents.,1.0,,59.0
991009,4916,[CAR],good idea.,,,59.0
991021,4916,[CHI],we could buy some ribbon or wrap it with string.,1.0,,59.0
991028,4916,[CHI],and we could also make bows.,1.0,,59.0
991037,4916,[CAR],there's a bug!,,,59.0
991044,4916,[CAR],climbing up the wall by Abe's pictures.,,,59.0
991054,4916,[CHI],which picture was it gonna go under?,1.0,,59.0
939305,4741,[CHI],Mommy make some tacos please.,1.0,,33.0
939310,4741,[CAR],will you help me make them?,,,33.0
939322,4741,[CHI],uhhuh.,,,33.0
939333,4741,[CAR],okay.,,,33.0
939343,4741,[CAR],look at the caterpillars.,,,33.0
939356,4741,[CAR],they really like those leaves.,,,33.0
939367,4741,[CAR],uhhuh see all that poop on the bottom?,,,33.0
939376,4741,[CAR],they must be eating something.,,,33.0
939387,4741,[CHI],Mom they pooping?,-1.0,auxiliary,33.0
939397,4741,[CAR],uhhuh.,,,33.0
939407,4741,[CHI],what they are pooping Mom?,-1.0,auxiliary,33.0
939421,4741,[CAR],those caterpillars eat those sunflower leaves.,,,33.0
939432,4741,[CAR],and then they poop are they?,,,33.0
939443,4741,[CHI],uhhuh.,,,33.0
939455,4741,[CAR],I guess they are.,,,33.0
939465,4741,[CHI],Daddy you put my new shoes on?,-1.0,auxiliary,33.0
939479,4741,[CAR],you wanna put your shoes on?,,,33.0
939492,4741,[CHI],uhhuh Daddy you put them on.,1.0,,33.0
939502,4741,[CAR],okay I'll put them on.,,,33.0
939515,4741,[CHI],Daddy.,,,33.0
939526,4741,[CAR],uhhuh.,,,33.0
939537,4741,[CHI],you got bigger shoes and I got bigger shoes also.,1.0,,33.0
939550,4741,[CAR],uhhuh we both have bigger shoes.,,,33.0
939560,4741,[CAR],what about mine?,,,33.0
939569,4741,[CHI],you have bigger shoes also like mine right there.,1.0,,33.0
939578,4741,[CAR],uhhuh do you know what they're called?,,,33.0
939589,4741,[CHI],uhhuh.,,,33.0
939595,4741,[CAR],waffle stompers.,,,33.0
939606,4741,[CHI],oh.,,,33.0
939621,4741,[CAR],was the man nice at the store where you bought your shoes?,,,33.0
939636,4741,[CHI],uhhuh.,,,33.0
939647,4741,[CAR],remember when he touched your feet?,,,33.0
939657,4741,[CHI],huh?,,,33.0
939663,4741,[CAR],remember when the man touched your toes?,,,33.0
939677,4741,[CHI],hunhunh.,,,33.0
939688,4741,[CAR],don't you remember when he felt your toes to make sure that your shoes were the right size?,,,33.0
939706,4741,[CHI],hunhunh.,,,33.0
939716,4741,[CAR],why did you get these shoes Abe?,,,33.0
939727,4741,[CHI],because I want those brown shoes.,-1.0,tense_aspect,33.0
939739,4741,[CAR],oh you know what?,,,33.0
939749,4741,[CHI],uhhuh Daddy?,1.0,,33.0
939760,4741,[CAR],we hafta be careful with these shoes don't we?,,,33.0
939774,4741,[CHI],uhhuh.,,,33.0
939785,4741,[CAR],what were you going to say?,,,33.0
939793,4741,[CAR],go ahead and tell me.,,,33.0
939803,4741,[CHI],I said uhhuh.,1.0,,33.0
939814,4741,[CAR],oh.,,,33.0
939821,4741,[CHI],I wanna taste of flour Daddy.,0.0,,33.0
939837,4741,[CHI],this is a right leg.,1.0,,33.0
939851,4741,[CHI],and this is a foot leg.,1.0,,33.0
939864,4741,[CAR],this is a right leg?,,,33.0
939876,4741,[CHI],uhhuh that's a right leg.,1.0,,33.0
939887,4741,[CAR],this is a right leg?,,,33.0
939897,4741,[CHI],uhhuh.,,,33.0
939907,4741,[CAR],one's right and one's left?,,,33.0
939912,4741,[CHI],uhhuh Mom I have a piece okay?,-1.0,auxiliary,33.0
939922,4741,[CHI],Mom I have a piece okay?,-1.0,auxiliary,33.0
939934,4741,[CAR],I'm going to run out in the garden and get some onions and tomatoes.,,,33.0
939944,4741,[CHI],I'm gonna go out there with you.,1.0,,33.0
939956,4741,[CAR],you are?,,,33.0
939965,4741,[CHI],uhhuh.,,,33.0
939975,4741,[CAR],you're going out to help Mom huh?,,,33.0
939987,4741,[CHI],uhhuh I don't wanna stay with you.,1.0,,33.0
939999,4741,[CAR],you don't wanna stay with me?,,,33.0
940010,4741,[CHI],uhuh.,,,33.0
940020,4741,[CAR],on man.,,,33.0
940026,4741,[CAR],did Abe pick an onion?,,,33.0
940037,4741,[CHI],uhhuh.,,,33.0
940042,4741,[CAR],let me see.,,,33.0
940054,4741,[CHI],you hafta cut this.,1.0,,33.0
940066,4741,[CAR],I hafta cut it?,,,33.0
940079,4741,[CHI],uhhuh.,,,33.0
940091,4741,[CAR],you know what else I hafta cut?,,,33.0
940101,4741,[CHI],uhhuh.,,,33.0
940112,4741,[CAR],tomatoes.,,,33.0
940124,4741,[CHI],uhhuh.,,,33.0
940129,4741,[CAR],cheese.,,,33.0
940143,4741,[CHI],uhhuh.,,,33.0
940154,4741,[CAR],and lettuce.,,,33.0
940166,4741,[CHI],uhhuh and that.,1.0,,33.0
940178,4741,[CAR],uhhuh I hafta cut that onion too.,,,33.0
940187,4741,[CHI],Mom they still eating?,0.0,,33.0
940205,4741,[CHI],Mom they still eating?,0.0,,33.0
940218,4741,[CHI],Mommy they still eating these?,0.0,,33.0
940227,4741,[CAR],what?,,,33.0
940235,4741,[CHI],Mommy they still eating those?,0.0,,33.0
940250,4741,[CAR],the onion?,,,33.0
940264,4741,[CHI],uhhuh I mean those those things.,1.0,,33.0
940281,4741,[CAR],oh yeah the caterpillars are still eating sunflower leaves.,,,33.0
940297,4741,[CAR],we'll go out and pick them some more later okay?,,,33.0
940310,4741,[CHI],okay.,,,33.0
940323,4741,[CAR],Abe picked a huge tomato too.,,,33.0
940330,4741,[CAR],good.,,,33.0
940350,4741,[CAR],we're going to use that in the tacos if it's okay with you.,,,33.0
940365,4741,[CAR],is it okay?,,,33.0
940381,4741,[CHI],uhhuh it's okay with me.,1.0,,33.0
940397,4741,[CAR],these are such tiny little onions.,,,33.0
940415,4741,[CHI],that mine?,0.0,,33.0
940427,4741,[CAR],uhhuh no Daddy has yours.,,,33.0
940438,4741,[CHI],oh that yours?,0.0,,33.0
940451,4741,[CHI],that yours?,0.0,,33.0
940466,4741,[CAR],this is for the taco meat.,,,33.0
940480,4741,[CHI],why you making tacos?,0.0,,33.0
940492,4741,[CAR],I thought you'd like them.,,,33.0
940504,4741,[CHI],I like tacos tacos tacos tacos!,1.0,,33.0
940523,4741,[CAR],who told you that?,,,33.0
940540,4741,[CHI],my Daddy told it.,-1.0,object,33.0
940548,4741,[CAR],he did?,,,33.0
940560,4741,[CHI],uhhuh Mom how that comed off?,-1.0,"auxiliary, tense_aspect",33.0
940574,4741,[CAR],hm?,,,33.0
940586,4741,[CHI],how that comed off?,-1.0,"auxiliary, tense_aspect",33.0
940600,4741,[CAR],it came off and I put it in there.,,,33.0
940616,4741,[CHI],you put it all in there?,1.0,,33.0
940631,4741,[CHI],you put it all in there?,1.0,,33.0
940644,4741,[CAR],all the popper.,,,33.0
940657,4741,[CHI],what's that Mommy?,1.0,,33.0
940668,4741,[CHI],what's that Mommy?,1.0,,33.0
940680,4741,[CAR],chili powder.,,,33.0
940690,4741,[CAR],and I put way too much in there.,,,33.0
940705,4741,[CHI],how'd you put some a_lot_of money in there Mom?,1.0,,33.0
940720,4741,[CAR],a_lot_of chili powder.,,,33.0
940731,4741,[CHI],Mom you put that in there.,1.0,,33.0
940742,4741,[CAR],a_lot_of salt.,,,33.0
940753,4741,[CHI],Mom that's not all.,1.0,,33.0
940764,4741,[CHI],Mom that's not all.,1.0,,33.0
940778,4741,[CHI],that's not all.,1.0,,33.0
940789,4741,[CHI],what's that Mom?,1.0,,33.0
940800,4741,[CHI],what's what's why that's meat for tacos?,-1.0,auxiliary,33.0
940814,4741,[CHI],Mom why that's meat for tacos?,-1.0,auxiliary,33.0
940828,4741,[CAR],that's to make our tacos Abe.,,,33.0
940839,4741,[CHI],uhhuh Mom I can't believe that.,1.0,,33.0
940851,4741,[CAR],you can't believe what?,,,33.0
940865,4741,[CHI],Mom Mom I saw a big big big eagle.,1.0,,33.0
940881,4741,[CAR],you saw a big eagle huh?,,,33.0
940894,4741,[CHI],uhhuh.,,,33.0
940900,4741,[CAR],while we were shopping right?,,,33.0
940916,4741,[CHI],uhhuh I still can't believe that.,1.0,,33.0
940926,4741,[CAR],did he say anything to you?,,,33.0
940939,4741,[CHI],uhuh I said no!,1.0,,33.0
940952,4741,[CAR],how come?,,,33.0
940964,4741,[CHI],I just said no!,1.0,,33.0
940973,4741,[CHI],I don't want a woodpecker peck on me.,-1.0,tense_aspect,33.0
940993,4741,[CAR],I don't either.,,,33.0
941005,4741,[CAR],what makes you think a woodpecker would peck on you?,,,33.0
941026,4741,[CHI],I get a hole in my hole in my mouth and my nose and my eyes and here and here and here and here and here and here and here and here and here and here.,1.0,,33.0
941067,4741,[CAR],you'd be a holey Abe wouldn't you?,,,33.0
941080,4741,[CHI],uhhuh and then I can't walk when them peck holes on me.,-1.0,verb,33.0
941092,4741,[CAR],not if you had all those holes in you could you?,,,33.0
941112,4741,[CHI],hunhunh and then I can't walk when them peck holes on me.,-1.0,verb,33.0
941129,4741,[CAR],you couldn't walk if you had that many holes?,,,33.0
941139,4741,[CHI],hunhunh.,,,33.0
941160,4741,[CAR],what would happen if you drank water?,,,33.0
941173,4741,[CHI],make all the holes feel good.,1.0,,33.0
941187,4741,[CAR],all the water would come out_of all those holes?,,,33.0
941202,4741,[CAR],like a water fountain?,,,33.0
941214,4741,[CHI],I I blowed that Mommy.,-1.0,tense_aspect,33.0
941226,4741,[CAR],the sugar?,,,33.0
941238,4741,[CAR],the baking powder?,,,33.0
941252,4741,[CHI],the the sugar I blowed the sugar Mom.,-1.0,tense_aspect,33.0
941264,4741,[CHI],why that's yellow Mom?,-1.0,auxiliary,33.0
941279,4741,[CAR],I don't know why this ended up yellow.,,,33.0
941291,4741,[CAR],what are you thinking Abe?,,,33.0
941302,4741,[CAR],will you like tacos made with yellow lard?,,,33.0
941315,4741,[CHI],I also like this goes around and makes these things flat.,1.0,,33.0
941331,4741,[CHI],Mom what's this letter?,1.0,,33.0
941343,4741,[CHI],a e what's two letters?,-1.0,determiner,33.0
941357,4741,[CHI],what's this?,1.0,,33.0
941369,4741,[CHI],what's?,,,33.0
941389,4741,[CHI],Mommy when you're through with?,-1.0,object,33.0
941396,4741,[CHI],don't beater it Mom!,0.0,,33.0
941414,4741,[CAR],I'm sort_of blending it in.,,,33.0
941445,4741,[CHI],you cut those.,1.0,,33.0
941457,4741,[CAR],I'm going to cut them.,,,33.0
941463,4741,[CHI],cut that onion too.,1.0,,33.0
941475,4741,[CAR],I already cut the onion.,,,33.0
941493,4741,[CHI],huh?,,,33.0
941501,4741,[CAR],I already cut the onion.,,,33.0
941511,4741,[CHI],huh?,,,33.0
941518,4741,[CHI],where the onion at?,-1.0,verb,33.0
941526,4741,[CAR],it's over there on the table all cut up.,,,33.0
941536,4741,[CHI],why that's cut all cut up?,-1.0,other,33.0
941553,4741,[CHI],Dad you should have cut up right there.,-1.0,object,33.0
941563,4741,[CHI],that's the onion I picked.,1.0,,33.0
941575,4741,[CAR],is that the onion you picked?,,,33.0
941586,4741,[CHI],uhhuh Mommy Mommy see Mommy see Mommy see.,1.0,,33.0
941595,4741,[CAR],yes indeed you've gotten into the flour haven't you?,,,33.0
941609,4741,[CHI],Mom Mommy see Mommy see.,1.0,,33.0
941622,4741,[CAR],I don't think that you should get into it any more.,,,33.0
941639,4741,[CHI],why you put some water in there Mom?,-1.0,auxiliary,33.0
941649,4741,[CHI],why you put some water in there Mom?,-1.0,auxiliary,33.0
941665,4741,[CAR],to help mix all of the ingredients together.,,,33.0
941679,4741,[CHI],when you through with that I have a lick of bowl that bowl?,-1.0,"verb, auxiliary, determiner",33.0
941691,4741,[CAR],you wanna lick the bowl?,,,33.0
941702,4741,[CHI],I lick one little piece okay?,-1.0,auxiliary,33.0
941714,4741,[CHI],Mom one big piece.,1.0,,33.0
941721,4741,[CAR],just a second.,,,33.0
941731,4741,[CHI],a bigger piece!,0.0,,33.0
941744,4741,[CHI],not this small piece!,1.0,,33.0
941753,4741,[CAR],here.,,,33.0
941766,4741,[CHI],thank_you.,1.0,,33.0
941779,4741,[CAR],you're welcome how many do you want Dad?,,,33.0
941786,4741,[CAR],how many can I have Abe?,,,33.0
941796,4741,[CHI],one two three four.,0.0,,33.0
941810,4741,[CAR],four.,,,33.0
941827,4741,[CAR],okay I'll have four.,,,33.0
941836,4741,[CHI],Mommy I have one little another lick please.,-1.0,auxiliary,33.0
941854,4741,[CAR],I thought you wanted tacos.,,,33.0
941865,4741,[CHI],huh?,,,33.0
941877,4741,[CAR],I thought you wanted to eat tacos.,,,33.0
941888,4741,[CHI],I have one.,0.0,,33.0
941898,4741,[CHI],I have one.,0.0,,33.0
941912,4741,[CHI],I have one two three four I have Mommy.,0.0,,33.0
941927,4741,[CAR],five tacos?,,,33.0
941939,4741,[CHI],uhhuh.,,,33.0
941954,4741,[CAR],I really don't think you'll eat that many.,,,33.0
941968,4741,[CHI],don't bug me fly.,1.0,,33.0
941977,4741,[CHI],shoo fly don't bother me.,1.0,,33.0
941988,4741,[CAR],shoo fly get out_of here.,,,33.0
942003,4741,[CHI],I catch you.,-1.0,auxiliary,33.0
942013,4741,[CHI],and I cook you.,-1.0,auxiliary,33.0
942024,4741,[CHI],shoo fly.,0.0,,33.0
942037,4741,[CHI],we don't wanna cook some fly.,1.0,,33.0
942048,4741,[CHI],uhhuh we don't wanna cook some fly.,1.0,,33.0
942063,4741,[CHI],not me either I will not fit in the pan.,-1.0,other,33.0
942073,4741,[CHI],I will not fit in the pan Mom.,1.0,,33.0
942085,4741,[CAR],that's right.,,,33.0
942099,4741,[CHI],I'm cutting this Mom.,1.0,,33.0
942114,4741,[CAR],and then what will happen after you cut it?,,,33.0
942128,4741,[CHI],then we don't wanna break it.,1.0,,33.0
942141,4741,[CHI],I don't wanna cook a fly Mom.,1.0,,33.0
942161,4741,[CAR],you don't wanna cook a fly?,,,33.0
942176,4741,[CHI],hunhunh I have one more little taste Mom?,-1.0,auxiliary,33.0
942190,4741,[CHI],I have one little taste?,-1.0,auxiliary,33.0
942206,4741,[CHI],I have a big taste Mom?,-1.0,auxiliary,33.0
942224,4741,[CHI],I have one more little big taste again Mom?,-1.0,auxiliary,33.0
942237,4741,[CAR],no I don't think so Abe.,,,33.0
942255,4741,[CAR],you're going to get full of dough and won't have any room for tacos.,,,33.0
942267,4741,[CHI],I don't wanna have tacos.,1.0,,33.0
942278,4741,[CAR],you don't?,,,33.0
942288,4741,[CHI],hunhunh I want pizza.,1.0,,33.0
942297,4741,[CAR],you do?,,,33.0
942306,4741,[CHI],uhhuh.,,,33.0
942318,4741,[CAR],you know what?,,,33.0
942330,4741,[CAR],maybe Mom would like to ride up to the store when we're done and get us a surprise.,,,33.0
942349,4741,[CHI],with you and me and Mom?,1.0,,33.0
942359,4741,[CAR],I don't know who.,,,33.0
942370,4741,[CAR],but I thought that we'd get somebody to go to the store and get some ice cream.,,,33.0
942387,4741,[CHI],oh what's this Mom?,1.0,,33.0
942401,4741,[CHI],what's this Mom?,1.0,,33.0
942414,4741,[CAR],little pieces of lettuce.,,,33.0
942427,4741,[CHI],oh little pieces of lettuce for tacos?,1.0,,33.0
942441,4741,[CAR],uhhuh.,,,33.0
942454,4741,[CAR],Abe guess what's on tv tonight?,,,33.0
942467,4741,[CHI],I don't know.,1.0,,33.0
942480,4741,[CAR],it's Saturday.,,,33.0
942501,4741,[CHI],Mickey_Mouse.,1.0,,33.0
942513,4741,[CAR],yeah at six thirty.,,,33.0
942524,4741,[CAR],one hour and fifteen minutes do you think that you can wait that long?,,,33.0
942537,4741,[CHI],uhhuh our tiny cheese Dad.,0.0,,33.0
942548,4741,[CHI],I got tiny cheese cut it up okay?,0.0,,33.0
942565,4741,[CAR],we'll use it later okay?,,,33.0
942577,4741,[CHI],now.,,,33.0
942588,4741,[CAR],we'll see.,,,33.0
942598,4741,[CAR],but I think this would work better big Abe.,,,33.0
942610,4741,[CHI],I'm bigger.,1.0,,33.0
942623,4741,[CAR],you're bigger?,,,33.0
942636,4741,[CHI],I'm gonna grow big and big and touch the wall.,1.0,,33.0
942646,4741,[CAR],you are?,,,33.0
942659,4741,[CHI],uhhuh put those in Mom.,1.0,,33.0
942667,4741,[CHI],Mom put those in Mom.,1.0,,33.0
942675,4741,[CHI],I'll eat it all Mommy.,1.0,,33.0
942683,4741,[CAR],you did?,,,33.0
942690,4741,[CHI],uhuh uhuh I eat a real tiny one like yours.,-1.0,auxiliary,33.0
942699,4741,[CAR],it didn't fill you up then did it?,,,33.0
942708,4741,[CHI],I tried to eat it all.,1.0,,33.0
942717,4741,[CAR],you did try?,,,33.0
942725,4741,[CHI],there's no more!,1.0,,33.0
942732,4741,[CAR],you ate all of that tiny one huh?,,,33.0
942743,4741,[CHI],uhhuh.,,,33.0
942750,4741,[CAR],what do you wanna drink?,,,33.0
942760,4741,[CAR],milk.,,,33.0
942769,4741,[CHI],I want some milk.,1.0,,33.0
942777,4741,[CAR],okay I think I can arrange that.,,,33.0
942786,4741,[CHI],Daddy what we watch Daddy.,-1.0,auxiliary,33.0
942794,4741,[CAR],what are we going to watch?,,,33.0
942805,4741,[CHI],uhhuh.,,,33.0
942810,4741,[CAR],let's see.,,,33.0
942823,4741,[CHI],Mom I need some cheese.,1.0,,33.0
942833,4741,[CHI],also I just love cheese Mom.,1.0,,33.0
942842,4741,[CAR],well you can have all you want.,,,33.0
942850,4741,[CHI],I need some in here Mom.,1.0,,33.0
942858,4741,[CAR],here you go.,,,33.0
942866,4741,[CHI],Mommy Mommy it's broken.,1.0,,33.0
942875,4741,[CHI],Mommy I can't see it.,1.0,,33.0
942881,4741,[CAR],it's wiggling because it's real windy outside.,,,33.0
942890,4741,[CAR],it'll be okay soon.,,,33.0
942899,4741,[CHI],Daddy soon that's a be gone.,-1.0,"auxiliary, determiner",33.0
942908,4741,[CAR],soon it will be gone?,,,33.0
942916,4741,[CHI],uhhuh it's gone now Mom.,1.0,,33.0
942923,4741,[CAR],uhhuh I'll hafta grate some more.,,,33.0
942994,4741,[CHI],Mommy I need some another one Mom.,1.0,,33.0
943163,4741,[CAR],another taco?,,,33.0
943342,4741,[CHI],uhhuh I I don't want you eat them all.,-1.0,tense_aspect,33.0
943363,4741,[CAR],I won't I'll just eat a couple.,,,33.0
943371,4741,[CHI],Mommy Mommy see that he's walking!,0.0,,33.0
943382,4741,[CAR],uhhuh see how he walks he just sort_of?,,,33.0
973739,4843,[CHI],what were the Indians angry at?,1.0,,45.0
973750,4843,[CAR],they were angry because that guy went through their burial grounds.,,,45.0
973759,4843,[CHI],huh?,,,45.0
973769,4843,[CAR],they were angry because that guy went through their burial grounds.,,,45.0
973782,4843,[CHI],what's burial grounds?,0.0,,45.0
973791,4843,[CAR],that's where they bury everybody.,,,45.0
973803,4843,[CHI],Daddy is this a antique cup?,-1.0,determiner,45.0
973817,4843,[CHI],is this a antique cup?,-1.0,determiner,45.0
973828,4843,[CHI],antique this?,-1.0,"verb, determiner, other",45.0
973839,4843,[CAR],I think it might be.,,,45.0
973853,4843,[CHI],how come they got cars on them?,1.0,,45.0
973869,4843,[CAR],those are just pictures.,,,45.0
973880,4843,[CHI],yeah where is that thing?,1.0,,45.0
973896,4843,[CAR],what thing?,,,45.0
973908,4843,[CHI],my thing.,1.0,,45.0
973921,4843,[CAR],what thing's your thing?,,,45.0
973932,4843,[CHI],me that's my thing.,1.0,,45.0
973946,4843,[CHI],mine me is my thing.,-1.0,subject,45.0
973962,4843,[CAR],do you want toast?,,,45.0
973974,4843,[CHI],yeah.,,,45.0
973988,4843,[CAR],banana bread?,,,45.0
974015,4843,[CHI],no no with our honey bread.,0.0,,45.0
974040,4843,[CAR],okay dang it.,,,45.0
974052,4843,[CHI],was it on the floor?,1.0,,45.0
974070,4843,[CAR],Daddy spilled it.,,,45.0
974086,4843,[CHI],are you gonna get me some new milk?,1.0,,45.0
974106,4843,[CAR],I will.,,,45.0
974123,4843,[CAR],let me wipe this up first okay?,,,45.0
974140,4843,[CHI],okay how did it get to over there?,1.0,,45.0
974154,4843,[CAR],because when it fell it fell all over.,,,45.0
974169,4843,[CHI],was it a big one too?,1.0,,45.0
974178,4843,[CAR],yep.,,,45.0
974203,4843,[CHI],I bet it was really bigger.,1.0,,45.0
974221,4843,[CAR],it was pretty big.,,,45.0
974233,4843,[CHI],I better watch out for it.,1.0,,45.0
974247,4843,[CHI],can I leave my blanket down Daddy?,1.0,,45.0
974257,4843,[CAR],where?,,,45.0
974271,4843,[CHI],down on the floor.,1.0,,45.0
974286,4843,[CAR],yeah.,,,45.0
974304,4843,[CHI],how are we gonna get across this river?,1.0,,45.0
974317,4843,[CHI],I can't walk in the river Daddy.,1.0,,45.0
974331,4843,[CHI],Daddy?,,,45.0
974344,4843,[CAR],yeah Abe.,,,45.0
974361,4843,[CHI],I like you.,1.0,,45.0
974372,4843,[CAR],good deal.,,,45.0
974386,4843,[CHI],if I have honey on my toast I want a big glass of milk okay?,1.0,,45.0
974403,4843,[CAR],sure.,,,45.0
974415,4843,[CHI],my toast popped up.,1.0,,45.0
974428,4843,[CHI],could I get it?,1.0,,45.0
974445,4843,[CAR],why don't you let me.,,,45.0
974458,4843,[CAR],because there's a_lot_of stuff still on the floor.,,,45.0
974470,4843,[CAR],okay?,,,45.0
974482,4843,[CHI],are you gonna walk in it?,1.0,,45.0
974491,4843,[CAR],I'll get it.,,,45.0
974505,4843,[CHI],I wanna put the honey on.,1.0,,45.0
974518,4843,[CAR],no I'll put it on.,,,45.0
974536,4843,[CHI],how come you'll put it on?,1.0,,45.0
974575,4843,[CAR],because I don't wanna make another mess for a little while okay?,,,45.0
974594,4843,[CHI],okay except are you gonna get me new milk?,1.0,,45.0
974609,4843,[CAR],yeah I'm not going to cut it.,,,45.0
974623,4843,[CAR],because this bread is shaped differently.,,,45.0
974637,4843,[CHI],how how do you know it's shaped different?,1.0,,45.0
974657,4843,[CAR],because I can see it.,,,45.0
974674,4843,[CHI],I can't see it.,1.0,,45.0
974691,4843,[CHI],is it square?,1.0,,45.0
974711,4843,[CAR],no it's round.,,,45.0
974722,4843,[CAR],but it's not very big.,,,45.0
974736,4843,[CHI],did you cut it?,1.0,,45.0
974749,4843,[CHI],did you cut it round?,1.0,,45.0
974758,4843,[CAR],that's the way the loaf is shaped.,,,45.0
974774,4843,[CAR],the loaf is round.,,,45.0
974786,4843,[CHI],Daddy.,,,45.0
974795,4843,[CAR],yeah.,,,45.0
974807,4843,[CHI],do you know this is wheat bread because it's made from wheat?,1.0,,45.0
974825,4843,[CAR],yep I know that.,,,45.0
974839,4843,[CHI],I didn't know that.,1.0,,45.0
974851,4843,[CAR],oh you didn't know until you tasted it?,,,45.0
974863,4843,[CHI],no I thought it wasn't wheat bread.,1.0,,45.0
974872,4843,[CAR],here's your milk.,,,45.0
974887,4843,[CHI],thanks.,,,45.0
974897,4843,[CAR],you're welcome is that good toast.,,,45.0
974918,4843,[CHI],not very good.,1.0,,45.0
974934,4843,[CAR],how come?,,,45.0
974945,4843,[CHI],because it's made from wheat.,1.0,,45.0
974958,4843,[CAR],oh you don't like wheat bread?,,,45.0
974970,4843,[CHI],uhuh.,,,45.0
974989,4843,[CAR],I thought you liked it.,,,45.0
975005,4843,[CHI],no I don't like wheat bread.,1.0,,45.0
975019,4843,[CHI],that's black.,1.0,,45.0
975032,4843,[CAR],did you like that movie last night?,,,45.0
975044,4843,[CHI],yeah.,,,45.0
975076,4843,[CAR],what did you like best?,,,45.0
975096,4843,[CHI],I liked all the parts.,1.0,,45.0
975110,4843,[CAR],oh.,,,45.0
975122,4843,[CHI],which parts did you like best?,0.0,,45.0
975138,4843,[CAR],I liked watching him build the log cabin.,,,45.0
975154,4843,[CAR],I though that was pretty neat.,,,45.0
975171,4843,[CHI],I liked that too.,1.0,,45.0
975183,4843,[CHI],I liked all of them.,1.0,,45.0
975199,4843,[CHI],which part did Momma like?,1.0,,45.0
975212,4843,[CAR],I think she liked it all too.,,,45.0
975228,4843,[CHI],how come you didn't like them all?,1.0,,45.0
975239,4843,[CAR],I did.,,,45.0
975248,4843,[CAR],I just liked some parts the best.,,,45.0
975261,4843,[CAR],don't spill it.,,,45.0
975269,4843,[CHI],I didn't spill it.,1.0,,45.0
975281,4843,[CAR],huh?,,,45.0
975292,4843,[CHI],I didn't spill it.,1.0,,45.0
975306,4843,[CAR],I know you didn't.,,,45.0
975319,4843,[CAR],I just want you to.,,,45.0
975347,4843,[CHI],you did?,1.0,,45.0
975360,4843,[CAR],huh?,,,45.0
975375,4843,[CHI],you did?,1.0,,45.0
975388,4843,[CAR],I didn't spill it.,,,45.0
975403,4843,[CHI],you did spill it remember?,1.0,,45.0
975417,4843,[CAR],yeah but that wasn't what I was talking about it.,,,45.0
975432,4843,[CHI],that is what I was talking about.,1.0,,45.0
975461,4843,[CAR],huh?,,,45.0
975486,4843,[CHI],I was just talking to myself.,1.0,,45.0
975499,4843,[CAR],oh.,,,45.0
975511,4843,[CHI],did Texas win?,1.0,,45.0
975525,4843,[CAR],yeah.,,,45.0
975556,4843,[CHI],yeah for Texas.,1.0,,45.0
975568,4843,[CAR],what are you thinking about?,,,45.0
975625,4843,[CHI],I'm not thinking about anything.,1.0,,45.0
975641,4843,[CAR],oh.,,,45.0
975655,4843,[CHI],Daddy I couldn't eat the rest.,1.0,,45.0
975666,4843,[CAR],you can't?,,,45.0
975673,4843,[CHI],no.,,,45.0
975687,4843,[CAR],how come?,,,45.0
975699,4843,[CHI],you got me a too big round piece.,1.0,,45.0
975717,4843,[CAR],what are you going to do then?,,,45.0
975738,4843,[CHI],get down.,1.0,,45.0
975753,4843,[CHI],I ate pretty much.,1.0,,45.0
975779,4843,[CHI],Daddy if I ate pretty much could I have some of my candy?,1.0,,45.0
975805,4843,[CAR],what?,,,45.0
975813,4843,[CHI],if I ate pretty much could I have some of my candy?,1.0,,45.0
975828,4843,[CAR],why don't you eat one more bite?,,,45.0
975843,4843,[CHI],okay I ate one more bite.,1.0,,45.0
975858,4843,[CAR],is this what you want?,,,45.0
975871,4843,[CHI],yeah.,,,45.0
975887,4843,[CAR],what would we have done if we wouldn't have taken any candy to the drivein last night?,,,45.0
975914,4843,[CHI],we would be starving.,1.0,,45.0
975933,4843,[CAR],what?,,,45.0
975946,4843,[CHI],we would be starving.,1.0,,45.0
975956,4843,[CAR],yeah what would we have done?,,,45.0
975966,4843,[CHI],we would say.,1.0,,45.0
975974,4843,[CHI],aw we forgot to bring candy.,1.0,,45.0
975986,4843,[CAR],would we still have had a good time?,,,45.0
975996,4843,[CHI],yeah.,,,45.0
976004,4843,[CAR],that's good.,,,45.0
976019,4843,[CAR],so we don't need candy.,,,45.0
976037,4843,[CHI],yeah we do need candy.,1.0,,45.0
976049,4843,[CAR],oh.,,,45.0
976058,4843,[CHI],sometimes we do.,1.0,,45.0
976071,4843,[CHI],and sometimes we don't.,1.0,,45.0
976084,4843,[CHI],you can't see me Dad.,1.0,,45.0
976093,4843,[CHI],you can't see me Dad.,1.0,,45.0
976103,4843,[CAR],I sure can't.,,,45.0
976114,4843,[CAR],where are you?,,,45.0
976124,4843,[CHI],I'm not gonna tell you.,1.0,,45.0
976136,4843,[CHI],now you can't see me.,1.0,,45.0
976145,4843,[CHI],don't find me okay?,1.0,,45.0
976160,4843,[CAR],you don't want me to look for you?,,,45.0
976172,4843,[CHI],huh?,,,45.0
976194,4843,[CAR],you don't want me to look for you?,,,45.0
976206,4843,[CHI],no.,,,45.0
976217,4843,[CAR],okay Abe what would happen if I never found you?,,,45.0
976239,4843,[CHI],then I would be hiding in this sleeping bag.,1.0,,45.0
976250,4843,[CAR],forever and ever?,,,45.0
976263,4843,[CHI],yeah until it's nighttime.,1.0,,45.0
976275,4843,[CAR],oh how come you're hiding?,,,45.0
976288,4843,[CHI],because I don't want anybody to see me.,1.0,,45.0
976298,4843,[CAR],how come?,,,45.0
976306,4843,[CHI],because I'm afraid.,1.0,,45.0
976316,4843,[CAR],of who?,,,45.0
976326,4843,[CHI],I'm afraid of you.,1.0,,45.0
976335,4843,[CAR],why?,,,45.0
976346,4843,[CHI],because.,,,45.0
976358,4843,[CAR],why?,,,45.0
976370,4843,[CHI],just because.,1.0,,45.0
976379,4843,[CHI],I'm afraid of the sleeping bag.,1.0,,45.0
976392,4843,[CHI],no I'm mad at the sleeping bag.,1.0,,45.0
976404,4843,[CAR],what?,,,45.0
976414,4843,[CHI],I'm mad at the sleeping bag.,1.0,,45.0
976425,4843,[CAR],why?,,,45.0
976436,4843,[CHI],because I'm mad at myself.,1.0,,45.0
976446,4843,[CHI],I'm coming out.,1.0,,45.0
976462,4843,[CHI],I'm going back in.,1.0,,45.0
976470,4843,[CAR],back in what?,,,45.0
976483,4843,[CHI],back in the sleeping bag.,1.0,,45.0
976496,4843,[CHI],Momma doesn't know where the saw is.,1.0,,45.0
976509,4843,[CHI],and you don't know where my saw is.,1.0,,45.0
976516,4843,[CHI],and I don't know where my saw is.,1.0,,45.0
976527,4843,[CAR],how are we going to build your fort then?,,,45.0
976540,4843,[CHI],how about if you get your saw and I drill?,1.0,,45.0
976557,4843,[CAR],we should use my saw and your drill?,,,45.0
976570,4843,[CHI],yeah I fell down.,1.0,,45.0
976582,4843,[CHI],I fell down.,1.0,,45.0
976593,4843,[CHI],I fell down.,1.0,,45.0
976605,4843,[CAR],why?,,,45.0
976614,4843,[CHI],I wasn't very careful.,1.0,,45.0
976624,4843,[CHI],I'm not doing anything see?,1.0,,45.0
976637,4843,[CAR],well why don't you do something?,,,45.0
976649,4843,[CHI],I keep falling down.,1.0,,45.0
976660,4843,[CHI],hey I can't get in this sleeping bag you help me okay?,1.0,,45.0
15363603,34672,[CHI],tape recorder.,-1.0,"verb, determiner",26.0
15363619,34672,[CAR],tape recorder.,,,26.0
15363635,34672,[CHI],tape recorder.,-1.0,"verb, determiner",26.0
15363654,34672,[CAR],yes.,,,26.0
15363668,34672,[CHI],tape recorder.,-1.0,"verb, determiner",26.0
15363679,34672,[CAR],the man is fixing it.,,,26.0
15363690,34672,[CHI],all right.,1.0,,26.0
15363703,34672,[CAR],all right.,,,26.0
15363715,34672,[CAR],now you can go see the light.,,,26.0
15363727,34672,[CAR],do you wanna?,,,26.0
15363738,34672,[CAR],go close and see.,,,26.0
15363752,34672,[CAR],do you see it?,,,26.0
15363771,34672,[CAR],do you see the light?,,,26.0
15363791,34672,[CAR],see?,,,26.0
15363811,34672,[CAR],talk loud.,,,26.0
15363836,34672,[CAR],see?,,,26.0
15363849,34672,[CAR],see?,,,26.0
15363864,34672,[CAR],see?,,,26.0
15363885,34672,[CAR],talk loud.,,,26.0
15363898,34672,[CAR],see?,,,26.0
15363914,34672,[CAR],you're peeking at aren't you?,,,26.0
15363928,34672,[CAR],you.,,,26.0
15363942,34672,[CAR],come on.,,,26.0
15363963,34672,[CAR],we'll play with the house.,,,26.0
15363977,34672,[CAR],here is the father sitting in a chair.,,,26.0
15363990,34672,[CAR],now we bumped out little table here.,,,26.0
15364009,34672,[CAR],here.,,,26.0
15364023,34672,[CAR],he is in his chair.,,,26.0
15364038,34672,[CAR],I think he is going to eat lunch.,,,26.0
15364050,34672,[CAR],one of these mothers in here.,,,26.0
15364068,34672,[CAR],oh that mother okay.,,,26.0
15364078,34672,[CHI],here.,,,26.0
15364084,34672,[CAR],can the children have lunch too?,,,26.0
15364094,34672,[CHI],ya.,,,26.0
15364105,34672,[CAR],look who is sitting in the chair.,,,26.0
15364117,34672,[CAR],the dog.,,,26.0
15364129,34672,[CHI],dog.,,,26.0
15364142,34672,[CAR],does he get a lunch?,,,26.0
15364150,34672,[CHI],ya.,,,26.0
15364162,34672,[CAR],okay.,,,26.0
15364182,34672,[CAR],set the table.,,,26.0
15364194,34672,[CAR],here is the baby's high chair.,,,26.0
15364205,34672,[CAR],do you see any babies?,,,26.0
15364216,34672,[CAR],I don't see any today do you?,,,26.0
15364230,34672,[CHI],baby.,,,26.0
15364237,34672,[CAR],is that a small girl.,,,26.0
15364249,34672,[CAR],here is the girl.,,,26.0
15364262,34672,[CHI],in the high chair.,1.0,,26.0
15364276,34672,[CAR],in the high chair.,,,26.0
15364288,34672,[CHI],eat.,,,26.0
15364302,34672,[CAR],set the table.,,,26.0
15364312,34672,[CHI],eat.,,,26.0
15364330,34672,[CAR],is she?,,,26.0
15364342,34672,[CAR],what's she going to have?,,,26.0
15364353,34672,[CAR],now she is eating.,,,26.0
15364367,34672,[CAR],what is she having for lunch?,,,26.0
15364378,34672,[CHI],supper.,,,26.0
15364391,34672,[CAR],supper.,,,26.0
15364403,34672,[CAR],what's she having for supper?,,,26.0
15364414,34672,[CHI],meat.,,,26.0
15364424,34672,[CAR],meat.,,,26.0
15364436,34672,[CAR],what else?,,,26.0
15364451,34672,[CHI],potatoe.,,,26.0
15364458,34672,[CAR],potatoes.,,,26.0
15364470,34672,[CAR],what else?,,,26.0
15364480,34672,[CHI],bean.,,,26.0
15364492,34672,[CAR],beans.,,,26.0
15364518,34672,[CAR],beef.,,,26.0
15364531,34672,[CAR],beans.,,,26.0
15364539,34672,[CAR],beans yes.,,,26.0
15364553,34672,[CHI],this go right there.,-1.0,sv_agreement,26.0
15364564,34672,[CAR],this goes.,,,26.0
15364581,34672,[CAR],right there.,,,26.0
15364594,34672,[CHI],people go.,0.0,,26.0
15364606,34672,[CAR],people go.,,,26.0
15364620,34672,[CAR],who is going to sit in that chair?,,,26.0
15364648,34672,[CHI],lady.,,,26.0
15364663,34672,[CHI],lady.,,,26.0
15364677,34672,[CAR],the lady is gonna be at the table too?,,,26.0
15364694,34672,[CHI],ya.,,,26.0
15364709,34672,[CAR],it's getting crowded.,,,26.0
15364725,34672,[CAR],with so many people.,,,26.0
15364741,34672,[CAR],can anyone else fit there?,,,26.0
15364761,34672,[CAR],here.,,,26.0
15364778,34672,[CAR],let's put the table out there.,,,26.0
15364793,34672,[CAR],okay?,,,26.0
15364807,34672,[CAR],they are all sitting around.,,,26.0
15364821,34672,[CAR],are the finish eating yet?,,,26.0
15364835,34672,[CHI],eat more.,-1.0,"subject, present_progressive",26.0
15364849,34672,[CHI],eat more.,-1.0,"subject, present_progressive",26.0
15364863,34672,[CHI],in the house.,0.0,,26.0
15364875,34672,[CAR],in the house?,,,26.0
15364890,34672,[CHI],ya.,,,26.0
15364907,34672,[CAR],what are you gonna do in the house?,,,26.0
15364922,34672,[CHI],ring the door.,0.0,,26.0
15364940,34672,[CAR],ring the door bell.,,,26.0
15364956,34672,[CAR],can you get it?,,,26.0
15364974,34672,[CAR],there.,,,26.0
15364986,34672,[CHI],who that?,-1.0,verb,26.0
15365004,34672,[CAR],who's that?,,,26.0
15365015,34672,[CHI],somebody.,,,26.0
15365031,34672,[CAR],somebody.,,,26.0
15365048,34672,[CHI],mhm.,,,26.0
15365070,34672,[CAR],I don't see anyone.,,,26.0
15365086,34672,[CAR],let's open the door and see who's there.,,,26.0
15365100,34672,[CAR],there is nobody out there.,,,26.0
15365121,34672,[CAR],here comes some one.,,,26.0
15365135,34672,[CAR],see?,,,26.0
15365147,34672,[CAR],hello.,,,26.0
15365165,34672,[CHI],hello.,,,26.0
15365175,34672,[CAR],come in.,,,26.0
15365191,34672,[CHI],come on.,1.0,,26.0
15365207,34672,[CHI],this.,,,26.0
15365225,34672,[CAR],I think it's time for the children to go upstairs for a little nap.,,,26.0
15365240,34672,[CHI],where?,,,26.0
15365252,34672,[CAR],in the beds.,,,26.0
15365267,34672,[CAR],the little boys and girls.,,,26.0
15365282,34672,[CAR],here goes the boy upstairs.,,,26.0
15365299,34672,[CAR],here is the girl.,,,26.0
15365314,34672,[CAR],is this the girl?,,,26.0
15365330,34672,[CHI],ya.,,,26.0
15365346,34672,[CHI],in the house.,1.0,,26.0
15365363,34672,[CAR],in the house she is going in there.,,,26.0
15365388,34672,[CHI],yes.,,,26.0
15365399,34672,[CHI],going in there.,1.0,,26.0
15365420,34672,[CAR],she is going in there.,,,26.0
15365432,34672,[CHI],in there.,1.0,,26.0
15365451,34672,[CAR],I don't think there is room for two people is there?,,,26.0
15365475,34672,[CAR],okay.,,,26.0
15365491,34672,[CHI],fall down.,-1.0,"subject, tense_aspect",26.0
15365503,34672,[CAR],fall down the steps.,,,26.0
15365525,34672,[CHI],upstairs.,,,26.0
15365534,34672,[CAR],upstairs.,,,26.0
15365548,34672,[CHI],people go upstairs.,0.0,,26.0
15365577,34672,[CAR],people go upstairs.,,,26.0
15365592,34672,[CHI],watch.,,,26.0
15365604,34672,[CAR],watching?,,,26.0
15365620,34672,[CHI],fall down.,-1.0,"subject, tense_aspect",26.0
15365636,34672,[CAR],fall down.,,,26.0
15365653,34672,[CHI],fall down okay.,-1.0,"subject, tense_aspect",26.0
15365672,34672,[CHI],go back go backwards.,0.0,,26.0
15365689,34672,[CAR],can you say that?,,,26.0
15365713,34672,[CAR],everyone in going up there.,,,26.0
15365728,34672,[CAR],can they all go?,,,26.0
15365742,34672,[CAR],there they go now that are upstairs.,,,26.0
15365762,34672,[CAR],this little one wants to look out of the window.,,,26.0
15365777,34672,[CAR],I think the father is gonna go to school.,,,26.0
15365800,34672,[CAR],he is not going up there is he?,,,26.0
15365819,34672,[CAR],everyone is upstairs.,,,26.0
15365833,34672,[CAR],what are they doing?,,,26.0
15365849,34672,[CHI],saying upstairs.,-1.0,"subject, auxiliary",26.0
15365864,34672,[CAR],staying upstairs?,,,26.0
15365875,34672,[CHI],ya.,,,26.0
15365889,34672,[CAR],is there a party?,,,26.0
15365903,34672,[CHI],ya.,,,26.0
15365917,34672,[CAR],is there a party?,,,26.0
15365936,34672,[CHI],ya.,,,26.0
15365950,34672,[CHI],party.,,,26.0
15365960,34672,[CHI],a party.,1.0,,26.0
15365978,34672,[CHI],in the house.,1.0,,26.0
15365992,34672,[CAR],in the house.,,,26.0
15366009,34672,[CAR],some people are still down here.,,,26.0
15366022,34672,[CAR],what are they going to do?,,,26.0
15366036,34672,[CAR],watch tv?,,,26.0
15366056,34672,[CHI],ya.,,,26.0
15366068,34672,[CAR],could they sit down in these chairs?,,,26.0
15366086,34672,[CHI],ya.,,,26.0
15366101,34672,[CHI],there.,,,26.0
15366112,34672,[CAR],sit down and watch tv.,,,26.0
15366121,34672,[CAR],see the tv right there?,,,26.0
15366132,34672,[CAR],can you see it?,,,26.0
15366143,34672,[CAR],there is a little girl there.,,,26.0
15366157,34672,[CHI],down stair.,-1.0,other,26.0
15366170,34672,[CAR],okay.,,,26.0
15366181,34672,[CAR],look at the owl in that bed+room.,,,26.0
15366193,34672,[CHI],peeking out.,1.0,,26.0
15366200,34672,[CAR],peeking out.,,,26.0
15366213,34672,[CHI],oh people.,0.0,,26.0
15366226,34672,[CAR],happy birthday.,,,26.0
15366238,34672,[CAR],what?,,,26.0
15366251,34672,[CHI],in the house.,1.0,,26.0
15366263,34672,[CAR],in the house.,,,26.0
15366275,34672,[CHI],in the house.,1.0,,26.0
15366290,34672,[CAR],in the house.,,,26.0
15366304,34672,[CAR],I wonder what they are doing up there.,,,26.0
15366317,34672,[CAR],someone fell down.,,,26.0
15366327,34672,[CAR],there.,,,26.0
15366344,34672,[CAR],okay.,,,26.0
15366351,34672,[CAR],where are the babies?,,,26.0
15366379,34672,[CAR],where are the children?,,,26.0
15366439,34672,[CAR],they were sposta sleep in this bed+room.,,,26.0
15366454,34672,[CAR],noone is asleep in there.,,,26.0
15366471,34672,[CAR],someone is playing on the horse.,,,26.0
15366483,34672,[CAR],who wants to go to sleep in the bed+room?,,,26.0
15366499,34672,[CAR],oh that lady?,,,26.0
15366511,34672,[CHI],ya.,,,26.0
15366526,34672,[CAR],she is asleep.,,,26.0
15366583,34672,[CHI],ah boy.,-1.0,"determiner, verb",26.0
15366595,34672,[CAR],the boy too?,,,26.0
15366606,34672,[CAR],what?,,,26.0
15366616,34672,[CHI],the boy too.,0.0,,26.0
15366635,34672,[CHI],fell down.,1.0,,26.0
15366646,34672,[CAR],did he fall off again?,,,26.0
15366666,34672,[CAR],okay.,,,26.0
15366676,34672,[CAR],fall down.,,,26.0
15366691,34672,[CHI],fall down.,1.0,,26.0
15366702,34672,[CAR],good night now.,,,26.0
15366722,34672,[CHI],good night now.,1.0,,26.0
15366741,34672,[CAR],see you later.,,,26.0
15366755,34672,[CHI],see you later.,1.0,,26.0
15366776,34672,[CAR],someone is riding on the horse.,,,26.0
15366790,34672,[CAR],he's rocking.,,,26.0
15366807,34672,[CAR],rock rock.,,,26.0
15366821,34672,[CHI],someone go in the chair.,-1.0,sv_agreement,26.0
15366841,34672,[CAR],someone goes in the chair.,,,26.0
15366861,34672,[CHI],someone go upstairs.,-1.0,sv_agreement,26.0
15366893,34672,[CAR],someone goes upstairs.,,,26.0
15366913,34672,[CHI],man go upstairs.,-1.0,"determiner, sv_agreement",26.0
15366926,34672,[CAR],the man goes upstairs?,,,26.0
15366949,34672,[CHI],lady go upstairs.,-1.0,sv_agreement,26.0
15366961,34672,[CAR],the lady goes upstairs.,,,26.0
15366976,34672,[CHI],all people.,-1.0,"verb, determiner",26.0
15366990,34672,[CAR],all the people?,,,26.0
15367001,34672,[CHI],all people.,-1.0,"verb, determiner",26.0
15367015,34672,[CHI],lady go upstairs.,-1.0,sv_agreement,26.0
15367027,34672,[CAR],who?,,,26.0
15367042,34672,[CHI],a man.,1.0,,26.0
15367069,34672,[CHI],oh this.,1.0,,26.0
15367080,34672,[CAR],how about?,,,26.0
15367092,34672,[CAR],there is a mess in the garage.,,,26.0
15367106,34672,[CAR],let's put the garage door up and get the car out.,,,26.0
15367121,34672,[CAR],then they can go somewhere else car.,,,26.0
15367133,34672,[CAR],car.,,,26.0
15367147,34672,[CAR],here comes the car.,,,26.0
15367159,34672,[CAR],who is going in the car?,,,26.0
15367176,34672,[CHI],this people.,-1.0,determiner,26.0
15367200,34672,[CAR],this people that's the father.,,,26.0
15367221,34672,[CAR],here is another father.,,,26.0
15367235,34672,[CHI],father.,,,26.0
15367252,34672,[CAR],he's gonna ride in the car.,,,26.0
15367269,34672,[CAR],he can get one of the cars.,,,26.0
15367288,34672,[CAR],here is one.,,,26.0
15367305,34672,[CAR],two two fathers can ride in here.,,,26.0
15367322,34672,[CAR],Kim and Steph are banging the doors.,,,26.0
15367336,34672,[CAR],where are they gone huh?,,,26.0
15367350,34672,[CHI],someone go.,-1.0,sv_agreement,26.0
15367371,34672,[CHI],go.,,,26.0
15367383,34672,[CAR],somebody goes in there.,,,26.0
15367399,34672,[CAR],here is another car he can use.,,,26.0
15367412,34672,[CAR],oh here is a tractor.,,,26.0
15367442,34672,[CAR],here is the wagon that someone can ride in.,,,26.0
15367457,34672,[CAR],there.,,,26.0
15367470,34672,[CAR],who wants to sit in the wagon?,,,26.0
15367493,34672,[CAR],the boy.,,,26.0
15367508,34672,[CAR],the lady.,,,26.0
15367521,34672,[CHI],the man.,1.0,,26.0
15367535,34672,[CAR],the man.,,,26.0
15367553,34672,[CHI],someone ride in wagon.,-1.0,present_progressive,26.0
15367567,34672,[CAR],someone rides in the wagon.,,,26.0
15367586,34672,[CHI],all people.,-1.0,determiner,26.0
15367598,34672,[CAR],all the people.,,,26.0
15367613,34672,[CAR],is that lamb gonna ride the wagon?,,,26.0
15367636,34672,[CAR],the tractor?,,,26.0
15367647,34672,[CAR],here they go.,,,26.0
15367686,34672,[CAR],what?,,,26.0
15367696,34672,[CHI],store.,,,26.0
15367711,34672,[CAR],go to the store?,,,26.0
15367726,34672,[CAR],is this the store?,,,26.0
15367745,34672,[CHI],ya.,,,26.0
15367763,34672,[CAR],by me okay.,,,26.0
15367781,34672,[CAR],the lady goes to the store.,,,26.0
15367802,34672,[CHI],to the store.,1.0,,26.0
15367822,34672,[CAR],man at the store.,,,26.0
15367841,34672,[CHI],ya.,,,26.0
15367866,34672,[CHI],that thing.,0.0,,26.0
15367889,34672,[CAR],that's not a thing.,,,26.0
15367907,34672,[CAR],this is a boy see?,,,26.0
15367928,34672,[CAR],look at his grumpy face.,,,26.0
15367947,34672,[CHI],that thing.,0.0,,26.0
15367959,34672,[CAR],there is a dog over here.,,,26.0
15367978,34672,[CHI],someone ride in here.,-1.0,present_progressive,26.0
15367997,34672,[CAR],someone ride in there.,,,26.0
15368028,34672,[CAR],soon.,,,26.0
15368060,34672,[CAR],oh oh it came apart.,,,26.0
15368082,34672,[CAR],can you fix it?,,,26.0
15368101,34672,[CAR],can you help?,,,26.0
15368120,34672,[CAR],good.,,,26.0
15368135,34672,[CHI],this go right here.,-1.0,sv_agreement,26.0
15368149,34672,[CAR],this goes right here.,,,26.0
15368162,34672,[CAR],good.,,,26.0
15368183,34672,[CHI],lady do that.,-1.0,"determiner, present_progressive",26.0
15368199,34672,[CAR],what lady?,,,26.0
15368216,34672,[CHI],I want.,-1.0,object,26.0
15368226,34672,[CAR],what did the lady?,,,26.0
15368242,34672,[CHI],store.,,,26.0
15368251,34672,[CAR],do you want her by the store?,,,26.0
15368272,34672,[CHI],ya.,,,26.0
15368292,34672,[CAR],what's she going to do now?,,,26.0
15368308,34672,[CHI],go.,,,26.0
15368325,34672,[CAR],go?,,,26.0
15368342,34672,[CHI],go.,,,26.0
15368356,34672,[CAR],where?,,,26.0
15368373,34672,[CHI],here.,,,26.0
15368393,34672,[CAR],what?,,,26.0
15368412,34672,[CAR],oh careful on there.,,,26.0
15368429,34672,[CAR],that makes a loud noise when you put it on there.,,,26.0
15368466,34672,[CAR],okay.,,,26.0
15368484,34672,[CHI],that lady go up there.,-1.0,present_progressive,26.0
15368500,34672,[CAR],this lady goes up there.,,,26.0
15368528,34672,[CAR],careful.,,,26.0
15368542,34672,[CHI],boy lady in there.,-1.0,"determiner, verb",26.0
15368560,34672,[CAR],where is she gone?,,,26.0
15368633,34672,[CAR],where?,,,26.0
15368649,34672,[CHI],peeking out.,-1.0,"subject, auxiliary",26.0
15368666,34672,[CAR],who is peeking out?,,,26.0
15368678,34672,[CHI],people.,,,26.0
15368690,34672,[CAR],people.,,,26.0
15368709,34672,[CHI],all.,,,26.0
15368725,34672,[CHI],people.,,,26.0
15368739,34672,[CAR],all the people?,,,26.0
15368751,34672,[CHI],all the people.,1.0,,26.0
15368764,34672,[CHI],horsie.,,,26.0
15368778,34672,[CAR],horsie goes in there too?,,,26.0
15368791,34672,[CHI],peek out.,0.0,,26.0
15368807,34672,[CAR],peek out.,,,26.0
15368829,34672,[CAR],he is too big to go on the steps.,,,26.0
15368843,34672,[CHI],people.,,,26.0
15368863,34672,[CAR],mhm.,,,26.0
15368874,34672,[CHI],all people.,-1.0,determiner,26.0
15368889,34672,[CAR],yes.,,,26.0
15368901,34672,[CAR],well.,,,26.0
15368931,34672,[CAR],your sister is closing the doors upstairs.,,,26.0
15368943,34672,[CAR],it's too loud.,,,26.0
15368958,34672,[CAR],you hafta open the door if you wanna go in.,,,26.0
15368975,34672,[CHI],some people go right there.,1.0,,26.0
15368988,34672,[CAR],some people go right there.,,,26.0
15369012,34672,[CAR],these two go to the airport on a jet.,,,26.0
15369032,34672,[CHI],these people go there.,1.0,,26.0
15369051,34672,[CAR],ya.,,,26.0
15369064,34672,[CAR],no those these.,,,26.0
15369080,34672,[CAR],this one is the stewardess.,,,26.0
15369100,34672,[CAR],can you make it stewardess?,,,26.0
15369152,34672,[CHI],ya.,,,26.0
15369164,34672,[CAR],I'll hold her if you want.,,,26.0
15369184,34672,[CAR],that man drives the gas truck right here.,,,26.0
15369198,34672,[CAR],I hafta ask your sister to be quiet again.,,,26.0
15369212,34672,[CAR],you just play with me okay?,,,26.0
15369228,34672,[CHI],what that?,-1.0,auxiliary,26.0
15369240,34672,[CAR],that's a little microphone.,,,26.0
15369256,34672,[CAR],can you say that?,,,26.0
15369272,34672,[CHI],microphone.,,,26.0
15369289,34672,[CAR],very good.,,,26.0
15369320,34672,[CAR],sit down now.,,,26.0
15369348,34672,[CAR],it will make a big loud noise when they sit down.,,,26.0
15369361,34672,[CAR],on the tape.,,,26.0
15369383,34672,[CAR],come on.,,,26.0
15369397,34672,[CHI],Stephie do that.,-1.0,present_progressive,26.0
15369436,34672,[CAR],Stephie did.,,,26.0
15369458,34672,[CAR],what's she doing?,,,26.0
15369475,34672,[CHI],put this on.,0.0,,26.0
15369491,34672,[CAR],put this on?,,,26.0
15369504,34672,[CAR],okay.,,,26.0
15369519,34672,[CAR],stuck on you.,,,26.0
15369532,34672,[CAR],another one.,,,26.0
15369543,34672,[CAR],there is a cow on you.,,,26.0
15369557,34672,[CAR],horsie on you.,,,26.0
15369575,34672,[CAR],and a lamb on you.,,,26.0
15369588,34672,[CAR],pop.,,,26.0
15369600,34672,[CAR],pop.,,,26.0
15369609,34672,[CAR],look at the little circle it made on your leg.,,,26.0
15369627,34672,[CAR],see?,,,26.0
15369642,34672,[CHI],put it on back.,-1.0,preposition,26.0
15369654,34672,[CAR],put it on back?,,,26.0
15369685,34672,[CAR],put it on again?,,,26.0
15369702,34672,[CHI],ya.,,,26.0
15369718,34672,[CAR],pop.,,,26.0
15369737,34672,[CAR],pop.,,,26.0
15369753,34672,[CAR],pop.,,,26.0
15369775,34672,[CHI],do it again.,1.0,,26.0
15369790,34672,[CAR],do it again?,,,26.0
15369812,34672,[CAR],one two three pop.,,,26.0
15369823,34672,[CAR],the lamb fell off.,,,26.0
15369845,34672,[CHI],pop.,,,26.0
15369860,34672,[CAR],put him on your leg again.,,,26.0
15369874,34672,[CAR],put him back.,,,26.0
15369891,34672,[CAR],two.,,,26.0
15369904,34672,[CAR],three.,,,26.0
15369918,34672,[CAR],one two.,,,26.0
15369934,34672,[CHI],two.,,,26.0
15369945,34672,[CHI],three.,,,26.0
15369974,34672,[CAR],good.,,,26.0
15369994,34672,[CAR],okay.,,,26.0
15370010,34672,[CAR],one more time.,,,26.0
15370025,34672,[CAR],one two three.,,,26.0
15370044,34672,[CAR],all up.,,,26.0
15370060,34672,[CHI],all up.,0.0,,26.0
15370075,34672,[CHI],do it again.,1.0,,26.0
15370094,34672,[CAR],one more time.,,,26.0
15370109,34672,[CAR],I do it again.,,,26.0
15370121,34672,[CAR],one two three.,,,26.0
15370140,34672,[CAR],one fell off.,,,26.0
15370151,34672,[CAR],they are looking at you aren't they?,,,26.0
15370164,34672,[CAR],one two.,,,26.0
15370207,34672,[CHI],two.,,,26.0
15370225,34672,[CHI],three.,,,26.0
15370239,34672,[CHI],do it again.,1.0,,26.0
15370261,34672,[CAR],oh you.,,,26.0
15370287,34672,[CAR],you like.,,,26.0
15370303,34672,[CAR],look at these little bumps on you.,,,26.0
15370331,34672,[CAR],okay.,,,26.0
15370350,34672,[CAR],one two three.,,,26.0
15370367,34672,[CHI],again.,,,26.0
15370382,34672,[CHI],pop.,,,26.0
15370403,34672,[CHI],pop.,,,26.0
15370424,34672,[CAR],look at these little circles on your legs where they were stuck.,,,26.0
15370446,34672,[CHI],do it again.,1.0,,26.0
15370462,34672,[CAR],okay.,,,26.0
15370479,34672,[CAR],one two three.,,,26.0
15370502,34672,[CHI],two.,,,26.0
15370519,34672,[CHI],three.,,,26.0
15370537,34672,[CHI],circle on my leg.,-1.0,"verb, determiner",26.0
15370554,34672,[CAR],circles on my leg.,,,26.0
15370616,34672,[CAR],okay.,,,26.0
15370633,34672,[CHI],do it again.,1.0,,26.0
15370660,34672,[CAR],okay.,,,26.0
15370672,34672,[CAR],the cow jumped out.,,,26.0
15370693,34672,[CAR],pop.,,,26.0
15370709,34672,[CAR],pop.,,,26.0
15370726,34672,[CHI],pop.,,,26.0
15370745,34672,[CAR],pop.,,,26.0
15370760,34672,[CAR],is that silly?,,,26.0
15370780,34672,[CAR],you're smiling.,,,26.0
15370798,34672,[CAR],look.,,,26.0
15370817,34672,[CAR],hey you silly Christ.,,,26.0
15370834,34672,[CAR],you silly Christ.,,,26.0
15370851,34672,[CAR],you're a silly boy with all these circles on you leg.,,,26.0
15370873,34672,[CAR],pop.,,,26.0
15370892,34672,[CAR],pop.,,,26.0
15370911,34672,[CHI],pop.,,,26.0
15370929,34672,[CAR],pop.,,,26.0
15370944,34672,[CAR],pop.,,,26.0
15370960,34672,[CAR],look.,,,26.0
15370976,34672,[CAR],look at you.,,,26.0
15370994,34672,[CAR],who bit you there?,,,26.0
15371008,34672,[CAR],mosquito?,,,26.0
15371038,34672,[CHI],do it again.,1.0,,26.0
15371056,34672,[CAR],no no more.,,,26.0
15371070,34672,[CAR],there is too many circles.,,,26.0
15371087,34672,[CAR],look at all these.,,,26.0
15371101,34672,[CAR],they are all around.,,,26.0
15371119,34672,[CAR],there is one.,,,26.0
15371130,34672,[CAR],there are plenty more over here.,,,26.0
15371146,34672,[CAR],huh?,,,26.0
15371160,34672,[CAR],you are not telling me about the story.,,,26.0
15371168,34672,[CHI],do it maam.,0.0,,26.0
15371192,34672,[CAR],do it on what leg?,,,26.0
15371219,34672,[CHI],maam.,,,26.0
15371232,34672,[CAR],put them where?,,,26.0
15371249,34672,[CHI],maam.,,,26.0
15371260,34672,[CAR],on me?,,,26.0
15371280,34672,[CHI],ya.,,,26.0
15371295,34672,[CAR],are you pulling me off?,,,26.0
15371311,34672,[CAR],now I have circles on my leg.,,,26.0
15371321,34672,[CHI],all right.,1.0,,26.0
15371353,34672,[CAR],all right.,,,26.0
15371371,34672,[CAR],I didn't want any circles on me.,,,26.0
15371390,34672,[CAR],pop.,,,26.0
15371399,34672,[CHI],pop.,,,26.0
15371421,34672,[CAR],pop.,,,26.0
15371434,34672,[CAR],how about looking at the story right here?,,,26.0
15371454,34672,[CHI],do it again.,1.0,,26.0
15371472,34672,[CAR],no.,,,26.0
15371488,34672,[CAR],no more.,,,26.0
15371503,34672,[CAR],not on me.,,,26.0
15371521,34672,[CHI],I like that.,1.0,,26.0
15371533,34672,[CAR],do you like it in the tractor?,,,26.0
15371556,34672,[CHI],in tractor.,-1.0,determiner,26.0
15371571,34672,[CAR],in the wagon.,,,26.0
15371591,34672,[CAR],here they go.,,,26.0
15371611,34672,[CAR],here they go bzz bzz.,,,26.0
15371630,34672,[CAR],where are they going?,,,26.0
15371646,34672,[CAR],in the barn?,,,26.0
15371663,34672,[CHI],in the park.,1.0,,26.0
15371681,34672,[CAR],in the park.,,,26.0
15371699,34672,[CAR],what will they do at the park?,,,26.0
15371724,34672,[CHI],ah do it.,-1.0,"subject, tense_aspect",26.0
15371747,34672,[CAR],oh that chicken is going in here too.,,,26.0
15371768,34672,[CAR],can he fit?,,,26.0
15371789,34672,[CAR],is he going into the park too?,,,26.0
15371808,34672,[CHI],ya.,,,26.0
15371821,34672,[CAR],what will he do at the park?,,,26.0
15371838,34672,[CHI],fall down.,1.0,,26.0
15371856,34672,[CHI],get out.,1.0,,26.0
15371872,34672,[CAR],get out.,,,26.0
15371890,34672,[CAR],what's he going to ride on?,,,26.0
15371930,34672,[CHI],get out.,0.0,,26.0
15371946,34672,[CAR],get out.,,,26.0
15371956,34672,[CHI],they're all at the park.,1.0,,26.0
15371974,34672,[CHI],that.,,,26.0
15371990,34672,[CAR],what will he do here in the park?,,,26.0
15372004,34672,[CHI],that.,,,26.0
15372021,34672,[CAR],swing on the swings?,,,26.0
15372047,34672,[CHI],where is swing?,-1.0,determiner,26.0
15372059,34672,[CAR],where is the swing?,,,26.0
15372072,34672,[CAR],where is the swing?,,,26.0
15372089,34672,[CAR],oh the swing is over in the in the.,,,26.0
15372113,34672,[CAR],why don't you play here a second and I'll get it.,,,26.0
15372137,34672,[CAR],be careful at the wire.,,,26.0
15372171,34672,[CAR],here is the swing.,,,26.0
15372194,34672,[CAR],here is the slide.,,,26.0
15372214,34672,[CAR],your sister.,,,26.0
15372234,34672,[CAR],okay be careful at the wire.,,,26.0
15372271,34672,[CAR],that's a good boy.,,,26.0
15372290,34672,[CAR],here is the swing.,,,26.0
15372305,34672,[CAR],here is the slide.,,,26.0
15372321,34672,[CHI],down.,,,26.0
15372335,34672,[CAR],is that farmer going on the swing first?,,,26.0
15372350,34672,[CHI],ya.,,,26.0
15372372,34672,[CAR],can he get on there?,,,26.0
15372392,34672,[CAR],oh listen to Stephie.,,,26.0
15372409,34672,[CAR],here is someone to go on the swings.,,,26.0
15372446,34672,[CAR],there.,,,26.0
15372467,34672,[CAR],the little girl and the dog.,,,26.0
15372494,34672,[CAR],there.,,,26.0
15372510,34672,[CAR],this boy and this farmer hafta get out now.,,,26.0
15372526,34672,[CAR],there now.,,,26.0
15372542,34672,[CAR],swing then.,,,26.0
15372556,34672,[CHI],walk this line walk up this line.,0.0,,26.0
15372573,34672,[CHI],walk this line.,-1.0,"subject, tense_aspect",26.0
15372591,34672,[CAR],dzzz.,,,26.0
15372601,34672,[CAR],here it goes.,,,26.0
15372612,34672,[CHI],wee down.,0.0,,26.0
15372630,34672,[CAR],wee down.,,,26.0
15372644,34672,[CHI],wee down.,0.0,,26.0
15372657,34672,[CAR],wee down the slide.,,,26.0
15372674,34672,[CHI],wee down slide.,-1.0,"subject, determiner",26.0
15372704,34672,[CAR],does this chicken wanna go too?,,,26.0
15372721,34672,[CAR],up up.,,,26.0
15372750,34672,[CAR],down he goes.,,,26.0
15372770,34672,[CHI],up.,,,26.0
15372797,34672,[CHI],up.,,,26.0
15372813,34672,[CAR],who goes up?,,,26.0
15372827,34672,[CHI],man.,,,26.0
15372862,34672,[CAR],that's the little boy.,,,26.0
15372877,34672,[CAR],see?,,,26.0
15372903,34672,[CAR],he is smaller.,,,26.0
15372927,34672,[CAR],see?,,,26.0
15372942,34672,[CAR],the man is taller and he is bigger than the boy.,,,26.0
15372962,34672,[CHI],bigger man.,-1.0,determiner,26.0
15372977,34672,[CAR],this is a little boy too but he has a hat on.,,,26.0
15373001,34672,[CAR],see?,,,26.0
15373025,34672,[CAR],this one is bigger.,,,26.0
9058937,24748,[CHI],oh no.,1.0,,30.0
9058959,24748,[CAR],where has this come from?,,,30.0
9058977,24748,[CAR],what is it?,,,30.0
9058994,24748,[CAR],a piece of silver paper.,,,30.0
9059012,24748,[CHI],yes.,,,30.0
9059027,24748,[CAR],you've just found it on the floor haven't you?,,,30.0
9059043,24748,[CHI],yes.,,,30.0
9059060,24748,[CAR],where have we just been?,,,30.0
9059074,24748,[CHI],playgroup.,,,30.0
9059084,24748,[CAR],playgroup.,,,30.0
9059102,24748,[CHI],no happy birthday.,-1.0,other,30.0
9059115,24748,[CAR],no.,,,30.0
9059137,24748,[CAR],there was no happy birthday today was there?,,,30.0
9059157,24748,[CHI],no.,,,30.0
9059172,24748,[CAR],they only sing happy birthday if it's somebody's birthday.,,,30.0
9059190,24748,[CAR],ah are you disappointed?,,,30.0
9059225,24748,[CHI],yes.,,,30.0
9059239,24748,[CHI],not singing the words.,-1.0,"subject, present_progressive",30.0
9059255,24748,[CAR],not singing the words.,,,30.0
9059266,24748,[CHI],no.,,,30.0
9059278,24748,[CAR],oh dear.,,,30.0
9059321,24748,[CHI],hide the table.,0.0,,30.0
9059336,24748,[CAR],hide under the table.,,,30.0
9059354,24748,[CAR],no.,,,30.0
9059371,24748,[CAR],I don't think so.,,,30.0
9059382,24748,[CHI],hide the table.,0.0,,30.0
9059398,24748,[CAR],no.,,,30.0
9059415,24748,[CAR],I think what we'll do Thomas.,,,30.0
9059430,24748,[CAR],we'll get you changed.,,,30.0
9059464,24748,[CAR],let's get you changed and then we can have lunch.,,,30.0
9059482,24748,[CAR],because.,,,30.0
9059507,24748,[CAR],where've we been?,,,30.0
9059522,24748,[CHI],me got fire engine.,-1.0,"determiner, determiner",30.0
9059539,24748,[CAR],are you going to play with the fire engine again?,,,30.0
9059557,24748,[CHI],yes.,,,30.0
9059572,24748,[CAR],where've we been?,,,30.0
9059590,24748,[CAR],a sausagerollshop.,,,30.0
9059606,24748,[CAR],that's how you can tell it's Tuesday.,,,30.0
9059624,24748,[CAR],we go to the sausage roll shop on Tuesdays don't we?,,,30.0
9059649,24748,[CHI],oh no no no no.,1.0,,30.0
9059667,24748,[CHI],not me changed.,-1.0,"determiner, tense_aspect",30.0
9059686,24748,[CAR],yes darling.,,,30.0
9059699,24748,[CAR],you need changing.,,,30.0
9059715,24748,[CHI],no.,,,30.0
9059729,24748,[CHI],a play a fire engine.,-1.0,"subject, tense_aspect",30.0
9059747,24748,[CAR],you wanna play with the fire engine.,,,30.0
9059765,24748,[CHI],yes.,,,30.0
9059782,24748,[CAR],oh perhaps you don't need your nappie changing.,,,30.0
9059802,24748,[CHI],no.,,,30.0
9059817,24748,[CAR],we'll change it after lunch shall we?,,,30.0
9059835,24748,[CAR],yes.,,,30.0
9059860,24748,[CAR],we'll change it after lunch shall we?,,,30.0
9059868,24748,[CAR],you'll need changing then won't you?,,,30.0
9059886,24748,[CHI],yes.,,,30.0
9059900,24748,[CAR],yes.,,,30.0
9059961,24748,[CHI],yes.,,,30.0
9059975,24748,[CHI],watch a Thomas.,0.0,,30.0
9059993,24748,[CHI],mind the dressing gown.,0.0,,30.0
9060010,24748,[CAR],mind the dressing gown.,,,30.0
9060030,24748,[CAR],that's your pyjamas.,,,30.0
9060051,24748,[CHI],mind the pyjamas.,0.0,,30.0
9060069,24748,[CAR],mind the pyjamas.,,,30.0
9060083,24748,[CHI],yes.,,,30.0
9060099,24748,[CAR],we needta wash your hands as well before lunch.,,,30.0
9060115,24748,[CHI],a trailer too.,0.0,,30.0
9060133,24748,[CAR],and there's a trailer too.,,,30.0
9060151,24748,[CAR],you can see that on the floor can you?,,,30.0
9060170,24748,[CHI],no no no trailer.,-1.0,determiner,30.0
9060192,24748,[CAR],no trailer.,,,30.0
9060212,24748,[CHI],no.,,,30.0
9060224,24748,[CAR],I think it's the train you're thinking of Thomas.,,,30.0
9060244,24748,[CAR],shall I find the train?,,,30.0
9060260,24748,[CHI],yes.,,,30.0
9060282,24748,[CHI],another train please.,1.0,,30.0
9060294,24748,[CAR],there we are.,,,30.0
9060310,24748,[CAR],you like playing with your train having your lunch don't you?,,,30.0
9060330,24748,[CHI],yes.,,,30.0
9060345,24748,[CAR],right.,,,30.0
9060365,24748,[CAR],you just wash your hands first.,,,30.0
9060379,24748,[CHI],beebeebabeeba.,,,30.0
9060394,24748,[CAR],beebabeeba.,,,30.0
9060405,24748,[CHI],oh no.,1.0,,30.0
9060439,24748,[CHI],oh driver.,-1.0,determiner,30.0
9060454,24748,[CHI],on the table driver.,-1.0,"verb, determiner",30.0
9060477,24748,[CAR],driver.,,,30.0
9060516,24748,[CHI],on the table.,0.0,,30.0
9060538,24748,[CAR],there we are.,,,30.0
9060554,24748,[CAR],give your hands a nice wash.,,,30.0
9060574,24748,[CAR],your hands feel quite cold.,,,30.0
9060589,24748,[CAR],did we walk to playgroup with Jo and Becky this morning?,,,30.0
9060612,24748,[CHI],yes.,,,30.0
9060632,24748,[CAR],and what have we found out about Aunty_Jo?,,,30.0
9060652,24748,[CAR],she's going to have a baby isn't she?,,,30.0
9060675,24748,[CHI],yes.,,,30.0
9060697,24748,[CAR],as well as Becky to look after she's going to have a little baby next Summer.,,,30.0
9060716,24748,[CHI],little baby.,-1.0,determiner,30.0
9060735,24748,[CAR],a little baby next Summer.,,,30.0
9060760,24748,[CAR],yes.,,,30.0
9060776,24748,[CAR],we thought she was walking very slowly up the hill didn't we?,,,30.0
9060796,24748,[CAR],this morning.,,,30.0
9060815,24748,[CHI],yes.,,,30.0
9060833,24748,[CAR],and she's tired that's why.,,,30.0
9060852,24748,[CHI],tired.,,,30.0
9060868,24748,[CAR],she's tired Aunty_Jo.,,,30.0
9060900,24748,[CAR],oh like that.,,,30.0
9060918,24748,[CAR],yes.,,,30.0
9060925,24748,[CAR],I think that's what she said.,,,30.0
9060949,24748,[CAR],she said.,,,30.0
9060959,24748,[CAR],which is what Mummy says about that hill doesn't she?,,,30.0
9061020,24748,[CAR],are you imitating Mummy?,,,30.0
9061038,24748,[CHI],a trailer please.,1.0,,30.0
9061047,24748,[CAR],just a second.,,,30.0
9061067,24748,[CAR],right.,,,30.0
9061086,24748,[CAR],let's put a bib on because we're going to have lunch aren't we?,,,30.0
9061107,24748,[CHI],no lunch.,-1.0,other,30.0
9061123,24748,[CHI],no.,,,30.0
9061140,24748,[CAR],oh yes.,,,30.0
9061155,24748,[CAR],I think we'll have some lunch.,,,30.0
9061169,24748,[CHI],no.,,,30.0
9061190,24748,[CAR],no.,,,30.0
9061203,24748,[CAR],are you not hungry?,,,30.0
9061220,24748,[CHI],no.,,,30.0
9061233,24748,[CAR],oh right.,,,30.0
9061251,24748,[CAR],oh well if you're not hungry.,,,30.0
9061268,24748,[CAR],but I bet you are really Thomas aren't you?,,,30.0
9061282,24748,[CHI],no.,,,30.0
9061297,24748,[CAR],oh that's what you tell me.,,,30.0
9061316,24748,[CAR],there we are.,,,30.0
9061339,24748,[CAR],there's a bit of fluff in the train isn't there?,,,30.0
9061356,24748,[CAR],let's blow it out.,,,30.0
9061379,24748,[CAR],so were you disappointed?,,,30.0
9061406,24748,[CHI],no.,,,30.0
9061419,24748,[CAR],that nobody had a birthday at toddler group this morning.,,,30.0
9061438,24748,[CHI],no no no birthday.,-1.0,other,30.0
9061458,24748,[CAR],no happy birthday.,,,30.0
9061474,24748,[CHI],no no.,1.0,,30.0
9061483,24748,[CHI],another birthday.,-1.0,other,30.0
9061505,24748,[CHI],another birthday.,-1.0,other,30.0
9061526,24748,[CAR],well next week you've got to sing happy birthday to your Granddad haven't you?,,,30.0
9061565,24748,[CAR],because Granddad's going to be eighty.,,,30.0
9061578,24748,[CHI],eighty.,,,30.0
9061589,24748,[CHI],oh dear.,1.0,,30.0
9061607,24748,[CHI],oh dear.,1.0,,30.0
9061620,24748,[CHI],piece train I think.,-1.0,"preposition, determiner",30.0
9061635,24748,[CAR],what do you think?,,,30.0
9061648,24748,[CHI],piece trailer.,-1.0,"preposition, determiner",30.0
9061665,24748,[CHI],oh.,,,30.0
9061681,24748,[CAR],yes.,,,30.0
9061704,24748,[CAR],I think a little bit of it's missing isn't it?,,,30.0
9061728,24748,[CAR],that's right.,,,30.0
9061751,24748,[CAR],you play with the train.,,,30.0
9061769,24748,[CHI],choo.,,,30.0
9061786,24748,[CAR],is that what the train says?,,,30.0
9061860,24748,[CHI],stop.,,,30.0
9061885,24748,[CAR],oh Thomas what happened to the bag that we brought back from the baker's.,,,30.0
9061916,24748,[CAR],oh here it is.,,,30.0
9061941,24748,[CHI],nothing in it.,-1.0,"subject, verb",30.0
9061960,24748,[CHI],nothing in it.,-1.0,"subject, verb",30.0
9061976,24748,[CAR],nothing in it.,,,30.0
9061989,24748,[CHI],yes.,,,30.0
9062006,24748,[CHI],nothing in it.,-1.0,"subject, verb",30.0
9062021,24748,[CAR],there is something in it.,,,30.0
9062042,24748,[CAR],there you are.,,,30.0
9062059,24748,[CHI],no.,,,30.0
9062076,24748,[CHI],thank you horse.,1.0,,30.0
9062090,24748,[CHI],ta much indeed.,-1.0,other,30.0
9062102,24748,[CAR],thank you horse.,,,30.0
9062116,24748,[CAR],ta much indeed.,,,30.0
9062134,24748,[CAR],why are you saying thank you to the horse?,,,30.0
9062153,24748,[CHI],ta much indeed.,-1.0,other,30.0
9062168,24748,[CHI],in the car.,-1.0,"subject, verb",30.0
9062182,24748,[CHI],vroom vroom.,0.0,,30.0
9062197,24748,[CAR],the horse is getting in the car is it?,,,30.0
9062218,24748,[CHI],yes.,,,30.0
9062233,24748,[CHI],not fit.,-1.0,"subject, verb",30.0
9062247,24748,[CAR],no.,,,30.0
9062263,24748,[CAR],it won't fit.,,,30.0
9062277,24748,[CAR],no.,,,30.0
9062293,24748,[CHI],no.,,,30.0
9062304,24748,[CAR],nice sausage roll.,,,30.0
9062336,24748,[CAR],and some crisps.,,,30.0
9062363,24748,[CAR],you have crisps nearly everyday now Thomas.,,,30.0
9062379,24748,[CAR],don't you?,,,30.0
9062396,24748,[CAR],would you like another drink of juice sweetheart?,,,30.0
9062413,24748,[CHI],no.,,,30.0
9062421,24748,[CAR],no what?,,,30.0
9062435,24748,[CHI],no thanks.,1.0,,30.0
9062452,24748,[CAR],no thank you.,,,30.0
9062468,24748,[CAR],that's better.,,,30.0
9062487,24748,[CAR],good boy.,,,30.0
9062512,24748,[CAR],would you like some cheese with your sausage roll?,,,30.0
9062540,24748,[CHI],no.,,,30.0
9062555,24748,[CAR],pardon.,,,30.0
9062571,24748,[CHI],no no thanks.,1.0,,30.0
9062591,24748,[CAR],good boy.,,,30.0
9062608,24748,[CAR],that's better.,,,30.0
9062624,24748,[CHI],wait a minute.,1.0,,30.0
9062638,24748,[CAR],wait a minute.,,,30.0
9062654,24748,[CHI],wait a minute.,1.0,,30.0
9062669,24748,[CHI],what's this now?,1.0,,30.0
9062681,24748,[CHI],what's this?,1.0,,30.0
9062702,24748,[CAR],that is a little bit of cheese because even though you said you didn't want it I thought perhaps you would when you saw it.,,,30.0
9062726,24748,[CAR],does that taste nice?,,,30.0
9062743,24748,[CHI],not taste nice.,-1.0,"subject, auxiliary",30.0
9062758,24748,[CAR],not taste nice.,,,30.0
9062775,24748,[CAR],oh I think it tastes nice.,,,30.0
9062815,24748,[CAR],so have you seen Sonia and Isabel this morning?,,,30.0
9062832,24748,[CHI],no.,,,30.0
9062845,24748,[CAR],no.,,,30.0
9062858,24748,[CAR],we have.,,,30.0
9062875,24748,[CHI],yes.,,,30.0
9062893,24748,[CAR],Isabel's Mummy is still hobbling around isn't she?,,,30.0
9062913,24748,[CHI],no red jam.,-1.0,"subject, verb",30.0
9062929,24748,[CAR],no.,,,30.0
9062942,24748,[CAR],it's not jam darling.,,,30.0
9062959,24748,[CAR],no.,,,30.0
9062976,24748,[CAR],it's cabbage.,,,30.0
9062989,24748,[CHI],cabbage.,,,30.0
9063006,24748,[CAR],red cabbage.,,,30.0
9063024,24748,[CAR],it's a salad.,,,30.0
9063050,24748,[CAR],Mummy's having some salad.,,,30.0
9063061,24748,[CAR],would you like some salad?,,,30.0
9063076,24748,[CHI],no.,,,30.0
9063089,24748,[CAR],no.,,,30.0
9063105,24748,[CHI],no thanks.,1.0,,30.0
9063118,24748,[CAR],good boy.,,,30.0
9063134,24748,[CAR],that's better.,,,30.0
9063162,24748,[CAR],mm tastes.,,,30.0
9063178,24748,[CHI],tastes.,,,30.0
9063191,24748,[CAR],pardon.,,,30.0
9063213,24748,[CHI],tasty.,,,30.0
9063228,24748,[CAR],tasty.,,,30.0
9063243,24748,[CAR],it is tasty.,,,30.0
9063257,24748,[CAR],it's really lovely isn't it?,,,30.0
9063288,24748,[CHI],yes.,,,30.0
9063306,24748,[CHI],sausage roll fell over.,-1.0,determiner,30.0
9063347,24748,[CAR],sausage roll fell over.,,,30.0
9063369,24748,[CAR],yes.,,,30.0
9063385,24748,[CAR],I was cutting it and it just rolled didn't it?,,,30.0
9063405,24748,[CAR],a little bit.,,,30.0
9063420,24748,[CAR],these are nice today aren't they?,,,30.0
9063436,24748,[CHI],yes.,,,30.0
9063467,24748,[CAR],because last week we went to the sausagerollshop.,,,30.0
9063487,24748,[CHI],shut.,,,30.0
9063507,24748,[CAR],oh no.,,,30.0
9063524,24748,[CAR],it wasn't shut.,,,30.0
9063541,24748,[CAR],no.,,,30.0
9063559,24748,[CAR],it was it was open when we walked past yesterday but we didn't want any did we?,,,30.0
9063580,24748,[CAR],but last week the lady have some really burnt sausage rolls and she tried to sell us those and Mummy said no thank you.,,,30.0
9063607,24748,[CAR],and she said I'd like those at the front please.,,,30.0
9063627,24748,[CAR],they were very dark weren't they?,,,30.0
9063642,24748,[CHI],yes.,,,30.0
9063657,24748,[CAR],and we didn't want those did we?,,,30.0
9063675,24748,[CHI],no.,,,30.0
9063692,24748,[CHI],no want those.,-1.0,"subject, auxiliary",30.0
9063710,24748,[CAR],no.,,,30.0
9063728,24748,[CAR],we didn't want those.,,,30.0
9063741,24748,[CAR],we wanted the ones that looked very nice at the front.,,,30.0
9063757,24748,[CHI],tasty.,,,30.0
9063773,24748,[CHI],tasty front.,-1.0,determiner,30.0
9063790,24748,[CAR],pardon.,,,30.0
9063800,24748,[CHI],tasty.,,,30.0
9063808,24748,[CAR],tasty.,,,30.0
9063826,24748,[CAR],it is tasty Thomas.,,,30.0
9063844,24748,[CAR],it's lovely and tasty.,,,30.0
9063866,24748,[CHI],grapefruit.,,,30.0
9063885,24748,[CAR],grapefruit.,,,30.0
9063899,24748,[CAR],no.,,,30.0
9063915,24748,[CAR],it's not grapefruit.,,,30.0
9063927,24748,[CAR],this is red cabbage.,,,30.0
9063943,24748,[CHI],red cabbage.,1.0,,30.0
9063960,24748,[CAR],red cabbage.,,,30.0
9063983,24748,[CHI],no.,,,30.0
9063999,24748,[CHI],red cabbage.,1.0,,30.0
9064012,24748,[CAR],hm.,,,30.0
9064029,24748,[CAR],a red cabbage.,,,30.0
9064050,24748,[CHI],cabbage.,,,30.0
9064083,24748,[CAR],who grows cabbages?,,,30.0
9064099,24748,[CAR],Granddad.,,,30.0
9064117,24748,[CHI],no.,,,30.0
9064129,24748,[CHI],two cabbage.,-1.0,"verb, plural",30.0
9064146,24748,[CHI],no cabbage.,-1.0,"subject, verb",30.0
9064165,24748,[CHI],cabbage.,,,30.0
9064185,24748,[CHI],no Sooty.,-1.0,"subject, verb",30.0
9064202,24748,[CAR],no we've seen Jo and Becky today but she didn't have Sooty the dog with her did she?,,,30.0
9064226,24748,[CHI],no.,,,30.0
9064240,24748,[CHI],not bite Thomas.,-1.0,auxiliary,30.0
9064264,24748,[CAR],no.,,,30.0
9064279,24748,[CAR],not bite Thomas.,,,30.0
9064299,24748,[CAR],I don't think you've been bitten by a dog Thomas have you?,,,30.0
9064315,24748,[CAR],but you know that the postman was.,,,30.0
9064333,24748,[CAR],Ray was bitten by a dog wasn't he?,,,30.0
9064348,24748,[CHI],hm.,,,30.0
9064359,24748,[CAR],the sun's still shining isn't it?,,,30.0
9064376,24748,[CHI],yes.,,,30.0
9064393,24748,[CHI],hold big blue pen.,-1.0,determiner,30.0
9064407,24748,[CAR],hm.,,,30.0
9064418,24748,[CHI],hold it.,1.0,,30.0
9064430,24748,[CAR],you want hold the big pen now.,,,30.0
9064454,24748,[CAR],leave it there.,,,30.0
9064468,24748,[CAR],we're eating our lunch now aren't we?,,,30.0
9064481,24748,[CHI],no.,,,30.0
9064498,24748,[CAR],are you tired?,,,30.0
9064509,24748,[CHI],no.,,,30.0
9064524,24748,[CAR],good.,,,30.0
9064540,24748,[CAR],oh be careful.,,,30.0
9064561,24748,[CAR],no.,,,30.0
9064574,24748,[CAR],don't kick Thomas don't kick.,,,30.0
9064591,24748,[CAR],it's not nice.,,,30.0
9064607,24748,[CAR],if you keep on kicking I shall take your shoes off and then when you kick the table it'll hurt your foot won't it?,,,30.0
9064627,24748,[CHI],no shoes.,-1.0,"subject, verb",30.0
9064637,24748,[CAR],I will.,,,30.0
9064652,24748,[CAR],are you tired?,,,30.0
9064673,24748,[CHI],no.,,,30.0
9064684,24748,[CAR],right.,,,30.0
9064704,24748,[CAR],I'm taking Thomas's shoe off now.,,,30.0
9064720,24748,[CAR],and if you kick it now it'll hurt a_lot.,,,30.0
9064737,24748,[CHI],no.,,,30.0
9064747,24748,[CHI],oh!,,,30.0
9064762,24748,[CAR],oh!,,,30.0
9064778,24748,[CHI],oh!,,,30.0
9064791,24748,[CHI],a grapefruit.,0.0,,30.0
9064804,24748,[CAR],it isn't grapefruit darling.,,,30.0
9064818,24748,[CAR],it's red cabbage.,,,30.0
9064838,24748,[CAR],why do you say grapefruit?,,,30.0
9064853,24748,[CHI],hold the cabbage.,0.0,,30.0
9064871,24748,[CAR],are you thinking of pink grapefruit?,,,30.0
9064889,24748,[CHI],hold the pink fruit.,0.0,,30.0
9064908,24748,[CAR],hold the pink fruit.,,,30.0
9064923,24748,[CAR],it's red cabbage.,,,30.0
9064942,24748,[CHI],red cabbage.,1.0,,30.0
9064952,24748,[CAR],now hold the jar very very carefully.,,,30.0
9064971,24748,[CHI],it's cold.,1.0,,30.0
9064994,24748,[CAR],it's cold.,,,30.0
9065005,24748,[CAR],yes.,,,30.0
9065016,24748,[CAR],it has just come out of the fridge.,,,30.0
9065035,24748,[CAR],no.,,,30.0
9065058,24748,[CAR],you can't take the lid off.,,,30.0
9065079,24748,[CHI],broke it.,-1.0,subject,30.0
9065097,24748,[CAR],no.,,,30.0
9065115,24748,[CAR],it hasn't broken.,,,30.0
9065133,24748,[CAR],but the lid has got to be kept on tightly to keep it fresh hasn't it?,,,30.0
9065154,24748,[CHI],yes.,,,30.0
9065172,24748,[CHI],oh!,,,30.0
9065188,24748,[CAR],it's a glass jar.,,,30.0
9065206,24748,[CHI],yes.,,,30.0
9065224,24748,[CAR],what else is made from glass?,,,30.0
9065256,24748,[CHI],glass on.,-1.0,"determiner, verb",30.0
9065276,24748,[CHI],glass.,,,30.0
9065292,24748,[CAR],it's glass.,,,30.0
9065314,24748,[CAR],it's the glass jar.,,,30.0
9065332,24748,[CHI],big bears eat it.,1.0,,30.0
9065347,24748,[CAR],big bears eat it.,,,30.0
9065362,24748,[CAR],the red cabbage.,,,30.0
9065382,24748,[CHI],red cabbage.,1.0,,30.0
9065399,24748,[CAR],are you going to have some more sausage roll Thomas?,,,30.0
9065420,24748,[CHI],no.,,,30.0
9065443,24748,[CAR],what about the driver and the horse?,,,30.0
9065458,24748,[CAR],would they like some?,,,30.0
9065476,24748,[CHI],yes.,,,30.0
9065497,24748,[CHI],choo choo.,0.0,,30.0
9065515,24748,[CHI],get out driver.,1.0,,30.0
9065541,24748,[CAR],get out driver.,,,30.0
9065554,24748,[CHI],yes.,,,30.0
9065569,24748,[CHI],shut the cab.,0.0,,30.0
9065586,24748,[CAR],shut the cab.,,,30.0
9065607,24748,[CHI],the horse is jumping too.,1.0,,30.0
9065622,24748,[CAR],the horse is jumping too.,,,30.0
9065641,24748,[CHI],yes.,,,30.0
9065653,24748,[CAR],the horse is galloping.,,,30.0
9065671,24748,[CHI],not reach.,-1.0,"subject, auxiliary",30.0
9065688,24748,[CAR],can the horse not reach the sausage roll?,,,30.0
9065706,24748,[CAR],well perhaps I'll turn the plate round.,,,30.0
9065731,24748,[CAR],can the horse reach now?,,,30.0
9065752,24748,[CHI],yes.,,,30.0
9065772,24748,[CHI],it.,,,30.0
9065788,24748,[CAR],I think when we've had our sausage roll we might ice some little biscuits to have as a dessert.,,,30.0
9065812,24748,[CAR],what do you think?,,,30.0
9065820,24748,[CAR],does that sound like a good idea?,,,30.0
9065840,24748,[CHI],yes.,,,30.0
9065853,24748,[CHI],open the cab.,0.0,,30.0
9065893,24748,[CAR],open the cab.,,,30.0
9065927,24748,[CHI],yes.,,,30.0
9065942,24748,[CAR],for the driver to get in.,,,30.0
9065958,24748,[CHI],shut.,,,30.0
9065995,24748,[CHI],open.,,,30.0
9066008,24748,[CHI],shut.,,,30.0
9066026,24748,[CAR],are you just going to have a little bit more to eat Thomas?,,,30.0
9066044,24748,[CHI],eat it.,-1.0,"subject, tense_aspect",30.0
9066063,24748,[CAR],who can eat it?,,,30.0
9066081,24748,[CHI],choochootank eat it.,-1.0,present_progressive,30.0
9066097,24748,[CAR],choochootank eat it.,,,30.0
9066116,24748,[CAR],you mean the train driver or the train?,,,30.0
9066136,24748,[CHI],train.,,,30.0
9066154,24748,[CAR],the train.,,,30.0
9066170,24748,[CAR],I don't think trains eat the food that we eat Thomas.,,,30.0
9066190,24748,[CAR],what do horses eat?,,,30.0
9066203,24748,[CAR],horses eat hay don't they?,,,30.0
9066219,24748,[CHI],yes.,,,30.0
9066235,24748,[CHI],galloping.,,,30.0
9066250,24748,[CAR],is it galloping galloping galloping?,,,30.0
9066268,24748,[CHI],no.,,,30.0
9066284,24748,[CAR],there's some apple there as well in the middle of the table on the bowl.,,,30.0
9066307,24748,[CAR],on the plate rather.,,,30.0
9066330,24748,[CHI],the bowl.,0.0,,30.0
9066360,24748,[CHI],no.,,,30.0
9066380,24748,[CHI],the eat it.,-1.0,"subject, tense_aspect",30.0
9066398,24748,[CAR],can you reach the apple?,,,30.0
9066413,24748,[CHI],no.,,,30.0
9066429,24748,[CAR],no.,,,30.0
9066438,24748,[CAR],mm that tastes nice.,,,30.0
9066457,24748,[CAR],steady.,,,30.0
9066476,24748,[CHI],train driver on a platform.,-1.0,"determiner, determiner",30.0
9066500,24748,[CAR],the driver's on the platform.,,,30.0
9066524,24748,[CAR],I think he's going to have a cup of coffee.,,,30.0
9066541,24748,[CAR],would he like to share my coffee?,,,30.0
9066567,24748,[CAR],mm.,,,30.0
9066586,24748,[CAR],oh lovely.,,,30.0
9066600,24748,[CAR],he's enjoying a warm drink isn't he?,,,30.0
9066617,24748,[CHI],enjoyed it.,-1.0,subject,30.0
9066633,24748,[CAR],enjoyed it.,,,30.0
9066651,24748,[CAR],yes.,,,30.0
9066665,24748,[CAR],that's right.,,,30.0
9066678,24748,[CHI],the horse drink it.,-1.0,sv_agreement,30.0
9066692,24748,[CAR],the horse drink it.,,,30.0
9066706,24748,[CHI],yes.,,,30.0
9066719,24748,[CAR],do you think the horse would like some coffee or it might prefer some water?,,,30.0
9066734,24748,[CAR],do you think the horse would prefer water?,,,30.0
9066755,24748,[CHI],yes.,,,30.0
9066768,24748,[CAR],yes.,,,30.0
9066778,24748,[CAR],the horse eats hay and drinks water.,,,30.0
9066792,24748,[CAR],it's the engine driver that perhaps he'd like a sausage roll and a sandwich.,,,30.0
9066805,24748,[CAR],and he might like to share your apple and have a cup of coffee.,,,30.0
9066825,24748,[CAR],the horse might like the apple.,,,30.0
9066845,24748,[CHI],horse eat.,-1.0,"determiner, sv_agreement",30.0
9066862,24748,[CAR],hm.,,,30.0
9066877,24748,[CAR],horses eat apples.,,,30.0
9066889,24748,[CHI],oh.,,,30.0
9066907,24748,[CAR],did he enjoy that?,,,30.0
9066924,24748,[CHI],yes.,,,30.0
9066946,24748,[CHI],he eating crisps.,-1.0,present_progressive,30.0
9066965,24748,[CAR],he's eating crisps.,,,30.0
9066982,24748,[CHI],bye bye horse.,1.0,,30.0
9066994,24748,[CAR],do you think the horse would like some crisps as well?,,,30.0
9067009,24748,[CHI],yes.,,,30.0
9067028,24748,[CHI],mm.,,,30.0
9067041,24748,[CAR],mm nice.,,,30.0
9067054,24748,[CHI],the driver on platform.,-1.0,"verb, determiner",30.0
9067070,24748,[CAR],the driver's back on the platform.,,,30.0
9067086,24748,[CAR],I think the driver better get back in his train and go off you know.,,,30.0
9067114,24748,[CAR],it's going to be late.,,,30.0
9067131,24748,[CHI],late.,,,30.0
9067145,24748,[CAR],let's look at Mummy's watch?,,,30.0
9067160,24748,[CAR],what time is it?,,,30.0
9067175,24748,[CHI],twelve o'clock.,1.0,,30.0
9067188,24748,[CAR],it's it's what time?,,,30.0
9067214,24748,[CHI],eighty.,,,30.0
9067252,24748,[CAR],eight o'clock.,,,30.0
9067278,24748,[CAR],no.,,,30.0
9067295,24748,[CAR],it's five to one.,,,30.0
9067310,24748,[CAR],it's nearly one o'clock.,,,30.0
9067336,24748,[CAR],the train's due at one.,,,30.0
9067351,24748,[CAR],it's almost one o'clock.,,,30.0
9067364,24748,[CHI],drive off.,0.0,,30.0
9067380,24748,[CHI],drive off.,0.0,,30.0
9067396,24748,[CAR],that's right.,,,30.0
9067410,24748,[CAR],put the horse in the trailer.,,,30.0
9067421,24748,[CAR],and they better go quickly hadn't they?,,,30.0
9067440,24748,[CAR],otherwise they're going to be late.,,,30.0
9067471,24748,[CAR],and we don't want them late do we?,,,30.0
9067485,24748,[CHI],no.,,,30.0
9067508,24748,[CHI],drive off.,0.0,,30.0
9067518,24748,[CAR],is he driving off now?,,,30.0
9067531,24748,[CHI],yes.,,,30.0
9067544,24748,[CHI],no late.,-1.0,other,30.0
9067557,24748,[CHI],no late.,-1.0,other,30.0
9067572,24748,[CAR],Mummy has got very sticky hands now.,,,30.0
9067594,24748,[CHI],drive off now.,-1.0,"subject, present_progressive",30.0
9067610,24748,[CAR],would you like some of this Thomas?,,,30.0
9067639,24748,[CHI],no.,,,30.0
9067654,24748,[CAR],would you like some of that?,,,30.0
9067669,24748,[CHI],no.,,,30.0
9067693,24748,[CAR],and where's the train going to now he has driven off?,,,30.0
9067709,24748,[CHI],Manchester.,,,30.0
9067723,24748,[CAR],to Manchester.,,,30.0
9067735,24748,[CHI],yes.,,,30.0
9067749,24748,[CAR],mhm.,,,30.0
9067767,24748,[CAR],whereabouts is he going to in Manchester because he has got a horse in the back?,,,30.0
9067790,24748,[CHI],got horse.,-1.0,"subject, determiner",30.0
9067797,24748,[CHI],got horse on it.,-1.0,"subject, determiner",30.0
9067820,24748,[CAR],got a horse on it.,,,30.0
9067834,24748,[CHI],no.,,,30.0
9067847,24748,[CAR],where do you think he's going?,,,30.0
9067865,24748,[CHI],Manchester.,,,30.0
9067880,24748,[CAR],to Manchester.,,,30.0
9067891,24748,[CAR],do you think the horse is perhaps a police horse and the police man's going to ride it through the streets of Manchester?,,,30.0
9067912,24748,[CHI],no.,,,30.0
9067929,24748,[CHI],come back again.,0.0,,30.0
9067944,24748,[CAR],it has come back again.,,,30.0
9067957,24748,[CAR],because police men do ride horses in Manchester don't they?,,,30.0
9067974,24748,[CAR],we've seen them.,,,30.0
9067988,24748,[CHI],there there.,0.0,,30.0
9068005,24748,[CAR],police horses.,,,30.0
9068019,24748,[CHI],there there.,0.0,,30.0
9068043,24748,[CHI],not talking any words.,-1.0,"subject, auxiliary",30.0
9068052,24748,[CAR],pardon.,,,30.0
9068062,24748,[CHI],not?,,,30.0
9068079,24748,[CHI],oh.,,,30.0
9068091,24748,[CHI],look Mummy.,1.0,,30.0
9068107,24748,[CAR],look Mummy.,,,30.0
9068122,24748,[CAR],yes.,,,30.0
9068139,24748,[CAR],that's clever isn't it?,,,30.0
9068154,24748,[CHI],yes.,,,30.0
9068167,24748,[CAR],the train's now pulling a trailer with a horse in the back and two cars.,,,30.0
9068181,24748,[CAR],one of them a racing car.,,,30.0
9068193,24748,[CAR],and they've all clipped together haven't they?,,,30.0
9068209,24748,[CAR],I think you said look Mummy didn't you?,,,30.0
9068226,24748,[CHI],yes.,,,30.0
9068242,24748,[CAR],yes.,,,30.0
9068257,24748,[CAR],look Mummy.,,,30.0
9068275,24748,[CAR],mm.,,,30.0
9068290,24748,[CHI],look Mummy.,1.0,,30.0
9068301,24748,[CAR],that's a very very big load.,,,30.0
9068321,24748,[CAR],it's a long train isn't it?,,,30.0
9068335,24748,[CHI],pop.,,,30.0
9068350,24748,[CHI],pop.,,,30.0
9068367,24748,[CAR],pop.,,,30.0
9068381,24748,[CAR],are you pulling them apart?,,,30.0
9068397,24748,[CHI],pop.,,,30.0
9068413,24748,[CAR],it looks to me now as if the racing car is pulling the train.,,,30.0
9068428,24748,[CHI],hiding.,,,30.0
9068442,24748,[CHI],not fall down.,-1.0,"subject, auxiliary",30.0
9068458,24748,[CAR],hiding.,,,30.0
9068471,24748,[CAR],not fall down.,,,30.0
9068485,24748,[CHI],this piece off.,-1.0,verb,30.0
9068504,24748,[CHI],that's better.,1.0,,30.0
9068517,24748,[CAR],is that better?,,,30.0
9068533,24748,[CHI],yes.,,,30.0
9068546,24748,[CAR],do you think it's time for the horse to have something else to drink?,,,30.0
9068565,24748,[CHI],yes.,,,30.0
9068582,24748,[CAR],would you like to fetch a bucket of water?,,,30.0
9068597,24748,[CHI],bucket of water.,-1.0,determiner,30.0
9068618,24748,[CAR],bucket of water.,,,30.0
9068638,24748,[CAR],you sound snuffly Thomas.,,,30.0
9068651,24748,[CAR],have you got a cold.,,,30.0
9068663,24748,[CHI],no.,,,30.0
9068677,24748,[CHI],no drink.,-1.0,other,30.0
9068691,24748,[CAR],pardon.,,,30.0
9068707,24748,[CHI],no drink.,-1.0,other,30.0
9068721,24748,[CAR],no drink.,,,30.0
9068736,24748,[CAR],does the horse not want a drink?,,,30.0
9068748,24748,[CHI],no.,,,30.0
9068763,24748,[CAR],or could you not find a drink?,,,30.0
9068780,24748,[CHI],no.,,,30.0
9068795,24748,[CAR],you couldn't find a drink to give the horse.,,,30.0
9068816,24748,[CHI],no.,,,30.0
9068827,24748,[CAR],oh dear dear.,,,30.0
9068841,24748,[CAR],I hope he's not thirsty.,,,30.0
9068891,24748,[CAR],when you want a drink you're thirsty.,,,30.0
9068917,24748,[CAR],when you want something to eat you're hungry.,,,30.0
9068936,24748,[CAR],you often tell me you're not hungry or you're hungry but you don't often say thirsty do you?,,,30.0
9068952,24748,[CHI],no.,,,30.0
9068964,24748,[CAR],is Thomas thirsty?,,,30.0
9068981,24748,[CHI],no.,,,30.0
9068994,24748,[CHI],a'gether.,,,30.0
9069009,24748,[CAR],pardon.,,,30.0
9069023,24748,[CHI],a'gether.,,,30.0
9069040,24748,[CAR],a'gether.,,,30.0
9069052,24748,[CHI],yes.,,,30.0
9069067,24748,[CAR],together.,,,30.0
9069076,24748,[CHI],yes.,,,30.0
9069089,24748,[CAR],two together.,,,30.0
9069103,24748,[CHI],not fall a table.,-1.0,"auxiliary, preposition, determiner",30.0
9069114,24748,[CHI],the pieces off.,-1.0,verb,30.0
9069124,24748,[CAR],not fall off the table.,,,30.0
9069139,24748,[CAR],the little pieces off.,,,30.0
9069153,24748,[CHI],carrying the pieces.,-1.0,"subject, auxiliary",30.0
9069168,24748,[CAR],carrying the pieces.,,,30.0
9069184,24748,[CHI],carrying the piece.,-1.0,"subject, auxiliary",30.0
9069202,24748,[CAR],did you say carried a pieces or carrying the pieces?,,,30.0
9069217,24748,[CAR],carry the piece.,,,30.0
9069231,24748,[CAR],are you putting them back together again now?,,,30.0
9069249,24748,[CHI],no.,,,30.0
9069261,24748,[CAR],you look to me as if you are.,,,30.0
9069293,24748,[CAR],well that's a funny thing Thomas.,,,30.0
9069307,24748,[CAR],you've put the engine driver and the cab and the train funnel all on top of the racing car.,,,30.0
9069338,24748,[CAR],it must be jolly strong racing car mustn't it?,,,30.0
9069359,24748,[CHI],yes.,,,30.0
9069375,24748,[CHI],weewee.,,,30.0
9069390,24748,[CHI],wee.,,,30.0
9069397,24748,[CAR],weewee.,,,30.0
9069409,24748,[CHI],wee.,,,30.0
9069422,24748,[CAR],is that the noise it's making wee wee?,,,30.0
9069440,24748,[CAR],is that the noise as it's setting off?,,,30.0
9069463,24748,[CHI],weeweeweeweeweeweewee.,,,30.0
9069487,24748,[CAR],have you had enough of this Thomas?,,,30.0
9069498,24748,[CHI],no.,,,30.0
9069514,24748,[CAR],you don't want anymore?,,,30.0
9069529,24748,[CHI],no.,,,30.0
9069545,24748,[CAR],are you sure?,,,30.0
9069560,24748,[CHI],no.,,,30.0
9069573,24748,[CAR],you're not sure or you mean yes you've had enough.,,,30.0
9069587,24748,[CHI],no.,,,30.0
9069596,24748,[CHI],yes.,,,30.0
9069610,24748,[CHI],enough.,,,30.0
9069621,24748,[CAR],you've had enough.,,,30.0
9069639,24748,[CAR],and would you like a drink now?,,,30.0
9069657,24748,[CHI],no.,,,30.0
9069667,24748,[CAR],no.,,,30.0
9069681,24748,[CAR],I think you're too engrossed in playing with the trains aren't you?,,,30.0
9069697,24748,[CAR],to be bothered about eating.,,,30.0
9069714,24748,[CHI],yes.,,,30.0
9069721,24748,[CHI],juice a blackcurrant.,-1.0,determiner,30.0
9069735,24748,[CAR],blackcurrant.,,,30.0
9069744,24748,[CAR],that's right.,,,30.0
9069756,24748,[CHI],all done now.,0.0,,30.0
9069771,24748,[CHI],shop.,,,30.0
9069800,24748,[CHI],shops a more.,-1.0,other,30.0
9069823,24748,[CAR],oh all done now.,,,30.0
9069841,24748,[CAR],shops for some more.,,,30.0
9069854,24748,[CAR],yes.,,,30.0
9069868,24748,[CAR],we don't seem to have a lot of blackcurrant left in the bottle do we?,,,30.0
9069886,24748,[CHI],yes.,,,30.0
9069904,24748,[CHI],little drop there.,-1.0,"verb, determiner",30.0
9069922,24748,[CAR],there's a little drop there.,,,30.0
9069939,24748,[CHI],there.,,,30.0
9069950,24748,[CAR],well tomorrow if we don't go to the shops later today.,,,30.0
9069964,24748,[CAR],tomorrow when Grandma and Granddad come and they ask of we need anything from the shops because they usually do we'll say yes please a bottle of blackcurrant juice for Thomas.,,,30.0
9069983,24748,[CAR],how about that?,,,30.0
9070003,24748,[CHI],yes.,,,30.0
9070018,24748,[CAR],and what do you say?,,,30.0
9070034,24748,[CHI],yes please.,1.0,,30.0
9070050,24748,[CAR],yes please.,,,30.0
9070066,24748,[CAR],what do you say now that I've just given you some blackcurrant?,,,30.0
9070086,24748,[CHI],thanks.,,,30.0
9070104,24748,[CAR],thanks.,,,30.0
9070118,24748,[CAR],that's alright.,,,30.0
9070132,24748,[CAR],right.,,,30.0
9070143,24748,[CAR],I shall tidy those things away.,,,30.0
9070156,24748,[CAR],and I'll put the apple in a bowl because I think you might eat that later.,,,30.0
9070174,24748,[CHI],yes.,,,30.0
9070187,24748,[CAR],I needta buy some more fruit from the shop as well Thomas.,,,30.0
9070206,24748,[CAR],we haven't got many apples or bananas have we?,,,30.0
9070222,24748,[CHI],no apples.,-1.0,"subject, verb",30.0
9070236,24748,[CAR],no.,,,30.0
9070249,24748,[CHI],no pears there.,-1.0,"subject, verb",30.0
9070264,24748,[CAR],no.,,,30.0
9070275,24748,[CAR],no pears.,,,30.0
9070290,24748,[CAR],there are a few apples but not very many.,,,30.0
9070306,24748,[CAR],and we've got two bananas.,,,30.0
9070320,24748,[CAR],that's all we've got.,,,30.0
9070332,24748,[CAR],two bananas.,,,30.0
9070344,24748,[CHI],bananas.,,,30.0
9070359,24748,[CAR],that's not going to keep us going very long is it?,,,30.0
9070377,24748,[CAR],there we are.,,,30.0
9070394,24748,[CAR],I'll pop the bowl of apples there and then if you decide to eat some more later you know where it is.,,,30.0
9070415,24748,[CAR],Mummy has got some vegetables to peel.,,,30.0
9070430,24748,[CAR],while you're playing with your train shall I do that?,,,30.0
9070444,24748,[CHI],no.,,,30.0
9070472,24748,[CAR],no.,,,30.0
9070486,24748,[CAR],you don't want me to peel any vegetables.,,,30.0
9070499,24748,[CHI],no.,,,30.0
9070510,24748,[CAR],oh.,,,30.0
9070521,24748,[CHI],big bears eat it.,1.0,,30.0
9070533,24748,[CAR],big bears eat it.,,,30.0
9070545,24748,[CHI],Isabel.,,,30.0
9070564,24748,[CAR],did you say something about Isabel?,,,30.0
9070568,24748,[CHI],yes.,,,30.0
9070576,24748,[CHI],Daddy_Rod eat it.,-1.0,present_progressive,30.0
9070586,24748,[CAR],Isabel and Daddy_Rod eat it.,,,30.0
9070598,24748,[CHI],yes.,,,30.0
9070610,24748,[CHI],Daddy Daddy_Rod hungry.,-1.0,verb,30.0
9070623,24748,[CAR],Daddy_Rod's hungry is he?,,,30.0
9070634,24748,[CHI],yes.,,,30.0
9070645,24748,[CHI],what we make?,-1.0,present_progressive,30.0
9070658,24748,[CAR],are you asking me what we make?,,,30.0
9070672,24748,[CAR],oh this is something that you learnt at bangadrumtime isn't it?,,,30.0
9070682,24748,[CHI],yes.,,,30.0
9070695,24748,[CAR],and you say what shall we make.,,,30.0
9070716,24748,[CAR],and I will say strawberry milkshake.,,,30.0
9070732,24748,[CHI],shake shake.,0.0,,30.0
9070743,24748,[CHI],hold the carrots.,0.0,,30.0
9070755,24748,[CAR],shake shake.,,,30.0
9070776,24748,[CAR],hold the carrots.,,,30.0
9070783,24748,[CAR],well I think we better peel them first Thomas.,,,30.0
9070804,24748,[CAR],I'm just looking for the peeling machine.,,,30.0
9070809,24748,[CAR],not the peeling machine.,,,30.0
9070821,24748,[CAR],I mean the little potato peeler.,,,30.0
9070837,24748,[CHI],potato peeler.,-1.0,determiner,30.0
9070850,24748,[CAR],a potato peeler.,,,30.0
9070862,24748,[CHI],not bite them.,-1.0,auxiliary,30.0
9070878,24748,[CHI],not bite.,-1.0,auxiliary,30.0
9070891,24748,[CAR],not bite.,,,30.0
9070904,24748,[CHI],dirty.,,,30.0
9070914,24748,[CAR],they are dirty carrots aren't they?,,,30.0
9070925,24748,[CHI],yes.,,,30.0
9070937,24748,[CAR],now I'm going to peel them and then we'll wash them.,,,30.0
9070950,24748,[CAR],and then perhaps slice them or something.,,,30.0
9070962,24748,[CAR],there.,,,30.0
9070974,24748,[CAR],can you see that?,,,30.0
9070987,24748,[CHI],yes.,,,30.0
9071000,24748,[CAR],just take the knife.,,,30.0
9071019,24748,[CAR],it's a very it's a potato peeler but it's another very sharp knife Thomas.,,,30.0
9071033,24748,[CAR],so you've not to play with it.,,,30.0
9071045,24748,[CHI],no.,,,30.0
9071060,24748,[CAR],but look.,,,30.0
9071071,24748,[CAR],can you see I'm just taking a tiny layer of skin off there?,,,30.0
9071083,24748,[CAR],the skin or the peel.,,,30.0
9071099,24748,[CHI],oh dear.,1.0,,30.0
9071109,24748,[CHI],drop one.,0.0,,30.0
9071122,24748,[CAR],it's alright.,,,30.0
9071133,24748,[CAR],it's just a little piece of skin that has come off onto the chopping board.,,,30.0
9071145,24748,[CAR],they look nice and clean now don't they?,,,30.0
9071160,24748,[CHI],yes.,,,30.0
9071171,24748,[CAR],they still need a good wash though.,,,30.0
9071185,24748,[CHI],yes.,,,30.0
9071198,24748,[CAR],do you remember seeing the episode of Aunty_Mabel and Pippin when she went to help at a school in the kitchens?,,,30.0
9071216,24748,[CHI],yes.,,,30.0
9071226,24748,[CAR],it showed her farm where carrots were grown and how they were harvested.,,,30.0
9071238,24748,[CAR],and packed and sent to the shops.,,,30.0
9071253,24748,[CHI],the shops big lorry.,-1.0,"verb, determiner",30.0
9071268,24748,[CAR],in a big lorry.,,,30.0
9071279,24748,[CAR],and somebody was.,,,30.0
9071289,24748,[CHI],more lorrys.,0.0,,30.0
9071298,24748,[CAR],another lorry.,,,30.0
9071312,24748,[CAR],and somebody at the school was poorly.,,,30.0
9071328,24748,[CAR],somebody who worked in the school canteen.,,,30.0
9071341,24748,[CAR],and Aunty_Mabel went to help didn't she?,,,30.0
9071359,24748,[CAR],at lunchtime.,,,30.0
9071366,24748,[CAR],she helped prepare lunch and they were having carrots.,,,30.0
9071382,24748,[CAR],and Aunty_Mabel stood and peeled and chopped a lot of carrots.,,,30.0
9071419,24748,[CAR],and Pippin wasn't allowed in the kitchen was he?,,,30.0
9071433,24748,[CHI],no.,,,30.0
9071440,24748,[CAR],dogs aren't allowed in kitchens.,,,30.0
9071457,24748,[CHI],no.,,,30.0
9071468,24748,[CAR],so Pippin hadta stay outside but it just so happened that when they arrived it was playtime.,,,30.0
9071485,24748,[CAR],and the children were all playing outside.,,,30.0
9071501,24748,[CAR],riding round on tricycles and playing on bicycles and things.,,,30.0
9071514,24748,[CAR],and Pippin had a fantastic time didn't he?,,,30.0
9071527,24748,[CAR],while Aunty_Mabel was busy.,,,30.0
9071538,24748,[CAR],and then Aunty_Mabel went home and as if she hadn't had enough of doing it all day she peeled and chopped some carrots for her own tea didn't she?,,,30.0
9071558,24748,[CHI],again again.,0.0,,30.0
9071574,24748,[CAR],again again.,,,30.0
9071585,24748,[CAR],you want the story again.,,,30.0
9071597,24748,[CHI],yes.,,,30.0
9071608,24748,[CAR],I'm sure you can watch it on telly darling.,,,30.0
9071622,24748,[CAR],but you remember that one don't you?,,,30.0
9071634,24748,[CHI],yes.,,,30.0
9071646,24748,[CAR],about carrots.,,,30.0
9071660,24748,[CAR],what color are carrots?,,,30.0
9071675,24748,[CHI],pink.,,,30.0
9071682,24748,[CAR],pink.,,,30.0
9071697,24748,[CAR],orange.,,,30.0
9071705,24748,[CHI],orange.,,,30.0
9071717,24748,[CAR],rabbits like to eat carrots.,,,30.0
9071729,24748,[CHI],orange.,,,30.0
9071737,24748,[CAR],and donkeys like carrots.,,,30.0
9071747,24748,[CAR],and I like carrots when they're raw.,,,30.0
9071759,24748,[CAR],you can crunch them like an apple.,,,30.0
9071770,24748,[CAR],you don't seem to keen do you?,,,30.0
9071782,24748,[CHI],Thomas bite it.,-1.0,sv_agreement,30.0
9071792,24748,[CAR],you can bite it certainly.,,,30.0
9071804,24748,[CHI],Thomas bite it there.,-1.0,sv_agreement,30.0
9071814,24748,[CAR],just let me finish peeling this one and then I'll wash you a piece.,,,30.0
9071837,24748,[CAR],they're very good for you.,,,30.0
9071848,24748,[CAR],when you were teething you useta like chewing on raw carrot because they're nice and crunchy especially if they've been in the fridge they were cold and nice to bite on.,,,30.0
9071865,24748,[CAR],ease those poor sore gums.,,,30.0
9071876,24748,[CHI],no.,,,30.0
9071884,24748,[CHI],poorly.,,,30.0
9071892,24748,[CAR],you were always poorly when you were teething weren't you?,,,30.0
9071904,24748,[CHI],yes.,,,30.0
9071918,24748,[CHI],yes.,,,30.0
9071934,24748,[CHI],ones.,,,30.0
9071945,24748,[CAR],yes.,,,30.0
9071956,24748,[CHI],ones.,,,30.0
9071969,24748,[CAR],this is a very dirty carrot isn't it?,,,30.0
9071986,24748,[CHI],yes.,,,30.0
9071999,24748,[CAR],I'm actually peeling them now because we've got an awful lot and I'm frightened that they're going to go bad before I get a chance to use them.,,,30.0
9072010,24748,[CHI],all done now.,-1.0,"subject, auxiliary",30.0
9072023,24748,[CAR],hm.,,,30.0
9072034,24748,[CHI],nearly done.,-1.0,"subject, auxiliary",30.0
9072047,24748,[CAR],nearly done.,,,30.0
9072059,24748,[CAR],so these carrots in this bag.,,,30.0
9072071,24748,[CAR],I'm going to peel and wash and slice.,,,30.0
9072097,24748,[CAR],and then I shall put them in the freezer so that when we want some carrots perhaps for a chicken casserole or something like that we can get them straight out of the freezer and pop them in in the pot.,,,30.0
9072114,24748,[CAR],do you like helping Mummy in the kitchen?,,,30.0
9072131,24748,[CHI],no.,,,30.0
9072142,24748,[CAR],no.,,,30.0
9072152,24748,[CAR],you do.,,,30.0
9072167,24748,[CHI],no.,,,30.0
9072181,24748,[CAR],you're never out of the kitchen when I'm there.,,,30.0
9072195,24748,[CAR],last one.,,,30.0
9072207,24748,[CAR],how many carrots have we got Thomas?,,,30.0
9072217,24748,[CHI],one two three seven eight.,0.0,,30.0
9072226,24748,[CAR],one two three seven eight.,,,30.0
9072239,24748,[CHI],no.,,,30.0
9072242,24748,[CAR],no.,,,30.0
9072262,24748,[CAR],start again.,,,30.0
9072274,24748,[CAR],how many carrots have we got?,,,30.0
9072288,24748,[CHI],one two three four five six seven eight nine ten eleven twelve fourteen.,0.0,,30.0
9072318,24748,[CHI],four.,,,30.0
9072343,24748,[CAR],after all that we got four.,,,30.0
9072363,24748,[CAR],you clever boy.,,,30.0
9072379,24748,[CAR],you counted then up till twelve didn't you?,,,30.0
9072392,24748,[CHI],yes.,,,30.0
9072404,24748,[CAR],one two three four five six seven eight nine ten eleven twelve and then it sounded as if you went straight to fourteen without going to thirteen but nevertheless that was quite impressive Thomas.,,,30.0
9072428,24748,[CHI],four.,,,30.0
9072438,24748,[CAR],and then at the end of it we end of it we ended up with four carrots when in actual fact we've got one two three four five.,,,30.0
9072454,24748,[CAR],we've only got five carrots.,,,30.0
9072469,24748,[CHI],a there.,,,30.0
9072481,24748,[CHI],a there.,,,30.0
9072495,24748,[CHI],the carrots together.,0.0,,30.0
9072509,24748,[CAR],the carrots together.,,,30.0
9072524,24748,[CAR],Mummy just needs to put that in the compost bin now doesn't she?,,,30.0
9072536,24748,[CHI],yes.,,,30.0
9072548,24748,[CAR],so I'll put it back in the bag and then we can have a trip outside in a moment.,,,30.0
9072559,24748,[CHI],back a moment Mummy.,-1.0,other,30.0
9072571,24748,[CAR],back a moment Mummy.,,,30.0
9072586,24748,[CAR],no.,,,30.0
9072602,24748,[CAR],I'm not going to take them now.,,,30.0
9072618,24748,[CAR],I'll stay in here with you.,,,30.0
9072628,24748,[CAR],I'm going to wash them now.,,,30.0
9072639,24748,[CAR],just cleaning the chopping board.,,,30.0
9072653,24748,[CAR],I'm just going to give the carrots a quick rinse and chop them up.,,,30.0
9072666,24748,[CHI],yes.,,,30.0
9072677,24748,[CHI],and you said you'd like to taste one didn't you?,1.0,,30.0
9072691,24748,[CHI],yes.,,,30.0
9072700,24748,[CHI],taste one.,0.0,,30.0
9072713,24748,[CAR],taste one.,,,30.0
9072739,24748,[CHI],oh wow.,1.0,,30.0
9072753,24748,[CAR],wow.,,,30.0
9072766,24748,[CHI],yes.,,,30.0
9072788,24748,[CAR],you're getting very excited about some carrots aren't you?,,,30.0
9072804,24748,[CHI],yes.,,,30.0
9072814,24748,[CAR],there we are.,,,30.0
9072829,24748,[CAR],small small piece for Thomas.,,,30.0
9072847,24748,[CAR],Mummy will eat some as well.,,,30.0
9072864,24748,[CAR],let's see if they're crunchy.,,,30.0
9072876,24748,[CAR],watch your teeth.,,,30.0
9072887,24748,[CAR],oh mm.,,,30.0
9072897,24748,[CAR],very very nice.,,,30.0
9072909,24748,[CHI],not not Thomas crunch.,-1.0,other,30.0
9072920,24748,[CAR],not Thomas crunch.,,,30.0
9072930,24748,[CHI],no.,,,30.0
9072947,24748,[CAR],I'm cutting these into rounds Thomas.,,,30.0
9072967,24748,[CAR],into circles.,,,30.0
9072975,24748,[CAR],look.,,,30.0
9072988,24748,[CAR],you can cut carrots into strips.,,,30.0
9073001,24748,[CAR],batons.,,,30.0
9073016,24748,[CAR],or you can leave then whole.,,,30.0
9073029,24748,[CAR],bit these are a little bit too large aren't they?,,,30.0
9073041,24748,[CAR],to leave whole.,,,30.0
9073055,24748,[CHI],not like it now.,-1.0,"subject, auxiliary",30.0
9073067,24748,[CAR],not like it now.,,,30.0
9073079,24748,[CHI],no.,,,30.0
9073096,24748,[CAR],no.,,,30.0
9073106,24748,[CAR],I didn't think you did the last time you tried it.,,,30.0
9073117,24748,[CAR],but as I say when you were teething.,,,30.0
9073142,24748,[CHI],a there two pieces.,-1.0,verb,30.0
9073151,24748,[CAR],two pieces.,,,30.0
9073162,24748,[CAR],well you hold two pieces.,,,30.0
9073173,24748,[CAR],when you were a baby you really useta enjoy eating raw carrot.,,,30.0
9073191,24748,[CAR],when you were teething not when you were a baby.,,,30.0
9073210,24748,[CAR],when you were a baby you useta like carrots cooked and pureed with some stewed stewed apple.,,,30.0
9073223,24748,[CAR],carrot and apple mixed together.,,,30.0
9073262,24748,[CHI],hold two two.,-1.0,object,30.0
9073273,24748,[CAR],you wanna hold two more.,,,30.0
9073286,24748,[CHI],two more.,1.0,,30.0
9073296,24748,[CHI],two three four five.,0.0,,30.0
9073304,24748,[CHI],a throw them out.,0.0,,30.0
9073317,24748,[CAR],throw them out.,,,30.0
9073328,24748,[CAR],oh you're putting them in the back of the train now are you?,,,30.0
9073342,24748,[CAR],just let Mummy slice that one.,,,30.0
9073355,24748,[CAR],you've not got to get your fingers in the way of this sharp knife have you?,,,30.0
9073368,24748,[CHI],no.,,,30.0
9073379,24748,[CHI],sharp.,,,30.0
9073390,24748,[CAR],sharp knife.,,,30.0
9073402,24748,[CHI],a me another one.,-1.0,verb,30.0
9073416,24748,[CAR],another one.,,,30.0
9073425,24748,[CAR],you'd like some more.,,,30.0
9073443,24748,[CHI],no.,,,30.0
9073457,24748,[CAR],I think I might hafta give them another rinse Thomas.,,,30.0
9073479,24748,[CAR],if you're going to put them in your trailer.,,,30.0
9073497,24748,[CAR],you shouldn't really fruit and vegetables too much because a lot of the vitamins the goodness comes out.,,,30.0
9073513,24748,[CHI],yes.,,,30.0
9073537,24748,[CHI],it.,,,30.0
9073550,24748,[CAR],are you tipping it up are you tipping the trailer up with all the carrots in?,,,30.0
9073561,24748,[CHI],yes.,,,30.0
9073573,24748,[CAR],well that's going to make a noise isn't it?,,,30.0
9073584,24748,[CHI],yes.,,,30.0
9073593,24748,[CAR],how many pieces of carrot are you putting in the racing car?,,,30.0
9073602,24748,[CHI],one two three.,0.0,,30.0
9073616,24748,[CAR],one two three.,,,30.0
9073630,24748,[CHI],yes.,,,30.0
9073654,24748,[CHI],empty it all out now.,0.0,,30.0
9073668,24748,[CAR],empty it all out now.,,,30.0
9073681,24748,[CAR],is that what you said empty it all out?,,,30.0
9073697,24748,[CHI],yes.,,,30.0
9073710,24748,[CAR],now we can put them into this bright red colander.,,,30.0
9073725,24748,[CHI],there there Thomas hold it.,-1.0,present_progressive,30.0
9073734,24748,[CAR],this is like a plastic pan with holes in the bottom isn't it?,,,30.0
9073750,24748,[CHI],yes.,,,30.0
9073769,24748,[CAR],what's it called?,,,30.0
9073783,24748,[CHI],red.,,,30.0
9073795,24748,[CAR],it's called red.,,,30.0
9073803,24748,[CAR],well it is red.,,,30.0
9073821,24748,[CAR],yes.,,,30.0
9073832,24748,[CAR],it's called a colander.,,,30.0
9073845,24748,[CHI],colander.,,,30.0
9073856,24748,[CAR],a colander.,,,30.0
9073870,24748,[CAR],and we have a metal sieve that has many more holes but the holes are much finer.,,,30.0
9073885,24748,[CHI],colander.,,,30.0
9073896,24748,[CAR],and we use the sieve when we're sieving flour don't we?,,,30.0
9073914,24748,[CHI],no.,,,30.0
9073934,24748,[CHI],put in trailer.,-1.0,determiner,30.0
9073954,24748,[CAR],putting them in the trailer.,,,30.0
9073968,24748,[CHI],yes.,,,30.0
9073982,24748,[CAR],but the colander is used more for washing fruit and vegetables isn't it?,,,30.0
9073996,24748,[CAR],or straining things.,,,30.0
9074010,24748,[CHI],straining things.,1.0,,30.0
9074023,24748,[CAR],and then we have another strainer which is like a very big sieve that Mummy uses when we're straining rice.,,,30.0
9074037,24748,[CAR],when we've cooked rice.,,,30.0
9074051,24748,[CHI],wodar.,,,30.0
9074063,24748,[CAR],you still say wodar and woder don't you?,,,30.0
9074078,24748,[CAR],when you want something.,,,30.0
9074089,24748,[CHI],yes.,,,30.0
9074103,24748,[CAR],yes.,,,30.0
9074112,24748,[CAR],like when you were a baby.,,,30.0
9074130,24748,[CAR],wodar wodar wodar wodar.,,,30.0
9074143,24748,[CHI],put put now.,-1.0,"subject, object",30.0
9074155,24748,[CHI],in.,,,30.0
9074166,24748,[CAR],mm.,,,30.0
9074179,24748,[CAR],I'm still crunching on raw carrot Thomas.,,,30.0
9074194,24748,[CAR],mhm.,,,30.0
9074210,24748,[CAR],one of the little carrots has fallen in Mummy's shoe.,,,30.0
9074220,24748,[CAR],I don't think we better put that one in the pan do you?,,,30.0
9074232,24748,[CHI],no.,,,30.0
9074243,24748,[CAR],I don't think anyone would fancy it once it had been in my shoe.,,,30.0
9074267,24748,[CHI],empty all the out.,-1.0,"subject, determiner",30.0
9074293,24748,[CHI],empty it all.,0.0,,30.0
9074310,24748,[CAR],oh no.,,,30.0
9074326,24748,[CAR],don't empty them all out in the table Thomas.,,,30.0
9074359,24748,[CAR],we're going to wash them now and put them into to a pot ready for the freezer.,,,30.0
9074373,24748,[CAR],are you going to help me do that.,,,30.0
9074394,24748,[CHI],no.,,,30.0
9074409,24748,[CAR],no.,,,30.0
9074425,24748,[CHI],no.,,,30.0
9074439,24748,[CAR],oh poor Mummy.,,,30.0
9074449,24748,[CAR],oh good boy.,,,30.0
9074464,24748,[CAR],you're putting them back?,,,30.0
9074478,24748,[CHI],no.,,,30.0
9074490,24748,[CAR],oh listen Thomas.,,,30.0
9074505,24748,[CAR],you could put you could put the carrots into the trailer and bring them by train trailer loads at a time and we can put them in the colander can't we?,,,30.0
9074522,24748,[CAR],yes.,,,30.0
9074538,24748,[CHI],yes.,,,30.0
9074561,24748,[CAR],you put some carrots in the trailer and then the train?,,,30.0
9074578,24748,[CAR],I'll get the engine driver ready and I'll tell him you're going on a very very important trip this afternoon.,,,30.0
9074598,24748,[CAR],you're going to the carrot farm to pick up some carrots to bring them back to the red colander.,,,30.0
9074617,24748,[CAR],now?,,,30.0
9074623,24748,[CAR],oh oh dear.,,,30.0
9074639,24748,[CAR],he has tipped up Thomas.,,,30.0
9074655,24748,[CAR],he needs to put them in here.,,,30.0
9074673,24748,[CHI],in here.,1.0,,30.0
9074696,24748,[CHI],there.,,,30.0
9074712,24748,[CAR],oh that's lovely.,,,30.0
9074729,24748,[CAR],that's one load one trailer load.,,,30.0
9074743,24748,[CAR],is this his second trip?,,,30.0
9074755,24748,[CAR],oh!,,,30.0
9074767,24748,[CAR],some more carrots.,,,30.0
9074776,24748,[CAR],thank you.,,,30.0
9074787,24748,[CHI],thank you driver.,1.0,,30.0
9074796,24748,[CAR],thank you driver.,,,30.0
9074809,24748,[CAR],that's a very important job isn't it?,,,30.0
9074821,24748,[CAR],collecting and delivering carrots to the red colander.,,,30.0
9074840,24748,[CHI],yes.,,,30.0
9074855,24748,[CAR],oh lovely.,,,30.0
9074870,24748,[CHI],another carrot.,0.0,,30.0
9074886,24748,[CHI],more carrots.,0.0,,30.0
9074894,24748,[CAR],some more carrots.,,,30.0
9074908,24748,[CAR],another carrots.,,,30.0
9074921,24748,[CAR],some more carrots.,,,30.0
9074937,24748,[CAR],oops another load into the colander and that's lovely.,,,30.0
9074953,24748,[CHI],more.,,,30.0
9074967,24748,[CAR],this poor train driver really is going to deserve a nice drink and perhaps a biscuit when he arrives home isn't he?,,,30.0
9074988,24748,[CHI],yes.,,,30.0
9074997,24748,[CAR],working very very hard.,,,30.0
9075024,24748,[CAR],we should sing a song about carrots but I don't know one.,,,30.0
9075041,24748,[CAR],I don't know any songs about carrots.,,,30.0
9075053,24748,[CAR],do you Thomas?,,,30.0
9075065,24748,[CHI],no.,,,30.0
9075075,24748,[CHI],a shop.,0.0,,30.0
9075090,24748,[CAR],pardon.,,,30.0
9075098,24748,[CHI],a shop.,0.0,,30.0
9075107,24748,[CAR],go to the shop.,,,30.0
9075118,24748,[CAR],who sells carrots?,,,30.0
9075130,24748,[CAR],which shop?,,,30.0
9075144,24748,[CHI],shop.,,,30.0
9075160,24748,[CAR],what are you doing?,,,30.0
9075174,24748,[CHI],smelling.,,,30.0
9075188,24748,[CAR],you're smelling them and blowing them.,,,30.0
9075202,24748,[CAR],do they smell nice?,,,30.0
9075215,24748,[CHI],yes.,,,30.0
9075226,24748,[CHI],smells nice.,-1.0,subject,30.0
9075240,24748,[CAR],the greengrocer sells carrots doesn't he?,,,30.0
9075253,24748,[CAR],the greengrocer sells carrots and so does the supermarket.,,,30.0
9075282,24748,[CAR],I think little shops like the Spar shops sell carrots as well don't they?,,,30.0
9075305,24748,[CAR],we can get some that are like we bought today.,,,30.0
9075321,24748,[CAR],well we didn't buy them.,,,30.0
9075335,24748,[CAR],but like Mummy has cut up that are all dirty.,,,30.0
9075342,24748,[CAR],and you can get some that somebody has already peeled them and sliced them and they're ready washed.,,,30.0
9075358,24748,[CAR],and you can get others that have been peeled sliced washed and frozen.,,,30.0
9075377,24748,[CAR],packs.,,,30.0
9075389,24748,[CAR],so when you get home all you've got to do is empty the packet straight into the microwave or boiling water and cook them for tea.,,,30.0
9075410,24748,[CAR],what might you like to eat carrots with?,,,30.0
9075424,24748,[CHI],oh dear.,1.0,,30.0
9075436,24748,[CHI],another one.,0.0,,30.0
9075456,24748,[CAR],do you know why that one's there?,,,30.0
9075469,24748,[CAR],because you've just thrown it haven't you?,,,30.0
9075480,24748,[CAR],look.,,,30.0
9075505,24748,[CAR],they roll.,,,30.0
9075529,24748,[CAR],oh poor engine driver.,,,30.0
9075546,24748,[CAR],look.,,,30.0
9075559,24748,[CAR],I've not quite finished my cup of coffee.,,,30.0
9075572,24748,[CAR],shall we just give the engine driver a quick drink before he does the rest of the carrots because he's going to be so thirsty isn't he?,,,30.0
9075587,24748,[CAR],and hungry.,,,30.0
9075597,24748,[CHI],yes.,,,30.0
9075611,24748,[CAR],ask him if he'd like a drink?,,,30.0
9075620,24748,[CHI],like a drink.,-1.0,"subject, other",30.0
9075632,24748,[CHI],oh dear.,1.0,,30.0
9075645,24748,[CHI],not turn it.,-1.0,auxiliary,30.0
9075655,24748,[CAR],not turn it.,,,30.0
9075664,24748,[CAR],I think he's sat in that cab for so long he can't get out can he?,,,30.0
9075678,24748,[CAR],poor chap.,,,30.0
9075687,24748,[CAR],shall I help him?,,,30.0
9075698,24748,[CAR],one two three one tow three one two three.,,,30.0
9075710,24748,[CAR],oh he said he's very very stiff with sitting a long time.,,,30.0
9075721,24748,[CAR],oh is that nice?,,,30.0
9075728,24748,[CHI],yes.,,,30.0
9075740,24748,[CAR],has he enjoyed his drink?,,,30.0
9075749,24748,[CHI],yes.,,,30.0
9075755,24748,[CAR],there we are.,,,30.0
9075770,24748,[CHI],thanks driver.,1.0,,30.0
9075783,24748,[CAR],thanks driver.,,,30.0
9075794,24748,[CHI],ta much indeed.,-1.0,other,30.0
9075813,24748,[CAR],I think on the Aunty_Mabel program they had carrots with fish pie didn't they?,,,30.0
9075828,24748,[CAR],or something like that.,,,30.0
9075843,24748,[CAR],we might have carrots with Shepherds_Pie.,,,30.0
9075859,24748,[CAR],you like Shepherds_Pie.,,,30.0
9075874,24748,[CAR],or we might have?,,,30.0
9075883,24748,[CAR],another way of doing carrots Thomas.,,,30.0
9075894,24748,[CAR],is you know the grating machine that we grate cheese on?,,,30.0
9075913,24748,[CAR],do you know what Mummy means by the grater?,,,30.0
9075925,24748,[CAR],shall I get it out and show you?,,,30.0
9075938,24748,[CHI],yes.,,,30.0
9075945,24748,[CAR],and the grater is another piece of kitchen equipment which you can't really play with because it's too sharp.,,,30.0
9075965,24748,[CAR],but we do cheese on this don't we?,,,30.0
9075983,24748,[CAR],look.,,,30.0
9075997,24748,[CAR],if I take a piece of carrot?,,,30.0
9076008,24748,[CAR],watch.,,,30.0
9076020,24748,[CAR],can you hear that sound?,,,30.0
9076031,24748,[CAR],that's a grating sound.,,,30.0
9076063,24748,[CAR],oh look at the carrot.,,,30.0
9076075,24748,[CHI],yes.,,,30.0
9076091,24748,[CAR],well you can't play with this darling.,,,30.0
9076107,24748,[CAR],you put your hand on there.,,,30.0
9076133,24748,[CAR],you hold the grater.,,,30.0
9076149,24748,[CAR],you hold it steady and I'll do that because if you get your fingers on there oh it'll cut it'll cut.,,,30.0
9076169,24748,[CAR],because it's ever so sharp.,,,30.0
9076184,24748,[CAR],this is like lots and lots and lots_of little sharp knives.,,,30.0
9076200,24748,[CAR],I think Mummy better do it don't you?,,,30.0
9076217,24748,[CAR],you just watch.,,,30.0
9076231,24748,[CAR],no.,,,30.0
9076244,24748,[CAR],you can lift the grater up and see what's underneath.,,,30.0
9076259,24748,[CAR],oh grated carrot.,,,30.0
9076274,24748,[CAR],oh great.,,,30.0
9076284,24748,[CAR],no.,,,30.0
9076299,24748,[CAR],we'll just use this piece.,,,30.0
9076324,24748,[CAR],now grated carrot is nice with a salad.,,,30.0
9076339,24748,[CAR],Mummy mixes grated carrot with coconut and sultanas.,,,30.0
9076353,24748,[CAR],that makes a nice salad.,,,30.0
9076369,24748,[CAR],ah look at that.,,,30.0
9076393,24748,[CHI],Thomas hold it.,-1.0,present_progressive,30.0
9076408,24748,[CAR],no.,,,30.0
9076421,24748,[CAR],it's too sharp darling.,,,30.0
9076431,24748,[CAR],you can hold it but you mustn't grate.,,,30.0
9076446,24748,[CAR],that's it?,,,30.0
9076464,24748,[CAR],right.,,,30.0
9076477,24748,[CAR],ah look.,,,30.0
9076494,24748,[CAR],you've grated all that.,,,30.0
9076504,24748,[CAR],we'll put that over here.,,,30.0
9076520,24748,[CAR],look.,,,30.0
9076534,24748,[CAR],because it's too sharp to play with.,,,30.0
9076563,24748,[CAR],ah no.,,,30.0
9076574,24748,[CAR],we'll just leave it on the table.,,,30.0
9076591,24748,[CAR],let's let's get the driver to?,,,30.0
9076605,24748,[CAR],right.,,,30.0
9076618,24748,[CAR],I tell you what.,,,30.0
9076630,24748,[CAR],before the driver delivers his next load shall he get out of his cab and sweep up.,,,30.0
9076643,24748,[CHI],does he wanna use the brush?,1.0,,30.0
9076659,24748,[CAR],there you are.,,,30.0
9076671,24748,[CAR],there's a little dish washing brush there.,,,30.0
9076689,24748,[CAR],that's ideal isn't it?,,,30.0
9076708,24748,[CHI],the driver sweep it.,-1.0,present_progressive,30.0
9076723,24748,[CAR],the driver sweep it.,,,30.0
9076734,24748,[CHI],here you are driver.,1.0,,30.0
9076757,24748,[CAR],here you are driver.,,,30.0
9076773,24748,[CHI],here you are driver.,1.0,,30.0
9076797,24748,[CAR],is he sweeping the path?,,,30.0
9076820,24748,[CHI],yes.,,,30.0
9076836,24748,[CHI],he sweep it.,-1.0,present_progressive,30.0
9076854,24748,[CAR],you're sweeping with the brush aren't you?,,,30.0
9076864,24748,[CAR],there we are.,,,30.0
9076880,24748,[CHI],get the crumbs out.,0.0,,30.0
9076897,24748,[CAR],get the crumbs out.,,,30.0
9076909,24748,[CHI],yes.,,,30.0
9076925,24748,[CAR],I think we're nearly clean now aren't we?,,,30.0
9076940,24748,[CHI],yes.,,,30.0
9076951,24748,[CAR],have you swept it into a pile?,,,30.0
9076968,24748,[CAR],sweep sweep sweep sweep sweep.,,,30.0
9076985,24748,[CHI],sweep the floor.,0.0,,30.0
9076997,24748,[CHI],sweep sweep sweep the floor.,0.0,,30.0
9077006,24748,[CAR],is that what you were singing?,,,30.0
9077023,24748,[CAR],there we are.,,,30.0
9077038,24748,[CAR],right.,,,30.0
9077051,24748,[CAR],shall we put the brush away now?,,,30.0
9077069,24748,[CHI],no.,,,30.0
9077087,24748,[CHI],more carrots.,0.0,,30.0
9077104,24748,[CAR],oh we can't put we can't use these carrots though for the freezer can we?,,,30.0
9077123,24748,[CAR],no.,,,30.0
9077135,24748,[CHI],yes.,,,30.0
9077147,24748,[CAR],the horse'll eat this won't he?,,,30.0
9077166,24748,[CHI],no no.,1.0,,30.0
9077184,24748,[CAR],there we are.,,,30.0
9077198,24748,[CAR],the horse'll eat that little bit of grated carrot.,,,30.0
9077217,24748,[CAR],let's put it here in a pile.,,,30.0
9077233,24748,[CAR],yum yum yum.,,,30.0
9077249,24748,[CHI],the horse eat it now.,-1.0,present_progressive,30.0
9077267,24748,[CAR],the horse'll eat it.,,,30.0
9077286,24748,[CHI],cross.,,,30.0
9077299,24748,[CAR],who's cross?,,,30.0
9077309,24748,[CHI],Isabel.,,,30.0
9077323,24748,[CAR],Isabel.,,,30.0
9077338,24748,[CAR],oh where's the driver?,,,30.0
9077360,24748,[CAR],he's not in his cab.,,,30.0
9077377,24748,[CAR],he has not got back in after sweeping the path has he?,,,30.0
9077395,24748,[CHI],no.,,,30.0
9077405,24748,[CHI],not sweeping.,-1.0,"subject, auxiliary",30.0
9077421,24748,[CAR],he has got to make one last trip to the to the red colander.,,,30.0
9077452,24748,[CHI],and then we'll find.,1.0,,30.0
9077471,24748,[CHI],red colander.,-1.0,determiner,30.0
9077487,24748,[CAR],the red colander.,,,30.0
9077500,24748,[CAR],and then we'll find a nice?,,,30.0
9077525,24748,[CAR],oh wonderful.,,,30.0
9077536,24748,[CAR],you've been a big help.,,,30.0
9077550,24748,[CAR],thank you darling.,,,30.0
9077571,24748,[CAR],Mummy's going to rinse these under the tap now.,,,30.0
9077591,24748,[CAR],and then we'll leave them to drain and then we'll find a little container to put them in.,,,30.0
9077616,24748,[CAR],there we are.,,,30.0
9077632,24748,[CHI],there there.,0.0,,30.0
9077641,24748,[CAR],we've got to just leave them now to drain.,,,30.0
9077660,24748,[CHI],a there.,,,30.0
9077681,24748,[CAR],let me show you now what happens.,,,30.0
9077693,24748,[CAR],we put water in the top and look.,,,30.0
9077714,24748,[CAR],water's dripping through the holes at the bottom.,,,30.0
9077731,24748,[CAR],that's what a colander does.,,,30.0
9077747,24748,[CHI],colander.,,,30.0
9077770,24748,[CAR],it drains so that water goes from the top into the bottom because they've got to be quite dry when they go in the freezer haven't they?,,,30.0
9077787,24748,[CHI],yes.,,,30.0
9077805,24748,[CAR],right.,,,30.0
9077815,24748,[CAR],we'll leave those now.,,,30.0
9077827,24748,[CAR],and then we've got to think of.,,,30.0
9077874,24748,[CAR],no.,,,30.0
9077886,24748,[CAR],the carrots are ready for the freezer now.,,,30.0
9077903,24748,[CAR],you've helped me do that.,,,30.0
9077927,24748,[CAR],listen.,,,30.0
9077944,24748,[CAR],we've got all that apple in there.,,,30.0
9077959,24748,[CAR],that apple needs to go into your train.,,,30.0
9077974,24748,[CHI],carrots.,,,30.0
9077989,24748,[CAR],no.,,,30.0
9078003,24748,[CAR],but the carrots are busy now waiting to go into the freezer.,,,30.0
9078024,24748,[CAR],we've got to deliver the apples now.,,,30.0
9078039,24748,[CAR],here we are.,,,30.0
9078052,24748,[CAR],this is from the.,,,30.0
9078068,24748,[CAR],now the apple?,,,30.0
9078085,24748,[CAR],you ask the driver very very nicely if he'll deliver?,,,30.0
9078102,24748,[CHI],there.,,,30.0
9078117,24748,[CAR],a little bit of grated carrot.,,,30.0
9078134,24748,[CHI],yes.,,,30.0
9078150,24748,[CHI],me hold it.,-1.0,"determiner, tense_aspect",30.0
9078165,24748,[CAR],yes.,,,30.0
9078179,24748,[CAR],you can hold that.,,,30.0
9078194,24748,[CAR],because the driver has not finished yet.,,,30.0
9078214,24748,[CHI],no.,,,30.0
9078227,24748,[CAR],he has got apple to deliver and he has got that little bit of grated carrot.,,,30.0
9078248,24748,[CAR],now he has swept it up he's going to hafta take to the skip isn't he?,,,30.0
9078271,24748,[CAR],because I think there was too much for the horse to eat.,,,30.0
9078287,24748,[CHI],yes.,,,30.0
9078301,24748,[CAR],we could always ask the train driver if he'd take that little bit of grated carrot to the paddock so that when the horse wants to eat it he has got some.,,,30.0
9078341,24748,[CHI],out cab.,-1.0,other,30.0
9078352,24748,[CAR],he has got out of the cab has he?,,,30.0
9078369,24748,[CHI],yes.,,,30.0
9078381,24748,[CHI],it.,,,30.0
9078413,24748,[CHI],and out the cab.,-1.0,preposition,30.0
9078430,24748,[CAR],he has put it into the cart has he?,,,30.0
9078457,24748,[CHI],yes.,,,30.0
9078472,24748,[CAR],I bet you can't count the pieces of grated carrot can you?,,,30.0
9078489,24748,[CHI],no.,,,30.0
9078507,24748,[CAR],too many aren't there?,,,30.0
9078525,24748,[CAR],but did you see how we changed the long orange carrots into rounds and into strips and we grated it?,,,30.0
9078546,24748,[CHI],into the yellow cup.,1.0,,30.0
9078561,24748,[CAR],into the yellow cup.,,,30.0
9078578,24748,[CAR],it's the isn't it?,,,30.0
9078591,24748,[CAR],it's sposta be nice shiny brass but I've not cleaned it so it looks as you rightly say a mucky dull yellow.,,,30.0
9078619,24748,[CAR],oh Thomas.,,,30.0
9078654,24748,[CAR],has he got to deliver all the apples as well?,,,30.0
9078674,24748,[CHI],yes.,,,30.0
9078691,24748,[CAR],his trailer's here.,,,30.0
9078710,24748,[CAR],look.,,,30.0
9078730,24748,[CAR],carrot begins with a letter c.,,,30.0
9078744,24748,[CAR],oh no.,,,30.0
9078759,24748,[CAR],like cat.,,,30.0
9078775,24748,[CAR],c for cat and c for carrot.,,,30.0
9078786,24748,[CAR],and c for caterpillar.,,,30.0
9078801,24748,[CAR],you've got a caterpillar on your bib haven't you?,,,30.0
9078816,24748,[CAR],and c for cup.,,,30.0
9078829,24748,[CHI],bib off.,-1.0,other,30.0
9078845,24748,[CAR],you want your bib off.,,,30.0
9078860,24748,[CAR],Thomas c for carrot.,,,30.0
9078868,24748,[CAR],c for cat.,,,30.0
9078884,24748,[CAR],c for cup.,,,30.0
9078898,24748,[CAR],c for container.,,,30.0
9078926,24748,[CAR],this is a container a plastic container.,,,30.0
9078942,24748,[CAR],oh no.,,,30.0
9078959,24748,[CAR],don't bang.,,,30.0
9078968,24748,[CAR],and c for colander.,,,30.0
9078984,24748,[CHI],no.,,,30.0
9079009,24748,[CHI],a colander.,,,30.0
9079023,24748,[CAR],oh no.,,,30.0
9079049,24748,[CAR],the colander's busy now.,,,30.0
9079067,24748,[CAR],the carrots have got to go into the freezer.,,,30.0
9079088,24748,[CAR],and do you know what it is in the freezer?,,,30.0
9079115,24748,[CAR],cold.,,,30.0
9079134,24748,[CAR],that's another c.,,,30.0
9079150,24748,[CAR],the carrots are going into a container and they're going somewhere cold.,,,30.0
9079171,24748,[CAR],is that right?,,,30.0
9079187,24748,[CHI],no.,,,30.0
9079201,24748,[CHI],ready.,,,30.0
9079208,24748,[CHI],skip.,,,30.0
9079223,24748,[CHI],skip.,,,30.0
9079238,24748,[CAR],they're going into a skip.,,,30.0
9079257,24748,[CHI],no skip.,-1.0,"subject, verb",30.0
9079277,24748,[CHI],no skip.,-1.0,"subject, verb",30.0
9079289,24748,[CAR],no skip.,,,30.0
9079308,24748,[CHI],no.,,,30.0
9079319,24748,[CAR],we haven't got a skip have we?,,,30.0
9079335,24748,[CHI],no.,,,30.0
9079352,24748,[CAR],could this be the skip?,,,30.0
9079370,24748,[CHI],yes.,,,30.0
9079384,24748,[CAR],yes.,,,30.0
9079400,24748,[CAR],that would make a good skip wouldn't it?,,,30.0
9079414,24748,[CHI],what's this?,1.0,,30.0
9079433,24748,[CAR],and the other thing beginning with c c is cut.,,,30.0
9079457,24748,[CAR],which is what we were doing with the knife we were.,,,30.0
9079497,24748,[CAR],cutting.,,,30.0
9079517,24748,[CAR],oh darling what's the matter?,,,30.0
9079534,24748,[CHI],oh the carrots.,0.0,,30.0
9079546,24748,[CAR],carrots.,,,30.0
9079564,24748,[CAR],well the carrots have gone now.,,,30.0
9079585,24748,[CAR],c for cut.,,,30.0
9079601,24748,[CAR],c for chop.,,,30.0
9079622,24748,[CAR],c for carrot.,,,30.0
9079675,24748,[CAR],there's carrots there.,,,30.0
9079692,24748,[CAR],look.,,,30.0
9079714,24748,[CHI],no.,,,30.0
9079749,24748,[CAR],oh no.,,,30.0
9079768,24748,[CAR],if you're going to start putting things on the floor that's not nice is it?,,,30.0
9079786,24748,[CAR],and the other thing that begins with c c for clean up.,,,30.0
9079821,24748,[CAR],and c for cry.,,,30.0
9079837,24748,[CAR],which is what you're doing.,,,30.0
9079864,24748,[CHI],oh.,,,30.0
9079882,24748,[CAR],you've just banged your head but that was your own fault.,,,30.0
9079907,24748,[CAR],and c for clang clang.,,,30.0
9079924,24748,[CAR],oh clang.,,,30.0
9079939,24748,[CAR],oh crash.,,,30.0
9079954,24748,[CAR],that's another word beginning with c.,,,30.0
9079975,24748,[CAR],oh clang.,,,30.0
9079990,24748,[CHI],clang.,,,30.0
9080004,24748,[CAR],clang.,,,30.0
9080037,24748,[CAR],crash.,,,30.0
9080073,24748,[CAR],oh you're a noisy boy now aren't you?,,,30.0
9080093,24748,[CAR],oh what a noisy boy.,,,30.0
9080111,24748,[CHI],sweeping up.,-1.0,"subject, auxiliary",30.0
9080125,24748,[CAR],oh you're sweeping up again.,,,30.0
9080142,24748,[CAR],oh would you like the brush?,,,30.0
9080160,24748,[CHI],yes.,,,30.0
9080175,24748,[CAR],there you are.,,,30.0
9080192,24748,[CHI],yes.,,,30.0
9080210,24748,[CHI],sweep sweep sweep.,-1.0,other,30.0
9080235,24748,[CAR],sweep sweep sweep.,,,30.0
9080253,24748,[CAR],oh Thomas not onto the floor.,,,30.0
9080269,24748,[CAR],you don't sweep onto the floor.,,,30.0
9080282,24748,[CAR],look.,,,30.0
9080290,24748,[CAR],hold this with one hand and sweep with the other.,,,30.0
9080304,24748,[CAR],like this.,,,30.0
9080328,24748,[CAR],look.,,,30.0
9080341,24748,[CAR],just let me show you.,,,30.0
9080357,24748,[CAR],look.,,,30.0
9080379,24748,[CAR],hold it with this hand and with this hand sweep sweep sweep.,,,30.0
9080401,24748,[CAR],like a dustpan and brush.,,,30.0
9080425,24748,[CAR],that's got to be lower than the table.,,,30.0
9080441,24748,[CAR],sweep sweep sweep.,,,30.0
9080496,24748,[CAR],oh darling you're a tired boy aren't you?,,,30.0
9080504,24748,[CAR],that's what happens when you go to toddler group.,,,30.0
9080519,24748,[CAR],you run round there so much and we walk home.,,,30.0
9080536,24748,[CAR],are you tired?,,,30.0
9080551,24748,[CHI],no.,,,30.0
9080581,24748,[CAR],you tired baby.,,,30.0
9080622,24748,[CAR],what's the matter?,,,30.0
9080637,24748,[CHI],oh.,,,30.0
9080653,24748,[CAR],oh dear.,,,30.0
9080670,24748,[CAR],everything's getting too much isn't it?,,,30.0
9080693,24748,[CAR],now.,,,30.0
9080711,24748,[CAR],everything's a real nuisance.,,,30.0
9080738,24748,[CHI],oh done it.,-1.0,"subject, auxiliary",30.0
9080751,24748,[CAR],you've done it.,,,30.0
9080770,24748,[CHI],yes.,,,30.0
9080786,24748,[CAR],oh what have you done?,,,30.0
9080804,24748,[CHI],done a carrots.,-1.0,other,30.0
9080815,24748,[CAR],you've done the carrots.,,,30.0
9080836,24748,[CAR],you've done it.,,,30.0
9080854,24748,[CAR],oh that sounded very Northern Thomas.,,,30.0
9080868,24748,[CAR],you've done it.,,,30.0
9080899,24748,[CAR],that was said with a lot of feeling wasn't it?,,,30.0
9080920,24748,[CAR],I've done it.,,,30.0
9080936,24748,[CHI],a done it.,1.0,,30.0
9080948,24748,[CAR],by gum.,,,30.0
9080962,24748,[CAR],I've done it.,,,30.0
9080977,24748,[CAR],oops.,,,30.0
9081004,24748,[CAR],Mummy fell over didn't she?,,,30.0
9081023,24748,[CAR],have you had enough to eat?,,,30.0
9081040,24748,[CHI],no.,,,30.0
9081062,24748,[CAR],watch.,,,30.0
9081086,24748,[CHI],watch Mummy.,0.0,,30.0
9081101,24748,[CAR],watch Mummy.,,,30.0
9081120,24748,[CAR],I'm watching.,,,30.0
9081136,24748,[CHI],a done it.,-1.0,"subject, auxiliary",30.0
9081159,24748,[CAR],I've done it.,,,30.0
9081173,24748,[CHI],hooray.,,,30.0
9081192,24748,[CAR],hooray.,,,30.0
9081210,24748,[CHI],it's easy now.,1.0,,30.0
9081237,24748,[CAR],it's easy now.,,,30.0
9081254,24748,[CAR],watch Mummy.,,,30.0
9081278,24748,[CAR],I've done it.,,,30.0
9081290,24748,[CHI],it's easy now.,1.0,,30.0
9081312,24748,[CAR],it's easy now.,,,30.0
9081319,24748,[CAR],watch Mummy.,,,30.0
9081333,24748,[CAR],I've done it.,,,30.0
9081350,24748,[CAR],it's easy now.,,,30.0
9081364,24748,[CAR],I think you're talking about?,,,30.0
9081376,24748,[CAR],we have a little book Tom and Peepo don't we?,,,30.0
9081403,24748,[CHI],yes.,,,30.0
9081419,24748,[CAR],and Peepo and Tom went on a sledge.,,,30.0
9081438,24748,[CAR],and Tom was a little bit frightened about going on the sledge but when he finally tried it he realized it wasn't that bad.,,,30.0
9081466,24748,[CAR],and he said.,,,30.0
9081481,24748,[CAR],going on a sledge is really easy.,,,30.0
9081495,24748,[CAR],we don't even need Daddy to take us.,,,30.0
9081514,24748,[CAR],I think that's what you're thinking of.,,,30.0
9081533,24748,[CHI],a done it.,-1.0,"subject, auxiliary",30.0
9081558,24748,[CAR],I've done it.,,,30.0
9167775,24818,[CAR],there's Stephen.,,,34.0
9167790,24818,[CAR],look.,,,34.0
9167806,24818,[CAR],getting into his car.,,,34.0
9167816,24818,[CHI],in his van.,1.0,,34.0
9167827,24818,[CAR],perhaps he has been putting some parcels in his van because he does that doesn't he?,,,34.0
9167844,24818,[CAR],lots_of big lorrys drop parcels off at Stephen's house and then he loads them into his car and delivers them to other people.,,,34.0
9167859,24818,[CAR],Sue's at home today.,,,34.0
9167873,24818,[CAR],look.,,,34.0
9167883,24818,[CHI],hm.,,,34.0
9167895,24818,[CAR],she has opened her curtains downstairs and her car's there.,,,34.0
9167910,24818,[CAR],oh mind you she's home most afternoons.,,,34.0
9167924,24818,[CAR],I'm forgetting it's.,,,34.0
9167936,24818,[CAR],she has perhaps been to work this morning and she's home now.,,,34.0
9167949,24818,[CHI],my snake.,0.0,,34.0
9167963,24818,[CAR],you're a snake.,,,34.0
9167973,24818,[CHI],um.,,,34.0
9167985,24818,[CHI],a snake lying on a bed.,1.0,,34.0
9167999,24818,[CHI],I lying on?,-1.0,"auxiliary, object",34.0
9168021,24818,[CHI],oh.,,,34.0
9168031,24818,[CAR],what's this?,,,34.0
9168045,24818,[CHI],Thomas_The_Tank_Engine story.,1.0,,34.0
9168057,24818,[CAR],Thomas_The_Tank_Engine story.,,,34.0
9168070,24818,[CAR],well this isn't really a Thomas_The_Tank_Engine story Thomas.,,,34.0
9168085,24818,[CAR],this is more a learning book.,,,34.0
9168096,24818,[CAR],it says.,,,34.0
9168106,24818,[CAR],learn with Thomas.,,,34.0
9168118,24818,[CAR],and it's all about colors and shapes and animals and things like that.,,,34.0
9168132,24818,[CHI],trains.,,,34.0
9168146,24818,[CAR],and?,,,34.0
9168157,24818,[CAR],well of course.,,,34.0
9168168,24818,[CAR],yes.,,,34.0
9168177,24818,[CAR],trains.,,,34.0
9168191,24818,[CAR],absolutely.,,,34.0
9168204,24818,[CHI],and I want lots_of ones.,-1.0,determiner,34.0
9168216,24818,[CHI],and lots and lots_of trains.,1.0,,34.0
9168228,24818,[CAR],yes.,,,34.0
9168237,24818,[CHI],just two.,0.0,,34.0
9168259,24818,[CAR],just two.,,,34.0
9168280,24818,[CHI],two.,,,34.0
9168293,24818,[CAR],yes.,,,34.0
9168306,24818,[CAR],sit on the chair please darling.,,,34.0
9168317,24818,[CAR],you're going to fall off the table.,,,34.0
9168330,24818,[CHI],I want a lots_of engines.,1.0,,34.0
9168343,24818,[CAR],look.,,,34.0
9168357,24818,[CAR],what's this?,,,34.0
9168374,24818,[CHI],no no.,1.0,,34.0
9168390,24818,[CHI],what's this?,1.0,,34.0
9168404,24818,[CAR],well that's Terence_the_Tractor isn't he?,,,34.0
9168417,24818,[CHI],yes.,,,34.0
9168435,24818,[CAR],Terence_the_Tractor.,,,34.0
9168448,24818,[CAR],it's a farm machine.,,,34.0
9168461,24818,[CAR],and on a farm we have a scarecrow.,,,34.0
9168475,24818,[CAR],do you remember the song Julian taught you?,,,34.0
9168490,24818,[CAR],that wasn't the proper words actually.,,,34.0
9168514,24818,[CAR],it.,,,34.0
9168527,24818,[CAR],lots_of words in on here.,,,34.0
9168545,24818,[CAR],look.,,,34.0
9168555,24818,[CAR],so there's a scarecrow.,,,34.0
9168568,24818,[CAR],he's made with a pole.,,,34.0
9168580,24818,[CAR],look.,,,34.0
9168592,24818,[CAR],he has probably got straw stuffed in his coat to put make his arms.,,,34.0
9168608,24818,[CAR],and perhaps a pumpkin for a head.,,,34.0
9168625,24818,[CAR],and lots_of straw coming down his.,,,34.0
9168642,24818,[CHI],Pur Purdie.,0.0,,34.0
9168655,24818,[CAR],pardon.,,,34.0
9168670,24818,[CHI],Pur Purdie.,0.0,,34.0
9168683,24818,[CAR],Pur Purdie.,,,34.0
9168698,24818,[CAR],where?,,,34.0
9168713,24818,[CHI],Pur Toby.,0.0,,34.0
9168729,24818,[CAR],oh Toby.,,,34.0
9168740,24818,[CAR],I thought you said Purdie.,,,34.0
9168757,24818,[CAR],ah.,,,34.0
9168772,24818,[CHI],got a got a two engines.,-1.0,subject,34.0
9168788,24818,[CAR],shall we have a look then at this book?,,,34.0
9168805,24818,[CHI],oh there's a lot of engines on.,0.0,,34.0
9168825,24818,[CAR],why don't you sit on your chair?,,,34.0
9168840,24818,[CAR],we'll put the book on the table Thomas.,,,34.0
9168858,24818,[CAR],because you're going to fall.,,,34.0
9168875,24818,[CAR],come on.,,,34.0
9168892,24818,[CAR],pull your chair up next to Mummy and then we can look together.,,,34.0
9168909,24818,[CAR],that's a good boy.,,,34.0
9168923,24818,[CAR],what a lot of engines.,,,34.0
9168942,24818,[CAR],it says.,,,34.0
9168956,24818,[CAR],can you name the engines?,,,34.0
9168972,24818,[CHI],Gordon.,,,34.0
9168985,24818,[CAR],Gordon.,,,34.0
9169002,24818,[CAR],yes.,,,34.0
9169019,24818,[CHI],uh what's this?,1.0,,34.0
9169035,24818,[CAR],number nine is Donald.,,,34.0
9169053,24818,[CAR],oh now Donald and Douglas we've come across those in the story over Christmas haven't we?,,,34.0
9169071,24818,[CHI],Donald.,,,34.0
9169091,24818,[CHI],and um Henry.,1.0,,34.0
9169109,24818,[CAR],Henry.,,,34.0
9169124,24818,[CHI],James.,,,34.0
9169137,24818,[CHI],James.,,,34.0
9169150,24818,[CAR],James.,,,34.0
9169167,24818,[CHI],what's this?,1.0,,34.0
9169182,24818,[CAR],number two.,,,34.0
9169193,24818,[CAR],number two is Edward.,,,34.0
9169211,24818,[CHI],yes.,,,34.0
9169224,24818,[CHI],what's this?,1.0,,34.0
9169238,24818,[CHI],Percy?,,,34.0
9169262,24818,[CAR],number six is Percy.,,,34.0
9169287,24818,[CHI],what's this?,1.0,,34.0
9169303,24818,[CAR],Douglas and Donald.,,,34.0
9169318,24818,[CAR],now have you noticed something about Douglas and Donald?,,,34.0
9169333,24818,[CHI],yes.,,,34.0
9169346,24818,[CAR],they're both identical.,,,34.0
9169365,24818,[CAR],they're twins aren't they?,,,34.0
9169379,24818,[CAR],they look to me as if they're carrying coal.,,,34.0
9169394,24818,[CHI],twins.,,,34.0
9169409,24818,[CHI],yes.,,,34.0
9169422,24818,[CAR],well Donald and Douglas look at sort of greyie black color but James is nice and bright.,,,34.0
9169444,24818,[CAR],he's red isn't he?,,,34.0
9169462,24818,[CHI],lots_of coal.,0.0,,34.0
9169479,24818,[CHI],lots_of coal.,0.0,,34.0
9169490,24818,[CHI],lots_of coal.,0.0,,34.0
9169511,24818,[CHI],lots_of coal.,0.0,,34.0
9169537,24818,[CAR],lots_of coal.,,,34.0
9169560,24818,[CAR],yes.,,,34.0
9169574,24818,[CAR],in fact though thinking about it?,,,34.0
9169587,24818,[CAR],yes.,,,34.0
9169603,24818,[CAR],quite a few of them have coal.,,,34.0
9169618,24818,[CAR],because it looks like this one Duck Duck has a little bit of coal.,,,34.0
9169636,24818,[CAR],Gordon has quite a lot of coal.,,,34.0
9169651,24818,[CAR],and Edward hasn't got quite as much as Gordon but a little bit more than Duck.,,,34.0
9169671,24818,[CAR],oh and James is carrying coal.,,,34.0
9169691,24818,[CHI],lots.,,,34.0
9169708,24818,[CAR],lots_of coal.,,,34.0
9169718,24818,[CAR],and Thomas.,,,34.0
9169731,24818,[CAR],look.,,,34.0
9169745,24818,[CAR],Thomas has a tiny bit of coal doesn't he?,,,34.0
9169760,24818,[CHI],yes.,,,34.0
9169770,24818,[CAR],and Percy has a a small amount of coal.,,,34.0
9169797,24818,[CHI],Edward got coal.,1.0,,34.0
9169819,24818,[CAR],and so does Henry.,,,34.0
9169942,24818,[CAR],but Donald and Douglas look to me as if they carry a lot of coal.,,,34.0
9169962,24818,[CHI],lot.,,,34.0
9169979,24818,[CAR],a lot of coal.,,,34.0
9170001,24818,[CHI],lots_of coal.,1.0,,34.0
9170021,24818,[CAR],can you see all the numbers on them?,,,34.0
9170044,24818,[CAR],let's count.,,,34.0
9170058,24818,[CAR],number one is.,,,34.0
9170076,24818,[CHI],Thomas.,,,34.0
9170094,24818,[CAR],number two is.,,,34.0
9170117,24818,[CHI],Bertie.,,,34.0
9170136,24818,[CAR],no.,,,34.0
9170153,24818,[CAR],Edward.,,,34.0
9170165,24818,[CHI],Edward.,,,34.0
9170193,24818,[CAR],number three?,,,34.0
9170216,24818,[CAR],I can't see number three.,,,34.0
9170237,24818,[CAR],number four is.,,,34.0
9170260,24818,[CHI],Gordon.,,,34.0
9170277,24818,[CAR],Gordon.,,,34.0
9170291,24818,[CAR],number five?,,,34.0
9170311,24818,[CAR],oh sorry.,,,34.0
9170328,24818,[CAR],is Henry number three?,,,34.0
9170346,24818,[CAR],sorry.,,,34.0
9170362,24818,[CAR],Henry's number three.,,,34.0
9170376,24818,[CHI],yes.,,,34.0
9170392,24818,[CAR],and James is number five.,,,34.0
9170409,24818,[CAR],where's number six?,,,34.0
9170426,24818,[CHI],there's number six.,1.0,,34.0
9170443,24818,[CAR],this is number six.,,,34.0
9170460,24818,[CHI],it is Per.,1.0,,34.0
9170480,24818,[CAR],it's Percy.,,,34.0
9170496,24818,[CHI],yes.,,,34.0
9170511,24818,[CAR],and number seven is.,,,34.0
9170528,24818,[CHI],Bertie.,,,34.0
9170543,24818,[CAR],no.,,,34.0
9170560,24818,[CAR],not Bertie_the_bus.,,,34.0
9170576,24818,[CAR],who's that?,,,34.0
9170595,24818,[CAR],you told me on the other page.,,,34.0
9170623,24818,[CHI],Bertie.,,,34.0
9170640,24818,[CAR],no.,,,34.0
9170665,24818,[CAR],it's not Bertie.,,,34.0
9170682,24818,[CAR],you told me on the other page.,,,34.0
9170699,24818,[CHI],Bertie.,,,34.0
9170712,24818,[CAR],oh it's dirty.,,,34.0
9170727,24818,[CHI],Bertie.,,,34.0
9170739,24818,[CAR],Bertie.,,,34.0
9170763,24818,[CAR],no.,,,34.0
9170775,24818,[CAR],it's not Bertie_the_bus.,,,34.0
9170790,24818,[CHI],it's Bertie.,1.0,,34.0
9170804,24818,[CAR],you told me it was Toby.,,,34.0
9170821,24818,[CHI],it's Toby.,1.0,,34.0
9170836,24818,[CAR],it's Toby isn't it?,,,34.0
9170855,24818,[CAR],number eight.,,,34.0
9170871,24818,[CAR],the last one is.,,,34.0
9170887,24818,[CHI],Douglas.,,,34.0
9170908,24818,[CAR],Douglas.,,,34.0
9170920,24818,[CAR],no.,,,34.0
9170946,24818,[CAR],it's it's?,,,34.0
9170960,24818,[CAR],oh you're quite right.,,,34.0
9170980,24818,[CAR],well it isn't actually the last one.,,,34.0
9171003,24818,[CAR],number eight is Duck.,,,34.0
9171015,24818,[CHI],Duck.,,,34.0
9171034,24818,[CAR],do you remember that story we read a little while a go?,,,34.0
9171050,24818,[CAR],the one that featured Douglas and Tom and Donald.,,,34.0
9171067,24818,[CAR],it was about Thomas_The_Tank_Engine going to pick up the Christmas tree for the Greendale Christmas?,,,34.0
9171087,24818,[CAR],oh I was going to say the Greendale Christmas party but that's Postman_Pat isn't it?,,,34.0
9171109,24818,[CHI],yes.,,,34.0
9171119,24818,[CAR],for the station Christmas party and he got stuck in the snow.,,,34.0
9171140,24818,[CHI],hm.,,,34.0
9171157,24818,[CAR],and while Thomas_The_Tank_Engine was going off to pick up the Christmas tree the fat controller said Duck can stay behind and pull Annie and Clarabel.,,,34.0
9171179,24818,[CAR],so Duck featured in that story.,,,34.0
9171203,24818,[CHI],hm.,,,34.0
9171216,24818,[CAR],and when Thomas got stuck in the snow who came to pull him out?,,,34.0
9171256,24818,[CAR],the twins.,,,34.0
9171273,24818,[CHI],big man.,-1.0,determiner,34.0
9171289,24818,[CHI],big wagon.,-1.0,determiner,34.0
9171308,24818,[CAR],big wagons.,,,34.0
9171328,24818,[CAR],Douglas and Donald.,,,34.0
9171348,24818,[CAR],so number eight is Duck.,,,34.0
9171356,24818,[CAR],number nine is Donald and number ten is Douglas.,,,34.0
9171384,24818,[CAR],so we've got ten engines.,,,34.0
9171405,24818,[CAR],one two three four five six seven eight nine ten.,,,34.0
9171424,24818,[CHI],lots_of engines.,0.0,,34.0
9171437,24818,[CAR],lots_of engines.,,,34.0
9171458,24818,[CAR],how many blue ones are there?,,,34.0
9171477,24818,[CHI],I not know.,-1.0,auxiliary,34.0
9171500,24818,[CAR],one.,,,34.0
9171515,24818,[CHI],two three.,0.0,,34.0
9171536,24818,[CHI],lots_of blue.,0.0,,34.0
9171548,24818,[CAR],three blue engines.,,,34.0
9171562,24818,[CAR],how many green engines are there?,,,34.0
9171575,24818,[CHI],blue green.,0.0,,34.0
9171591,24818,[CHI],green.,,,34.0
9171603,24818,[CAR],green and green.,,,34.0
9171624,24818,[CAR],that's three greens.,,,34.0
9171641,24818,[CAR],and how many grey engines are there?,,,34.0
9171665,24818,[CHI],round circle.,-1.0,determiner,34.0
9171686,24818,[CAR],one and two.,,,34.0
9171702,24818,[CAR],how many red engines are there?,,,34.0
9171718,24818,[CHI],one.,,,34.0
9171732,24818,[CAR],one.,,,34.0
9171747,24818,[CAR],because James is a cheerful red engine and I think he thinks he's a little bit better than all the others because he's red.,,,34.0
9171774,24818,[CAR],and Toby is brown isn't he?,,,34.0
9171791,24818,[CHI],yes.,,,34.0
9171809,24818,[CAR],now?,,,34.0
9171843,24818,[CAR],oh now you were just talking about Bertie_the_bus.,,,34.0
9171871,24818,[CAR],I can see Bertie.,,,34.0
9171895,24818,[CAR],Bertie and James are red aren't they?,,,34.0
9171914,24818,[CHI],yes.,,,34.0
9171938,24818,[CHI],a James putting the animals.,-1.0,auxiliary,34.0
9171955,24818,[CHI],giraffe.,,,34.0
9171966,24818,[CHI],the big lion.,0.0,,34.0
9171979,24818,[CAR],yes.,,,34.0
9171996,24818,[CAR],James is carrying a big animal.,,,34.0
9172018,24818,[CAR],it's a giraffe.,,,34.0
9172037,24818,[CAR],this is a picture about the zoo.,,,34.0
9172063,24818,[CHI],um big lion.,-1.0,determiner,34.0
9172080,24818,[CAR],there's a big lion isn't there?,,,34.0
9172100,24818,[CHI],no.,,,34.0
9172124,24818,[CHI],big elephant.,-1.0,determiner,34.0
9172143,24818,[CAR],yes.,,,34.0
9172160,24818,[CAR],well it says Henry found this animal in his tunnel.,,,34.0
9172181,24818,[CAR],what is it?,,,34.0
9172199,24818,[CAR],and you're quite right.,,,34.0
9172217,24818,[CAR],you said elephant.,,,34.0
9172235,24818,[CAR],and this it says.,,,34.0
9172254,24818,[CAR],this is the king of the jungle.,,,34.0
9172274,24818,[CAR],what animal is it?,,,34.0
9172292,24818,[CAR],and you're right.,,,34.0
9172309,24818,[CAR],you said a lion.,,,34.0
9172328,24818,[CHI],a lion.,1.0,,34.0
9172337,24818,[CAR],do you know what this is?,,,34.0
9172354,24818,[CHI],um.,,,34.0
9172366,24818,[CAR],black and white and it eats bamboo shoots.,,,34.0
9172393,24818,[CHI],bamboo shoots.,1.0,,34.0
9172416,24818,[CHI],oh yes.,1.0,,34.0
9172437,24818,[CAR],that's a panda.,,,34.0
9172450,24818,[CHI],um Bertie.,0.0,,34.0
9172462,24818,[CAR],Bertie_the_bus.,,,34.0
9172478,24818,[CAR],what's sitting on the front front of Bertie bus on the radiator?,,,34.0
9172499,24818,[CHI],um um a monkey.,1.0,,34.0
9172509,24818,[CAR],a monkey.,,,34.0
9172533,24818,[CAR],ah and you know what this is.,,,34.0
9172567,24818,[CHI],yes.,,,34.0
9172594,24818,[CAR],it's that.,,,34.0
9172615,24818,[CHI],big crocodile.,0.0,,34.0
9172633,24818,[CAR],a big crocodile.,,,34.0
9172653,24818,[CAR],what does the crocodile say?,,,34.0
9172697,24818,[CAR],I bet the crocodile snap.,,,34.0
9172710,24818,[CHI],snap.,,,34.0
9172732,24818,[CAR],snap went the crocodile.,,,34.0
9172756,24818,[CHI],oh dear me.,1.0,,34.0
9172773,24818,[CAR],oh dear me.,,,34.0
9172806,24818,[CAR],because we know a song about a monkey and a crocodile don't we?,,,34.0
9172826,24818,[CAR],shall we do it?,,,34.0
9172841,24818,[CAR],we'll just do one cheeky monkey.,,,34.0
9172857,24818,[CHI],no thanks.,1.0,,34.0
9172874,24818,[CAR],no.,,,34.0
9172890,24818,[CAR],well can Mummy do it?,,,34.0
9172907,24818,[CHI],no.,,,34.0
9172923,24818,[CHI],no.,,,34.0
9172941,24818,[CHI],no no sing that.,0.0,,34.0
9172971,24818,[CAR],no sing that.,,,34.0
9172993,24818,[CHI],no.,,,34.0
9173011,24818,[CAR],alright.,,,34.0
9173033,24818,[CAR],what's this?,,,34.0
9173048,24818,[CHI],penguin.,,,34.0
9173067,24818,[CAR],a penguin.,,,34.0
9173080,24818,[CAR],what's this?,,,34.0
9173094,24818,[CAR],that looks Didsbury_Park to me.,,,34.0
9173108,24818,[CAR],what's going up the tree?,,,34.0
9173126,24818,[CHI],Thomas very cross.,-1.0,"verb, other",34.0
9173144,24818,[CAR],why's Thomas_The_Tank_Engine very cross?,,,34.0
9173167,24818,[CAR],oh I know.,,,34.0
9173188,24818,[CHI],yes.,,,34.0
9173205,24818,[CAR],I don't think he's cross.,,,34.0
9173221,24818,[CAR],Thomas is perhaps surprised because he's trying to get in the engine shed.,,,34.0
9173238,24818,[CAR],and what's that?,,,34.0
9173250,24818,[CHI],a big giraffe.,1.0,,34.0
9173270,24818,[CAR],no.,,,34.0
9173283,24818,[CAR],that's a.,,,34.0
9173302,24818,[CHI],like a lion.,0.0,,34.0
9173326,24818,[CAR],it's like a lion but lion?,,,34.0
9173339,24818,[CAR],that's the lion there with the big fluffy mane.,,,34.0
9173356,24818,[CAR],this is like a lion but it has got stripes.,,,34.0
9173380,24818,[CHI],tiger.,,,34.0
9173393,24818,[CAR],it's a tiger.,,,34.0
9173409,24818,[CAR],that's right.,,,34.0
9173424,24818,[CAR],you still haven't told me what this is.,,,34.0
9173434,24818,[CHI],a monkey.,1.0,,34.0
9173458,24818,[CHI],a big elephant in the tr in the tunnel.,1.0,,34.0
9173473,24818,[CAR],it's a big elephant in the tunnel.,,,34.0
9173501,24818,[CAR],what's this climbing the tree?,,,34.0
9173516,24818,[CHI],I don't know.,1.0,,34.0
9173532,24818,[CAR],well I'm very surprised because you are always telling me that in the trees there are.,,,34.0
9173569,24818,[CHI],big bears.,1.0,,34.0
9173587,24818,[CAR],big bears.,,,34.0
9173601,24818,[CAR],and that's the big brown bear.,,,34.0
9173617,24818,[CAR],do you think Bertie_the_bus is taking passengers to the zoo?,,,34.0
9173641,24818,[CHI],yes.,,,34.0
9173661,24818,[CAR],shapes.,,,34.0
9173672,24818,[CAR],we're going to have a look at some shapes.,,,34.0
9173687,24818,[CHI],uh look.,1.0,,34.0
9173705,24818,[CHI],a moon.,0.0,,34.0
9173719,24818,[CAR],a moon.,,,34.0
9173740,24818,[CAR],that's a circle.,,,34.0
9173761,24818,[CHI],look.,,,34.0
9173774,24818,[CHI],fat controller waking up two two ears.,-1.0,"determiner, auxiliary, other",34.0
9173788,24818,[CAR],the fat controller's waking up.,,,34.0
9173805,24818,[CHI],yes.,,,34.0
9173822,24818,[CHI],two ears.,0.0,,34.0
9173846,24818,[CAR],he has got two ears.,,,34.0
9173865,24818,[CHI],yes.,,,34.0
9173884,24818,[CAR],yes.,,,34.0
9173900,24818,[CAR],how do you know he's waking up?,,,34.0
9173921,24818,[CHI],I don't know.,1.0,,34.0
9173939,24818,[CAR],it says.,,,34.0
9173952,24818,[CAR],the fat controller is waving from his window.,,,34.0
9173974,24818,[CAR],we were going to have a look at shapes later on.,,,34.0
9174085,24818,[CHI],yes.,,,34.0
9174102,24818,[CAR],but we'll just have a quick look now.,,,34.0
9174137,24818,[CHI],no no.,1.0,,34.0
9174158,24818,[CHI],I not looking this now.,-1.0,"auxiliary, preposition",34.0
9174182,24818,[CAR],no.,,,34.0
9174192,24818,[CAR],alright.,,,34.0
9174213,24818,[CAR],we won't look at shapes now.,,,34.0
9174232,24818,[CAR],let's see what's.,,,34.0
9174247,24818,[CHI],want a look at shapes.,-1.0,"subject, tense_aspect, determiner",34.0
9174264,24818,[CAR],do you wanna look at some shapes?,,,34.0
9174280,24818,[CHI],yes.,,,34.0
9174290,24818,[CAR],ah this?,,,34.0
9174305,24818,[CAR],oh this is an exciting page.,,,34.0
9174324,24818,[CAR],this is all about.,,,34.0
9174336,24818,[CHI],fire engine.,-1.0,determiner,34.0
9174353,24818,[CAR],yes.,,,34.0
9174371,24818,[CAR],this is a page about wheels.,,,34.0
9174390,24818,[CHI],fire the fire engine the big football.,-1.0,verb,34.0
9174401,24818,[CAR],well that's not a big football.,,,34.0
9174420,24818,[CAR],that's the headlamp on the fire engine.,,,34.0
9174439,24818,[CAR],and as the fire engine's dashing to a fire it's going bebaa bebaa and the lights are flashing.,,,34.0
9174455,24818,[CAR],it says.,,,34.0
9174469,24818,[CAR],there's a fire on the line.,,,34.0
9174487,24818,[CAR],how many firemen can you see?,,,34.0
9174500,24818,[CHI],firemen fire.,-1.0,determiner,34.0
9174511,24818,[CAR],and the man's there holding his fire hose isn't he?,,,34.0
9174528,24818,[CAR],do you know something Thomas?,,,34.0
9174544,24818,[CAR],Mummy's one of Mummy's cousins is a fire a fireman.,,,34.0
9174567,24818,[CHI],um.,,,34.0
9174582,24818,[CAR],she has got one cousin who's a fireman.,,,34.0
9174604,24818,[CAR],another cousin who's a fire chief.,,,34.0
9174642,24818,[CHI],the fire not again cross.,-1.0,verb,34.0
9174664,24818,[CAR],who's very cross?,,,34.0
9174685,24818,[CHI],Gordon.,,,34.0
9174730,24818,[CAR],Gordon's very cross.,,,34.0
9174743,24818,[CAR],well he's probably a little bit like earlier on on the paper Thomas looked cross.,,,34.0
9174773,24818,[CAR],I don't think Thomas was cross.,,,34.0
9174786,24818,[CAR],I think Thomas was surprised to find a tiger in his engine shed.,,,34.0
9174802,24818,[CAR],now just like on this page I don't think Thomas uh I don't think Gordon's cross I think he's a bit frightened.,,,34.0
9174821,24818,[CAR],because look.,,,34.0
9174840,24818,[CAR],it says.,,,34.0
9174856,24818,[CAR],there's a fire on the line.,,,34.0
9174879,24818,[CHI],uh Gordon get a fright.,-1.0,tense_aspect,34.0
9174901,24818,[CAR],he's very frightened.,,,34.0
9174916,24818,[CAR],he's very worried.,,,34.0
9174933,24818,[CAR],uh there goes a white van.,,,34.0
9174955,24818,[CAR],that was parked outside of Rachel's house yesterday.,,,34.0
9174972,24818,[CHI],yes.,,,34.0
9174987,24818,[CAR],how many firemen can you see?,,,34.0
9175004,24818,[CAR],one two three four.,,,34.0
9175022,24818,[CHI],fire a fire a fire on the line.,0.0,,34.0
9175040,24818,[CAR],fire fire fire on the line.,,,34.0
9175057,24818,[CAR],help help.,,,34.0
9175075,24818,[CAR],fire!,,,34.0
9175089,24818,[CAR],so Mummy oughta write to cousin Michael hadn't she?,,,34.0
9175107,24818,[CHI],um.,,,34.0
9175121,24818,[CAR],well Peter Peter's the fireman.,,,34.0
9175140,24818,[CAR],Peter's the fireman near Hull.,,,34.0
9175154,24818,[CHI],yes.,,,34.0
9175169,24818,[CAR],but Michael is a fire chief in Reading and that means he's in charge.,,,34.0
9175194,24818,[CHI],who's there?,1.0,,34.0
9175210,24818,[CHI],what's that?,1.0,,34.0
9175234,24818,[CAR],that's the wheel the big hose is wound onto.,,,34.0
9175254,24818,[CAR],and Michael is in charge of a lot of fire engines and a lot of firemen at the station.,,,34.0
9175276,24818,[CHI],yes.,,,34.0
9175296,24818,[CAR],well we see we quite often see cousin Michael on the news when something has happened don't we?,,,34.0
9175317,24818,[CHI],fire on there.,0.0,,34.0
9175335,24818,[CHI],fire on the track.,0.0,,34.0
9175358,24818,[CAR],yes.,,,34.0
9175376,24818,[CHI],Gordon get frightened.,-1.0,tense_aspect,34.0
9175395,24818,[CAR],oh yes.,,,34.0
9175414,24818,[CAR],he's very frightened isn't he?,,,34.0
9175437,24818,[CHI],oh.,,,34.0
9175457,24818,[CAR],what else can you see?,,,34.0
9175473,24818,[CHI],I don't know.,1.0,,34.0
9175488,24818,[CAR],well look.,,,34.0
9175503,24818,[CAR],there are bicycles.,,,34.0
9175524,24818,[CAR],bicycles have been left at the station.,,,34.0
9175542,24818,[CAR],that's a car transporter.,,,34.0
9175569,24818,[CHI],breakdown lorry.,-1.0,determiner,34.0
9175587,24818,[CAR],a breakdown lorry.,,,34.0
9175609,24818,[CAR],yes.,,,34.0
9175624,24818,[CAR],it's a?,,,34.0
9175639,24818,[CAR],well yes.,,,34.0
9175653,24818,[CAR],it's the car transporter takes cars to the showroom.,,,34.0
9175669,24818,[CAR],but yes.,,,34.0
9175684,24818,[CAR],all these are brand new cars Thomas.,,,34.0
9175702,24818,[CAR],they've come straight from the factory and they're going straight to the showroom to be sold.,,,34.0
9175721,24818,[CAR],but I quite agree a breakdown lorry looks very much the same.,,,34.0
9175739,24818,[CAR],when cars have a had a big piffpaffpuff and they've crashed the the car breakdown lorry uh.,,,34.0
9175758,24818,[CAR],sorry.,,,34.0
9175777,24818,[CAR],the breakdown lorry picks the cars up and takes them to to the garage to be mended.,,,34.0
9175795,24818,[CHI],um.,,,34.0
9175815,24818,[CAR],what kind of vehicle is this?,,,34.0
9175827,24818,[CHI],uh ambulance.,-1.0,determiner,34.0
9175844,24818,[CAR],an ambulance.,,,34.0
9175861,24818,[CAR],and it says.,,,34.0
9175879,24818,[CAR],who does this van belong to?,,,34.0
9175893,24818,[CAR],now I'd be surprised if you didn't know because yesterday when a van pulled up outside with a ladder on top and a bucket and a cloth you said it's the.,,,34.0
9175916,24818,[CHI],fire engine.,1.0,,34.0
9175929,24818,[CAR],no.,,,34.0
9175945,24818,[CAR],the window cleaner.,,,34.0
9175955,24818,[CHI],window cleaner.,-1.0,determiner,34.0
9175974,24818,[CAR],ah and what you know who these two are don't you?,,,34.0
9175992,24818,[CHI],yes.,,,34.0
9176008,24818,[CAR],Thomas is having a race with Bertie_the_bus.,,,34.0
9176022,24818,[CAR],who is winning?,,,34.0
9176039,24818,[CHI],I don't know.,1.0,,34.0
9176053,24818,[CAR],it looks like Thomas is a little bit ahead of Bertie.,,,34.0
9176069,24818,[CAR],what kinds of fruit is the lorry collecting?,,,34.0
9176088,24818,[CAR],this is the fruit lorry.,,,34.0
9176101,24818,[CHI],bananas.,,,34.0
9176115,24818,[CAR],and.,,,34.0
9176129,24818,[CHI],bananas.,,,34.0
9176143,24818,[CAR],bananas and.,,,34.0
9176158,24818,[CHI],and.,,,34.0
9176177,24818,[CAR],they're little green round?,,,34.0
9176193,24818,[CAR],they could be red I suppose.,,,34.0
9176209,24818,[CAR],apples.,,,34.0
9176224,24818,[CHI],apples.,,,34.0
9176238,24818,[CAR],Terence_the_Tractor is ploughing the field.,,,34.0
9176256,24818,[CAR],and what's that?,,,34.0
9176267,24818,[CHI],I don't know.,1.0,,34.0
9176277,24818,[CAR],a motorbike.,,,34.0
9176285,24818,[CHI],yes.,,,34.0
9176311,24818,[CAR],and there are these cars.,,,34.0
9176325,24818,[CAR],how many station how many cars in the station car park?,,,34.0
9176352,24818,[CHI],no.,,,34.0
9176366,24818,[CHI],I not read this.,-1.0,tense_aspect,34.0
9176382,24818,[CHI],I want get shapes.,-1.0,auxiliary,34.0
9176392,24818,[CAR],you wanna get the shapes.,,,34.0
9176407,24818,[CHI],yes.,,,34.0
9176425,24818,[CAR],come on then.,,,34.0
9176440,24818,[CAR],do you wanna fetch your baby walker over?,,,34.0
9176456,24818,[CAR],we keep threatening this is going to go in the loft but.,,,34.0
9176479,24818,[CHI],Thomas can't see a baby walker.,1.0,,34.0
9176491,24818,[CAR],over there.,,,34.0
9176506,24818,[CAR],the the thing you useta push when you were learning to walk.,,,34.0
9176524,24818,[CHI],yes.,,,34.0
9176539,24818,[CAR],because we keep saying it's going in the loft going in the loft.,,,34.0
9176568,24818,[CAR],and it really does hafta go in the loft.,,,34.0
9176582,24818,[CAR],we've no room for it here have we?,,,34.0
9176609,24818,[CAR],let's have a look.,,,34.0
9176624,24818,[CHI],your shapes.,0.0,,34.0
9176638,24818,[CAR],shapes.,,,34.0
9176650,24818,[CHI],two blue triangles.,0.0,,34.0
9176666,24818,[CAR],two blue triangles.,,,34.0
9176691,24818,[CHI],poo.,,,34.0
9176708,24818,[CHI],get it in my poo.,0.0,,34.0
9176722,24818,[CAR],oh you did didn't you Thomas?,,,34.0
9176737,24818,[CAR],you did do that.,,,34.0
9176746,24818,[CAR],yes.,,,34.0
9176759,24818,[CAR],you had a?,,,34.0
9176774,24818,[CAR],one day a few weeks ago you were not a very good boy really were you?,,,34.0
9176799,24818,[CAR],when you were using your potty.,,,34.0
9176810,24818,[CHI],no.,,,34.0
9176822,24818,[CAR],and what did you do?,,,34.0
9176848,24818,[CHI],put the poo in my blue triangle.,1.0,,34.0
9176864,24818,[CAR],well you did a poo and then you took the blue triangle plastic shape from your baby walker and you started making shapes in your poo didn't you?,,,34.0
9176892,24818,[CHI],yes.,,,34.0
9176915,24818,[CAR],Mummy wasn't happy was she?,,,34.0
9176932,24818,[CAR],that day.,,,34.0
9176983,24818,[CHI],no.,,,34.0
9177002,24818,[CAR],what did she say?,,,34.0
9177018,24818,[CHI],not touch anything.,-1.0,auxiliary,34.0
9177033,24818,[CAR],I said stand there and don't touch anything didn't I?,,,34.0
9177049,24818,[CHI],yes.,,,34.0
9177068,24818,[CAR],oh dear dear.,,,34.0
9177098,24818,[CAR],what a mess.,,,34.0
9177121,24818,[CAR],you won't do it again though will you Thomas?,,,34.0
9177141,24818,[CHI],no.,,,34.0
9177152,24818,[CAR],certainly not.,,,34.0
9177171,24818,[CAR],so we've got two triangles.,,,34.0
9177186,24818,[CAR],you said they were two blue triangles but they're not.,,,34.0
9177202,24818,[CAR],there's a blue triangle and a green triangle.,,,34.0
9177218,24818,[CHI],um.,,,34.0
9177236,24818,[CAR],now look.,,,34.0
9177252,24818,[CAR],we've got two yellow shapes here.,,,34.0
9177268,24818,[CAR],one's?,,,34.0
9177280,24818,[CAR],what's that one?,,,34.0
9177298,24818,[CHI],it's triangle.,-1.0,determiner,34.0
9177312,24818,[CAR],no.,,,34.0
9177326,24818,[CAR],that's a circle.,,,34.0
9177342,24818,[CAR],it's round.,,,34.0
9177383,24818,[CAR],and that's a square.,,,34.0
9177401,24818,[CHI],here's the digger fix.,0.0,,34.0
9177415,24818,[CHI],little.,,,34.0
9177434,24818,[CAR],here's the digger.,,,34.0
9177452,24818,[CAR],who are the diggers?,,,34.0
9177466,24818,[CAR],come and tell me.,,,34.0
9177479,24818,[CHI],the diggers.,0.0,,34.0
9177508,24818,[CAR],you're putting all your shapes in the digger are you?,,,34.0
9177525,24818,[CHI],yes.,,,34.0
9177538,24818,[CAR],one of these little books here has?,,,34.0
9177554,24818,[CAR],it's a little shape and color book.,,,34.0
9177569,24818,[CAR],what color is that?,,,34.0
9177583,24818,[CHI],don't know.,0.0,,34.0
9177598,24818,[CAR],oh Thomas Lastname.,,,34.0
9177615,24818,[CAR],it's red.,,,34.0
9177634,24818,[CHI],and look.,1.0,,34.0
9177647,24818,[CHI],orange.,,,34.0
9177661,24818,[CAR],yes.,,,34.0
9177677,24818,[CAR],that's orange.,,,34.0
9177692,24818,[CAR],that says.,,,34.0
9177707,24818,[CAR],a red square.,,,34.0
9177722,24818,[CAR],now look.,,,34.0
9177741,24818,[CAR],your jumper today.,,,34.0
9177754,24818,[CAR],look.,,,34.0
9177775,24818,[CAR],you've got squares.,,,34.0
9177787,24818,[CAR],you've got checks on your jumper.,,,34.0
9177816,24818,[CAR],you've got a red square there.,,,34.0
9177835,24818,[CHI],um.,,,34.0
9177848,24818,[CAR],and that's an orange.,,,34.0
9177861,24818,[CHI],yes.,,,34.0
9177880,24818,[CAR],orange.,,,34.0
9177895,24818,[CHI],orange.,,,34.0
9177911,24818,[CHI],ch chocolate orange.,-1.0,determiner,34.0
9177925,24818,[CAR],a chocolate orange.,,,34.0
9177949,24818,[CAR],it's an orange circle.,,,34.0
9177962,24818,[CAR],a circle is round like a wheel.,,,34.0
9177973,24818,[CAR],look.,,,34.0
9178008,24818,[CAR],the wheels on your digger.,,,34.0
9178046,24818,[CHI],more like a digger.,0.0,,34.0
9178062,24818,[CAR],yes.,,,34.0
9178085,24818,[CAR],well they go round on a digger as well.,,,34.0
9178110,24818,[CAR],so oranges are round.,,,34.0
9178139,24818,[CAR],wheels are round.,,,34.0
9178158,24818,[CAR],what else is round?,,,34.0
9178172,24818,[CAR],the face on the clock is round.,,,34.0
9178186,24818,[CHI],yes.,,,34.0
9178201,24818,[CAR],Dobbin your rocking horse.,,,34.0
9178218,24818,[CAR],his eyes are round.,,,34.0
9178231,24818,[CAR],he has got wheels on the bottom.,,,34.0
9178246,24818,[CAR],they're round.,,,34.0
9178259,24818,[CAR],football's round.,,,34.0
9178273,24818,[CAR],the wheel on the baby walker is round.,,,34.0
9178299,24818,[CHI],big wheels.,0.0,,34.0
9178334,24818,[CAR],so you have a look in the digger and tell me which of those shapes?,,,34.0
9178359,24818,[CAR],there should be two shapes that are round.,,,34.0
9178379,24818,[CAR],a circle's round.,,,34.0
9178394,24818,[CHI],what what's happening?,1.0,,34.0
9178412,24818,[CHI],lot lot lots_of men in your side.,-1.0,"verb, preposition",34.0
9178427,24818,[CAR],pardon.,,,34.0
9178442,24818,[CHI],lot lots_of fire on your side.,0.0,,34.0
9178460,24818,[CAR],is there a lot of fire on my side?,,,34.0
9178483,24818,[CHI],yes.,,,34.0
9178503,24818,[CHI],my digger man.,0.0,,34.0
9178519,24818,[CAR],oh your digger man.,,,34.0
9178545,24818,[CAR],where is the digger man?,,,34.0
9178563,24818,[CAR],I haven't seen him.,,,34.0
9178580,24818,[CAR],oh here he is underneath the chair.,,,34.0
9178599,24818,[CAR],look.,,,34.0
9178619,24818,[CAR],the digger man has got a helmet on.,,,34.0
9178635,24818,[CAR],that's round.,,,34.0
9178648,24818,[CAR],his eyes are round and his nose is round.,,,34.0
9178668,24818,[CAR],now if you want that shape Thomas.,,,34.0
9178685,24818,[CHI],um.,,,34.0
9178700,24818,[CAR],that's a cylinder.,,,34.0
9178717,24818,[CHI],cylinder.,,,34.0
9178738,24818,[CAR],or a tube.,,,34.0
9178755,24818,[CAR],who plays with a tube?,,,34.0
9178774,24818,[CHI],I not know.,-1.0,auxiliary,34.0
9178789,24818,[CAR],on television.,,,34.0
9178809,24818,[CHI],Bella.,,,34.0
9178830,24818,[CAR],Bella plays with a tube doesn't she?,,,34.0
9178846,24818,[CHI],yes.,,,34.0
9178855,24818,[CAR],what do we have that's like a tube?,,,34.0
9178875,24818,[CAR],the inside of the kitchen roll.,,,34.0
9178891,24818,[CHI],yes.,,,34.0
9178914,24818,[CAR],or the inside of a toilet roll.,,,34.0
9178931,24818,[CAR],you know when we've when we've finished.,,,34.0
9178945,24818,[CAR],when the paper has all gone.,,,34.0
9178963,24818,[CHI],yes.,,,34.0
9178978,24818,[CAR],you play with a cardboard cylinder don't you?,,,34.0
9178994,24818,[CAR],the tube inside.,,,34.0
9179014,24818,[CHI],uh the Bella played the tube.,-1.0,determiner,34.0
9179035,24818,[CAR],Bella plays with the tube.,,,34.0
9179052,24818,[CAR],yes.,,,34.0
9179067,24818,[CAR],now in these shapes you haven't got a tube have you?,,,34.0
9179087,24818,[CAR],or a cylinder.,,,34.0
9179100,24818,[CHI],no.,,,34.0
9179113,24818,[CAR],and that's a pink.,,,34.0
9179132,24818,[CAR],now that's called a rectangle.,,,34.0
9179147,24818,[CHI],I getting something?,-1.0,auxiliary,34.0
9179162,24818,[CAR],are you?,,,34.0
9179177,24818,[CAR],right.,,,34.0
9179191,24818,[CAR],okay.,,,34.0
9179217,24818,[CHI],get my cup of coffee.,0.0,,34.0
9179236,24818,[CAR],you're getting your cup of coffee.,,,34.0
9179252,24818,[CAR],I think it's the beaker of orange isn't it?,,,34.0
9179271,24818,[CHI],no.,,,34.0
9179285,24818,[CHI],it's my coffee.,1.0,,34.0
9179306,24818,[CAR],is it your coffee?,,,34.0
9179324,24818,[CAR],fair enough.,,,34.0
9179338,24818,[CAR],a rectangle is a little bit like a square but instead of having four sides all the same two are long and two are short.,,,34.0
9179362,24818,[CHI],oh.,,,34.0
9179379,24818,[CAR],now that looks to me like a letterbox.,,,34.0
9179392,24818,[CHI],um.,,,34.0
9179403,24818,[CAR],a lot of envelopes we get are rectangles rather than squares aren't they?,,,34.0
9179423,24818,[CHI],um.,,,34.0
9179441,24818,[CHI],yes.,,,34.0
9179452,24818,[CAR],that's a square and that's a rectangle.,,,34.0
9179487,24818,[CAR],oh and you know what that is?,,,34.0
9179500,24818,[CHI],um.,,,34.0
9179513,24818,[CHI],a star.,1.0,,34.0
9179527,24818,[CAR],it's a star.,,,34.0
9179542,24818,[CAR],what color is the star?,,,34.0
9179562,24818,[CHI],yellow.,,,34.0
9179577,24818,[CAR],yellow.,,,34.0
9179589,24818,[CAR],it's a star shape.,,,34.0
9179604,24818,[CAR],can we see anything that's star shaped when we're looking round?,,,34.0
9179622,24818,[CHI],no.,,,34.0
9179635,24818,[CHI],not here.,1.0,,34.0
9179656,24818,[CAR],not here.,,,34.0
9179678,24818,[CAR],um we can't but when we were sorting through some papers earlier on we found the invitation to Molly's birthday party and that had stars on it.,,,34.0
9179709,24818,[CHI],um.,,,34.0
9179723,24818,[CAR],is there anything on the baby walker with a star?,,,34.0
9179739,24818,[CHI],no.,,,34.0
9179756,24818,[CAR],where's the lid?,,,34.0
9179774,24818,[CAR],here we are.,,,34.0
9179788,24818,[CAR],this is the top tray.,,,34.0
9179802,24818,[CAR],has that got a star?,,,34.0
9179820,24818,[CHI],no.,,,34.0
9179836,24818,[CAR],that's a little bit like a star.,,,34.0
9179848,24818,[CAR],it's the shape of the teddy bear's head and he has got two arms and he has got two arms and two legs.,,,34.0
9179866,24818,[CAR],but the shape of the teddy his two ears his two arms and his two legs form a star shape don't they?,,,34.0
9179940,24818,[CHI],boy.,,,34.0
9179951,24818,[CAR],and look.,,,34.0
9179963,24818,[CAR],there's a picture of the sun there.,,,34.0
9179980,24818,[CAR],and the sun's rays.,,,34.0
9180002,24818,[CAR],the shiny rays.,,,34.0
9180017,24818,[CAR],they look a little bit like a star.,,,34.0
9180039,24818,[CHI],um.,,,34.0
9180062,24818,[CAR],oh and you know what that is straight away don't you?,,,34.0
9180077,24818,[CAR],what's that shape?,,,34.0
9180092,24818,[CHI],triangle.,,,34.0
9180105,24818,[CAR],a triangle.,,,34.0
9180121,24818,[CAR],and what color is the triangle in this picture?,,,34.0
9180135,24818,[CHI],green triangle.,-1.0,determiner,34.0
9180151,24818,[CAR],it's green.,,,34.0
9180166,24818,[CAR],there's the green triangle.,,,34.0
9180178,24818,[CHI],green triangle.,-1.0,determiner,34.0
9180192,24818,[CAR],a green triangle.,,,34.0
9180208,24818,[CAR],yes.,,,34.0
9180222,24818,[CAR],shall we put the green triangle from the baby walker on top of the green triangle in the book?,,,34.0
9180264,24818,[CAR],look.,,,34.0
9180279,24818,[CHI],try and close it.,0.0,,34.0
9180292,24818,[CAR],now what have we got in the house that's made that looks like a triangle a triangle Thomas?,,,34.0
9180311,24818,[CAR],can you see anything?,,,34.0
9180330,24818,[CHI],I can see a blue something.,1.0,,34.0
9180341,24818,[CAR],you can see a blue something.,,,34.0
9180355,24818,[CAR],oh that's from Noahs_Ark isn't it?,,,34.0
9180372,24818,[CAR],that's a shape.,,,34.0
9180390,24818,[CAR],that's an elephant from Noahs_Ark.,,,34.0
9180407,24818,[CAR],look.,,,34.0
9180426,24818,[CHI],hm.,,,34.0
9180447,24818,[CAR],I can't see anything with a triangle.,,,34.0
9180462,24818,[CAR],I'm sure there must be something.,,,34.0
9180482,24818,[CHI],want a draw round it.,-1.0,"subject, tense_aspect, other",34.0
9180504,24818,[CAR],you wanna draw round it.,,,34.0
9180525,24818,[CHI],yes.,,,34.0
9180542,24818,[CAR],oh this is drawing shapes isn't it?,,,34.0
9180558,24818,[CAR],on a piece of paper.,,,34.0
9180580,24818,[CAR],if we do that we've drawn a triangle.,,,34.0
9180595,24818,[CAR],if we do that we've drawn a square.,,,34.0
9180610,24818,[CHI],a round a square.,-1.0,verb,34.0
9180626,24818,[CAR],and if we put the elephant from the Noahs_Ark on the paper?,,,34.0
9180642,24818,[CAR],let's draw round him.,,,34.0
9180652,24818,[CAR],let's turn the paper over so we've got a nice clean piece of paper.,,,34.0
9180667,24818,[CAR],that's right.,,,34.0
9180679,24818,[CAR],let's go with the pen.,,,34.0
9180694,24818,[CAR],I'll help you.,,,34.0
9180730,24818,[CAR],and draw round the outside of the elephant like this.,,,34.0
9180749,24818,[CAR],that's it.,,,34.0
9180762,24818,[CAR],I'll guide you.,,,34.0
9180778,24818,[CAR],that's it.,,,34.0
9180788,24818,[CAR],round and round and round.,,,34.0
9180806,24818,[CAR],then we take the shape off it and we've drawn.,,,34.0
9180822,24818,[CHI],a elephant.,-1.0,determiner,34.0
9180838,24818,[CAR],an elephant.,,,34.0
9180854,24818,[CAR],we've drawn round a shape haven't we?,,,34.0
9180869,24818,[CHI],yes.,,,34.0
9180884,24818,[CAR],drawn round a shape.,,,34.0
9180901,24818,[CAR],ah now we've got something else on the next page.,,,34.0
9180919,24818,[CAR],it's an oval.,,,34.0
9180934,24818,[CAR],what color is the oval in the book?,,,34.0
9180952,24818,[CHI],elephant.,,,34.0
9180971,24818,[CAR],an elephant.,,,34.0
9180985,24818,[CAR],it's an oval.,,,34.0
9181003,24818,[CAR],it's purple.,,,34.0
9181015,24818,[CAR],a purple oval.,,,34.0
9181031,24818,[CAR],what can we see that's oval shaped.,,,34.0
9181043,24818,[CAR],the mirror.,,,34.0
9181058,24818,[CAR],the mirror behind you.,,,34.0
9181075,24818,[CAR],oh that's a point.,,,34.0
9181091,24818,[CAR],the mirror above the fireplace is an oblong.,,,34.0
9181107,24818,[CAR],it's not a square because it has got two long sides and two short sides.,,,34.0
9181126,24818,[CHI],oh yes.,1.0,,34.0
9181142,24818,[CAR],and the mirror behind you is an oval.,,,34.0
9181161,24818,[CAR],it's not a circle is it?,,,34.0
9181177,24818,[CAR],it's oval.,,,34.0
9181191,24818,[CHI],it's more like a circle.,1.0,,34.0
9181208,24818,[CAR],it is more like a circle than that one.,,,34.0
9181225,24818,[CAR],yes.,,,34.0
9181232,24818,[CAR],but it's not a circle.,,,34.0
9181257,24818,[CAR],it's an oval.,,,34.0
9181272,24818,[CHI],not a triangle.,1.0,,34.0
9181286,24818,[CAR],and the is a black diamond.,,,34.0
9181301,24818,[CAR],that looks a bit like a star.,,,34.0
9181318,24818,[CAR],Mummy has got a diamond on her ring but it doesn't look like that.,,,34.0
9181336,24818,[CAR],can we see anything diamond shaped?,,,34.0
9181349,24818,[CHI],no.,,,34.0
9181361,24818,[CHI],not under the table.,1.0,,34.0
9181381,24818,[CAR],not under the table.,,,34.0
9181400,24818,[CAR],no.,,,34.0
9181414,24818,[CAR],I can't see anything diamond shaped.,,,34.0
9181430,24818,[CHI],no.,,,34.0
9181450,24818,[CHI],not under the chair.,1.0,,34.0
9181473,24818,[CAR],not under the chair.,,,34.0
9181485,24818,[CHI],no.,,,34.0
9181495,24818,[CAR],there's a book here.,,,34.0
9181511,24818,[CAR],the picture on this book has lots_of shapes.,,,34.0
9181536,24818,[CHI],um.,,,34.0
9181547,24818,[CAR],the tower blocks are made of.,,,34.0
9181562,24818,[CHI],I getting see something.,-1.0,"tense_aspect, present_progressive",34.0
9181578,24818,[CAR],are you getting something?,,,34.0
9181591,24818,[CHI],yes.,,,34.0
9181606,24818,[CAR],what are you getting?,,,34.0
9181631,24818,[CHI],get trains in a box.,-1.0,"subject, present_progressive",34.0
9181656,24818,[CAR],you're getting the trains in the box.,,,34.0
9181673,24818,[CHI],this box cornflakes in.,-1.0,verb,34.0
9181688,24818,[CAR],that's your Rice_Krispie box isn't it?,,,34.0
9181711,24818,[CHI],putting cornflakes.,-1.0,"subject, present_progressive",34.0
9181721,24818,[CHI],putting cornflakes in.,-1.0,"subject, present_progressive",34.0
9181737,24818,[CAR],are you alright sweetheart?,,,34.0
9181750,24818,[CHI],putting all the trains in the box.,-1.0,"subject, present_progressive",34.0
9181769,24818,[CAR],you're putting all your trains in the box are you?,,,34.0
9181789,24818,[CHI],yes.,,,34.0
9181823,24818,[CAR],when we do a jigsaw Thomas.,,,34.0
9181846,24818,[CAR],that's lots_of funny shapes isn't it?,,,34.0
9181867,24818,[CAR],we're putting them all together.,,,34.0
9181887,24818,[CHI],going on the floor.,-1.0,"subject, present_progressive",34.0
9181902,24818,[CAR],all going on the floor.,,,34.0
9181926,24818,[CAR],you wanna play with your trains now.,,,34.0
9181941,24818,[CHI],yes.,,,34.0
9181959,24818,[CAR],yes.,,,34.0
9181974,24818,[CAR],that's fine.,,,34.0
9182000,24818,[CHI],on the table.,0.0,,34.0
9182015,24818,[CAR],yes.,,,34.0
9182028,24818,[CAR],you can play with them on the table.,,,34.0
9182057,24818,[CHI],lots lots in here.,-1.0,"subject, verb",34.0
9182067,24818,[CAR],there are lots in there.,,,34.0
9182091,24818,[CHI],yes.,,,34.0
9182104,24818,[CHI],there.,,,34.0
9182119,24818,[CAR],that's lovely.,,,34.0
9182133,24818,[CHI],not playing this now.,-1.0,"subject, present_progressive",34.0
9182148,24818,[CAR],no.,,,34.0
9182163,24818,[CAR],we're not playing with the book now are we?,,,34.0
9182179,24818,[CAR],no.,,,34.0
9182192,24818,[CAR],had a look had enough looking at that.,,,34.0
9182207,24818,[CAR],we'll look at shapes another time shall we?,,,34.0
9182237,24818,[CHI],yes.,,,34.0
9182243,24818,[CHI],bye bye.,1.0,,34.0
9182255,24818,[CAR],bye bye shape book.,,,34.0
9182266,24818,[CAR],it's a lovely book though.,,,34.0
9182282,24818,[CAR],the learn with Thomas book isn't it?,,,34.0
9182300,24818,[CHI],yes.,,,34.0
9182321,24818,[CAR],we'll hafta look at that again.,,,34.0
9182337,24818,[CAR],what are you going to do with the trains now?,,,34.0
9182365,24818,[CAR],I'm going to start picking some of these things up.,,,34.0
9182383,24818,[CHI],yes.,,,34.0
9182397,24818,[CAR],while you're playing with your trains.,,,34.0
9182426,24818,[CAR],I didn't realize that Daddy had broken one of the trains.,,,34.0
9182441,24818,[CHI],no.,,,34.0
9182451,24818,[CAR],when I was doing some dusting the other day I came across a yellow train like this green one.,,,34.0
9182472,24818,[CHI],yes.,,,34.0
9182485,24818,[CAR],it was a yellow one and a piece was missing.,,,34.0
9182500,24818,[CAR],I said to Daddy what has happened here.,,,34.0
9182520,24818,[CAR],and he said.,,,34.0
9182538,24818,[CAR],ah I trod on that on Christmas_Day.,,,34.0
9182556,24818,[CHI],Christmas_Day.,1.0,,34.0
9182572,24818,[CAR],I didn't know he had trodden on a train and broken it did you?,,,34.0
9182592,24818,[CHI],no.,,,34.0
9182605,24818,[CAR],well he has.,,,34.0
9182621,24818,[CAR],he says he's going to mend it.,,,34.0
9182636,24818,[CHI],yes.,,,34.0
9182652,24818,[CAR],I think we'll hafta.,,,34.0
9182670,24818,[CHI],yes.,,,34.0
9182683,24818,[CHI],hafta.,-1.0,subject,34.0
9182703,24818,[CAR],keep pestering him won't we?,,,34.0
9182724,24818,[CHI],um.,,,34.0
9182735,24818,[CAR],are you alright darling?,,,34.0
9182748,24818,[CHI],uh.,,,34.0
9182759,24818,[CHI],I builded it.,-1.0,tense_aspect,34.0
9182774,24818,[CAR],you've builded it.,,,34.0
9182787,24818,[CAR],you've built it I think is the?,,,34.0
9182802,24818,[CAR],you've built it.,,,34.0
9182818,24818,[CHI],and I not need the track on it.,-1.0,auxiliary,34.0
9182833,24818,[CAR],you don't need the track.,,,34.0
9182848,24818,[CAR],no.,,,34.0
9182858,24818,[CAR],you're just happy playing with it on the table aren't you?,,,34.0
9182871,24818,[CHI],Thomas not dropping off two passengers on.,-1.0,"present_progressive, preposition",34.0
9182885,24818,[CHI],it's it's not lots_of passengers.,0.0,,34.0
9182897,24818,[CHI],not.,,,34.0
9182909,24818,[CHI],what's this?,1.0,,34.0
9182940,24818,[CHI],oh it's not work.,-1.0,present_progressive,34.0
9182955,24818,[CHI],driving other ways.,-1.0,"subject, present_progressive, preposition",34.0
9182968,24818,[CHI],yes.,,,34.0
9182990,24818,[CHI],it is working.,1.0,,34.0
9183005,24818,[CAR],is it working?,,,34.0
9183021,24818,[CHI],yes.,,,34.0
9183032,24818,[CHI],it's the station.,1.0,,34.0
9183050,24818,[CHI],shut a doors.,-1.0,determiner,34.0
9183063,24818,[CHI],shut his door.,0.0,,34.0
9183075,24818,[CAR],he has shut the door and he's driving off now is he?,,,34.0
9183093,24818,[CHI],it's stopping Mummy's side.,-1.0,preposition,34.0
9183111,24818,[CHI],engine.,,,34.0
9183128,24818,[CHI],good engine.,0.0,,34.0
9183143,24818,[CHI],shut a doors.,-1.0,determiner,34.0
9183155,24818,[CHI],driving off.,-1.0,"subject, present_progressive",34.0
9183174,24818,[CHI],it's driving off.,1.0,,34.0
9183198,24818,[CAR],where's he driving to Thomas?,,,34.0
9183224,24818,[CHI],the airport.,1.0,,34.0
9183238,24818,[CAR],the airport.,,,34.0
9183257,24818,[CHI],in the track.,0.0,,34.0
9183273,24818,[CAR],we went to the airport with Lynne Ben and Charlotte didn't we?,,,34.0
9183294,24818,[CAR],a while a go.,,,34.0
9183315,24818,[CHI],yes.,,,34.0
9183328,24818,[CAR],we said we're going to do that again but we haven't done have we?,,,34.0
9183343,24818,[CHI],no.,,,34.0
9183358,24818,[CAR],well Lynne Ben and Charlotte are probably at the airport today.,,,34.0
9183380,24818,[CAR],I'm not sure whether it's today or tomorrow.,,,34.0
9183398,24818,[CAR],but they won't be going to Isabel's party on Saturday because they're going to Spain.,,,34.0
9183413,24818,[CAR],we're going to Spain again aren't we?,,,34.0
9183424,24818,[CHI],yes.,,,34.0
9183436,24818,[CAR],in June.,,,34.0
9183451,24818,[CHI],in June.,1.0,,34.0
9183469,24818,[CHI],and Grandad.,-1.0,other,34.0
9183488,24818,[CAR],with Grandad and Nana.,,,34.0
9183502,24818,[CAR],yes.,,,34.0
9183515,24818,[CHI],and Mum and Nana.,1.0,,34.0
9183542,24818,[CAR],yes.,,,34.0
9183559,24818,[CAR],with Nana.,,,34.0
9183586,24818,[CAR],and who else is going?,,,34.0
9183607,24818,[CHI],Purdie.,,,34.0
9183617,24818,[CAR],oh no.,,,34.0
9183633,24818,[CAR],Purdie isn't.,,,34.0
9183656,24818,[CAR],now Purdie might be going to stay with Grandma and Grandad in York while we're in Spain.,,,34.0
9183674,24818,[CHI],no.,,,34.0
9183687,24818,[CAR],Purdie goes on her holidays when we go on our holidays doesn't she?,,,34.0
9183709,24818,[CHI],um.,,,34.0
9183720,24818,[CHI],I wanna play something.,1.0,,34.0
9183735,24818,[CAR],you wanna play something.,,,34.0
9183748,24818,[CAR],what would you like to play?,,,34.0
9183765,24818,[CHI],play upstairs.,-1.0,"subject, tense_aspect",34.0
9183782,24818,[CAR],oh we can't play upstairs.,,,34.0
9183798,24818,[CHI],yes.,,,34.0
9183808,24818,[CAR],I thought you were happy playing with your trains.,,,34.0
9183828,24818,[CHI],yes.,,,34.0
9183835,24818,[CHI],I happy playing it.,-1.0,verb,34.0
9183849,24818,[CAR],you're very happy are you?,,,34.0
9183871,24818,[CHI],yes.,,,34.0
9183888,24818,[CHI],I'm very happy.,1.0,,34.0
9183905,24818,[CHI],Thomas_The_Tank.,0.0,,34.0
9183920,24818,[CHI],Thomas_The_Tank_Engine really useful engine.,-1.0,"verb, determiner",34.0
9183931,24818,[CAR],oh Thomas_The_Tank_Engine's a really useful engine.,,,34.0
9183944,24818,[CAR],is that what you said?,,,34.0
9183956,24818,[CAR],Thomas_The_Tank is a really useful engine.,,,34.0
9183965,24818,[CAR],what's that?,,,34.0
9183986,24818,[CHI],I don't know.,1.0,,34.0
9184003,24818,[CAR],we're spinning this round on the table aren't we?,,,34.0
9184025,24818,[CHI],it's noisy Thomas_The_Tank.,-1.0,determiner,34.0
9184042,24818,[CAR],it's a noisy Thomas_The_Tank.,,,34.0
9184063,24818,[CHI],yes.,,,34.0
9184074,24818,[CHI],lots_of passengers.,0.0,,34.0
9184084,24818,[CAR],lots_of passengers.,,,34.0
9184098,24818,[CAR],I'm just going to go and to find that little yellow coach then I can show you.,,,34.0
9184115,24818,[CHI],my Fireman_Sam.,0.0,,34.0
9184134,24818,[CHI],a lot of fire on the.,-1.0,"verb, object",34.0
9184152,24818,[CAR],I don't know where it is now Thomas.,,,34.0
9184165,24818,[CHI],I not know.,-1.0,auxiliary,34.0
9184181,24818,[CHI],climb up my ladders.,0.0,,34.0
9184200,24818,[CAR],you're climbing up your ladders.,,,34.0
9184213,24818,[CHI],yes.,,,34.0
9184230,24818,[CAR],perhaps it's in one of these.,,,34.0
9184247,24818,[CHI],I want a balloon.,1.0,,34.0
9184263,24818,[CAR],you want a balloon.,,,34.0
9184280,24818,[CHI],yes.,,,34.0
9184306,24818,[CAR],okay.,,,34.0
9184323,24818,[CAR],look.,,,34.0
9184345,24818,[CAR],it's this one.,,,34.0
9184361,24818,[CHI],yellow one.,-1.0,determiner,34.0
9184377,24818,[CAR],yes.,,,34.0
9184391,24818,[CAR],Daddy'll hafta mend that won't he?,,,34.0
9184408,24818,[CHI],yes.,,,34.0
9184427,24818,[CAR],did you say you wanted a balloon?,,,34.0
9184445,24818,[CHI],yes.,,,34.0
9184463,24818,[CAR],there we are.,,,34.0
9184478,24818,[CAR],there's a nice grey one here.,,,34.0
9184492,24818,[CAR],let's see if Mummy has got enough energy to blow it up.,,,34.0
9184511,24818,[CHI],oh yes.,1.0,,34.0
9184521,24818,[CAR],you've got that very very big green balloon that Ben and Charlotte's Mum gave you haven't you?,,,34.0
9184541,24818,[CAR],this looks like one left from your birthday party.,,,34.0
9184560,24818,[CHI],wanna wanna blow it.,-1.0,subject,34.0
9184574,24818,[CAR],you wanna blow it.,,,34.0
9184584,24818,[CAR],well you blow it then.,,,34.0
9184596,24818,[CAR],you can't.,,,34.0
9184604,24818,[CAR],don't hurt your ears.,,,34.0
9184621,24818,[CAR],no.,,,34.0
9184634,24818,[CAR],it's very very hard to do.,,,34.0
9184649,24818,[CAR],what's happening as I'm blowing?,,,34.0
9184666,24818,[CAR],is it getting bigger?,,,34.0
9184677,24818,[CHI],yes.,,,34.0
9184700,24818,[CHI],bigger.,,,34.0
9184715,24818,[CAR],I won't blow it too hard in case it goes pop.,,,34.0
9184733,24818,[CAR],I'm not blowing it anymore Thomas because I don't want it to go pop.,,,34.0
9184751,24818,[CAR],you were playing with some balloons at Bethany's house weren't you?,,,34.0
9184768,24818,[CHI],um.,,,34.0
9184782,24818,[CAR],what color were they?,,,34.0
9184798,24818,[CAR],white and red.,,,34.0
9184814,24818,[CHI],yes.,,,34.0
9184824,24818,[CAR],did you have a good time?,,,34.0
9184843,24818,[CHI],no.,,,34.0
9184853,24818,[CAR],no.,,,34.0
9184874,24818,[CAR],you did with all the girls.,,,34.0
9184888,24818,[CHI],no.,,,34.0
9184902,24818,[CAR],that's lovely.,,,34.0
9184925,24818,[CAR],it's sort of silvery grey color that isn't it?,,,34.0
9184945,24818,[CAR],it'll soon be your birthday again and we'll hafta buy some balloons.,,,34.0
9184967,24818,[CHI],a blow up and down.,0.0,,34.0
9184985,24818,[CAR],you can't blow it up now.,,,34.0
9185002,24818,[CAR],it's blown up.,,,34.0
9185018,24818,[CAR],we've tied a know in it.,,,34.0
9185035,24818,[CAR],that's it.,,,34.0
9185054,24818,[CHI],pop.,,,34.0
9185068,24818,[CAR],well yes.,,,34.0
9185083,24818,[CAR],it'll b pop if you keep blowing it.,,,34.0
9185103,24818,[CAR],but it doesn't matter if we blow it now because it's sealed up.,,,34.0
9185118,24818,[CAR],you like balloons don't you?,,,34.0
9185134,24818,[CHI],ye no.,,,34.0
9185147,24818,[CAR],do you think there'll be balloons at Isabel's party on Saturday?,,,34.0
9185166,24818,[CHI],um.,,,34.0
9185187,24818,[CHI],no Isabel's.,-1.0,"preposition, other",34.0
9185202,24818,[CHI],the balloons here p?,-1.0,verb,34.0
9185224,24818,[CAR],do you think there will be balloons?,,,34.0
9185241,24818,[CHI],no.,,,34.0
9185255,24818,[CHI],one two three four five.,0.0,,34.0
9185271,24818,[CAR],one two three four five.,,,34.0
9185290,24818,[CHI],I'm Milly.,1.0,,34.0
9185320,24818,[CHI],I'm m I'm Milly.,1.0,,34.0
9185343,24818,[CAR],you're Milly.,,,34.0
9185355,24818,[CHI],Milly.,,,34.0
9185371,24818,[CAR],who's Milly?,,,34.0
9185384,24818,[CHI],my tiny bear.,1.0,,34.0
9185398,24818,[CAR],you're.,,,34.0
9185412,24818,[CHI],tiny bear.,-1.0,determiner,34.0
9185423,24818,[CAR],tiny bear.,,,34.0
9185436,24818,[CHI],yes.,,,34.0
9185453,24818,[CAR],Milly the tiny bear.,,,34.0
9185467,24818,[CAR],who is Milly the tiny bear?,,,34.0
9185482,24818,[CHI],uh snow snowball.,-1.0,determiner,34.0
9185499,24818,[CHI],uh snow little teddy bear.,-1.0,determiner,34.0
9185509,24818,[CHI],Milly.,,,34.0
9185523,24818,[CAR],I don't know who Milly is Thomas.,,,34.0
9185540,24818,[CHI],it on the telly a big bear.,-1.0,"verb, other",34.0
9185556,24818,[CAR],yes.,,,34.0
9185570,24818,[CHI],is a big snowball big snowball and Milly.,-1.0,subject,34.0
9185583,24818,[CAR],on the telly there's a big snowball and Milly.,,,34.0
9185596,24818,[CHI],yes.,,,34.0
9185605,24818,[CAR],oh this must be something you watch with somebody else Thomas.,,,34.0
9185629,24818,[CAR],because I don't really recognize that.,,,34.0
9185644,24818,[CHI],one two three four.,0.0,,34.0
9185660,24818,[CAR],I know the other day?,,,34.0
9185688,24818,[CAR],oops steady darling.,,,34.0
9185703,24818,[CHI],yes.,,,34.0
9185714,24818,[CAR],you're falling over.,,,34.0
9185735,24818,[CAR],but the other day there was a story on television about Peace at last and that was a book that Mummy useta have a long time ago.,,,34.0
9185753,24818,[CHI],um.,,,34.0
9185770,24818,[CAR],written by Jill_Murphy and it's about some teddy bears.,,,34.0
9185790,24818,[CAR],a family of teddy bears.,,,34.0
9185806,24818,[CAR],and the Father bear he can't get to sleep can he?,,,34.0
9185819,24818,[CAR],I've forgotten why that he can't sleep.,,,34.0
9185836,24818,[CAR],and he ends up going downstairs and trying to sleep downstairs in the kitchen.,,,34.0
9185852,24818,[CHI],um.,,,34.0
9185869,24818,[CAR],but the kitchen tap tap goes drip drip drip and he can't sleep there.,,,34.0
9185894,24818,[CAR],so he gets up and he goes outside and he gets into his car.,,,34.0
9185911,24818,[CAR],but he has slept in so many different places through the night that by the time he gets into the car.,,,34.0
9185936,24818,[CHI],yes.,,,34.0
9185952,24818,[CAR],dawn is breaking.,,,34.0
9185971,24818,[CAR],and the sun's just starting to come up and all the birds are tweeting so that wakes up.,,,34.0
9185994,24818,[CAR],so he thinks I'll go back inside and go up to bed.,,,34.0
9186011,24818,[CAR],just as he gets into bed the alarm clock goes off.,,,34.0
9186033,24818,[CAR],and his wife says.,,,34.0
9186045,24818,[CAR],good morning dear.,,,34.0
9186060,24818,[CAR],had a nice sleep.,,,34.0
9186076,24818,[CAR],and he said.,,,34.0
9186101,24818,[CAR],no.,,,34.0
9186112,24818,[CAR],not really.,,,34.0
9186129,24818,[CAR],and she said.,,,34.0
9186141,24818,[CAR],never mind.,,,34.0
9186162,24818,[CAR],I'll make a nice cup of tea.,,,34.0
9186192,24818,[CAR],everytime he thinks he has got peace at last something else happens.,,,34.0
9186214,24818,[CAR],I'll hafta find the book.,,,34.0
9186223,24818,[CHI],uh uh Thomas going up my ladders again.,-1.0,auxiliary,34.0
9186235,24818,[CAR],you're going up your ladders again.,,,34.0
9186245,24818,[CHI],my Fireman_Sam.,0.0,,34.0
9186256,24818,[CAR],you're Fireman_Sam.,,,34.0
9186271,24818,[CHI],I'm not getting anything.,1.0,,34.0
9186285,24818,[CAR],no.,,,34.0
9186296,24818,[CAR],you're not getting anything.,,,34.0
9186310,24818,[CAR],no.,,,34.0
9186321,24818,[CAR],get down Thomas.,,,34.0
9186342,24818,[CAR],you'll fall please.,,,34.0
9186362,24818,[CHI],I'm Fireman_Sam.,1.0,,34.0
9186378,24818,[CAR],well Fireman_Sam please get down off the table.,,,34.0
9186396,24818,[CAR],you'll fall.,,,34.0
9186411,24818,[CHI],it's it's my it's my ladder.,1.0,,34.0
9186426,24818,[CAR],well it looks like a coffee table to me Thomas.,,,34.0
9186440,24818,[CHI],it's not.,1.0,,34.0
9186457,24818,[CAR],is it not?,,,34.0
9186465,24818,[CHI],it's a ladder.,1.0,,34.0
9186476,24818,[CAR],right.,,,34.0
9186494,24818,[CHI],not touching anything.,-1.0,"subject, present_progressive",34.0
9186515,24818,[CAR],good.,,,34.0
9186531,24818,[CAR],I'm glad you're not touching anything because if you are you'll be in big?,,,34.0
9186546,24818,[CAR],big what?,,,34.0
9186560,24818,[CAR],trouble.,,,34.0
9186575,24818,[CAR],won't you?,,,34.0
9186590,24818,[CHI],no.,,,34.0
9186618,24818,[CAR],I think you will.,,,34.0
9186647,24818,[CAR],I don't like it when you go quiet Thomas.,,,34.0
9186676,24818,[CAR],oh somebody's coming down the stairs now.,,,34.0
9186731,24818,[CAR],just sitting on the stairs looking down.,,,34.0
9186760,24818,[CHI],I can't see anybody.,1.0,,34.0
9186782,24818,[CAR],you can't see anybody.,,,34.0
9186806,24818,[CAR],well you won't standing there.,,,34.0
9186821,24818,[CAR],come in here.,,,34.0
9186840,24818,[CHI],oh okay okay.,1.0,,34.0
9186855,24818,[CAR],now look on the stairs but don't say anything to upset her.,,,34.0
9186878,24818,[CAR],just say hello nicely.,,,34.0
9186901,24818,[CHI],I can't see anybody.,1.0,,34.0
9186920,24818,[CAR],no.,,,34.0
9186937,24818,[CAR],stand here.,,,34.0
9186952,24818,[CAR],look.,,,34.0
9186969,24818,[CAR],there.,,,34.0
9186983,24818,[CHI],Purdie.,,,34.0
9187017,24818,[CHI],hello Puss.,1.0,,34.0
9187030,24818,[CHI],where you been?,-1.0,auxiliary,34.0
9187059,24818,[CAR],where has she been?,,,34.0
9187075,24818,[CAR],I think she has probably been in bed hasn't she?,,,34.0
9187091,24818,[CHI],it's not.,-1.0,object,34.0
9187107,24818,[CHI],it's not well.,-1.0,verb,34.0
9187120,24818,[CHI],not going where.,-1.0,"subject, auxiliary, other",34.0
9187135,24818,[CHI],it's not going?,0.0,,34.0
9187151,24818,[CHI],it's not?,-1.0,object,34.0
9187167,24818,[CAR],what are you saying to her.,,,34.0
9187193,24818,[CHI],hello Purdie.,1.0,,34.0
9187212,24818,[CAR],hello Thomas.,,,34.0
9187229,24818,[CHI],nice to see you Purdie.,1.0,,34.0
9187242,24818,[CAR],nice to see you Thomas.,,,34.0
9187255,24818,[CAR],oh are you blowing kiss at Purdie?,,,34.0
9187271,24818,[CHI],yes.,,,34.0
9187285,24818,[CAR],that's very nice.,,,34.0
9187296,24818,[CAR],very nice of you isn't it?,,,34.0
9187312,24818,[CHI],Purdie Purdie like balloons.,-1.0,sv_agreement,34.0
9187327,24818,[CAR],oh well I'm not sure she does like balloons really Thomas.,,,34.0
9187347,24818,[CAR],I think she might be a little bit frightened of them.,,,34.0
9187364,24818,[CHI],um.,,,34.0
9187379,24818,[CAR],Purdie useta like when she was a kitten?,,,34.0
9187393,24818,[CAR],well not a kitten but a young cat.,,,34.0
9187414,24818,[CAR],running around after little ping pong balls.,,,34.0
9187432,24818,[CAR],little tennis table tennis balls.,,,34.0
9187453,24818,[CHI],um.,,,34.0
9187465,24818,[CAR],she still does sometimes doesn't she?,,,34.0
9187482,24818,[CAR],we see her chasing leaves and butterflys in the garden and running round.,,,34.0
9187514,24818,[CAR],and at Christmas?,,,34.0
9187530,24818,[CAR],do you remember when we had the Christmas tree in the window.,,,34.0
9187550,24818,[CAR],all the baubles decorating the tree.,,,34.0
9187565,24818,[CAR],Purdie walked past one day and there was an ornament in the shape of a red.,,,34.0
9187587,24818,[CHI],Purdie's coming down.,1.0,,34.0
9187604,24818,[CAR],is she?,,,34.0
9187618,24818,[CAR],oh yes.,,,34.0
9187635,24818,[CAR],she's coming a bit nearer isn't she?,,,34.0
9187649,24818,[CHI],it's going meow.,1.0,,34.0
9187671,24818,[CAR],yes.,,,34.0
9187683,24818,[CAR],she went meow.,,,34.0
9187694,24818,[CAR],she perhaps wants to go outside but she's maybe a little bit nervous because we're sitting here.,,,34.0
9187719,24818,[CAR],and one of the baubles at the bottom of the tree was in the shape of an a a red apple.,,,34.0
9187732,24818,[CAR],and Purdie walked past.,,,34.0
9187759,24818,[CAR],don't shout at her.,,,34.0
9187775,24818,[CAR],and she knocked the apple didn't she?,,,34.0
9187792,24818,[CAR],she started playing with it.,,,34.0
9187812,24818,[CHI],ah my crocodile.,0.0,,34.0
9187825,24818,[CAR],you're a crocodile.,,,34.0
9187839,24818,[CAR],well that will frighten Purdie if she thinks there's a crocodile at the bottom of the stairs.,,,34.0
9187862,24818,[CAR],she's not going to come down if she thinks she's going to be eaten by a crocodile is she?,,,34.0
9187898,24818,[CHI],my um downstairs.,-1.0,"subject, verb",34.0
9187912,24818,[CAR],I think you better come downstairs and I'll try and get Purdie down.,,,34.0
9187926,24818,[CAR],I think she'll hafta go out.,,,34.0
9187940,24818,[CHI],the crocodile staying in bed.,-1.0,present_progressive,34.0
9187953,24818,[CAR],oh the crocodile's staying in bed.,,,34.0
9187979,24818,[CAR],are you having a little sleep on your bean bag?,,,34.0
9187996,24818,[CAR],night night Thomas.,,,34.0
9188014,24818,[CHI],night night crocodile.,1.0,,34.0
9188025,24818,[CAR],night night crocodile.,,,34.0
9188041,24818,[CHI],Teletubbies.,,,34.0
9188058,24818,[CHI],going a see television Teletubbies on.,-1.0,"subject, auxiliary, tense_aspect, other",34.0
9188073,24818,[CHI],and Purdie's here.,1.0,,34.0
9188087,24818,[CAR],yes.,,,34.0
9188099,24818,[CAR],Purdie's here.,,,34.0
9188114,24818,[CHI],stroke her.,0.0,,34.0
9188127,24818,[CAR],stroke her.,,,34.0
9188142,24818,[CHI],I kiss Purdie's fur.,-1.0,tense_aspect,34.0
9188158,24818,[CAR],you kissed Purdie's fur.,,,34.0
9188172,24818,[CAR],right.,,,34.0
9188183,24818,[CAR],you sit up there sweetheart.,,,34.0
9188198,24818,[CHI],um.,,,34.0
9188208,24818,[CAR],and just watch what I'm doing while I feed Purdie.,,,34.0
9188230,24818,[CHI],yes.,,,34.0
9188243,24818,[CHI],look Purdie.,1.0,,34.0
9188254,24818,[CHI],Purdie where are you?,1.0,,34.0
9188273,24818,[CAR],right.,,,34.0
9188293,24818,[CAR],sit still Thomas.,,,34.0
9188308,24818,[CAR],you'll fall.,,,34.0
9188322,24818,[CAR],sit still.,,,34.0
9188336,24818,[CHI],hello cat food.,0.0,,34.0
9188350,24818,[CHI],not like cat food.,-1.0,"subject, auxiliary",34.0
9188362,24818,[CAR],no.,,,34.0
9188371,24818,[CAR],well you're not sposta eat cat food are you?,,,34.0
9188386,24818,[CHI],no.,,,34.0
9188396,24818,[CAR],it doesn't matter that you don't like it as long as Purdie likes it.,,,34.0
9188409,24818,[CHI],pat pat pat patter cake.,-1.0,determiner,34.0
9188422,24818,[CAR],patter cake.,,,34.0
9188438,24818,[CHI],yes.,,,34.0
9188454,24818,[CAR],why are you saying patter cake?,,,34.0
9188472,24818,[CHI],silly Thomas.,1.0,,34.0
9188487,24818,[CHI],patter cake patter cake.,-1.0,determiner,34.0
9188505,24818,[CAR],oh are they saying patter cake on Teletubbies?,,,34.0
9188520,24818,[CHI],yes.,,,34.0
9188534,24818,[CHI],Tinky_Winky and Dipsy a look.,0.0,,34.0
9188551,24818,[CAR],pardon.,,,34.0
9188563,24818,[CHI],Dips Dipsy come here and and Tinky_Winky.,-1.0,verb,34.0
9188586,24818,[CAR],Dipsy and Tinky_Winky.,,,34.0
9188600,24818,[CHI],look.,,,34.0
9188616,24818,[CHI],Po.,,,34.0
9188630,24818,[CHI],all dancing.,-1.0,verb,34.0
9188644,24818,[CAR],are they dancing?,,,34.0
9188655,24818,[CHI],yes.,,,34.0
9188673,24818,[CAR],we've got Teletubbies on at the next.,,,34.0
9188684,24818,[CHI],okay.,,,34.0
9188697,24818,[CAR],we've got Teletubbies on at the moment haven't we?,,,34.0
9188711,24818,[CHI],yes.,,,34.0
9188722,24818,[CAR],it looks like some children are doing some baking doesn't it?,,,34.0
9188739,24818,[CHI],more like a cake a make.,-1.0,"subject, verb",34.0
9188751,24818,[CAR],they're making a cake.,,,34.0
9188765,24818,[CHI],yes.,,,34.0
9188781,24818,[CAR],they've got wooden spoons in a bowl and they're both mixing aren't they?,,,34.0
9188799,24818,[CHI],um.,,,34.0
9188823,24818,[CAR],what are they mixing?,,,34.0
9188836,24818,[CHI],oh a chocolate cake.,1.0,,34.0
9188860,24818,[CAR],they're making a mix for chocolate cake.,,,34.0
9188873,24818,[CAR],don't touch the light.,,,34.0
9188888,24818,[CAR],oh look.,,,34.0
9188907,24818,[CAR],they've baked the cake.,,,34.0
9188927,24818,[CHI],yes.,,,34.0
9188942,24818,[CAR],cut it in half and now they're spreading it with?,,,34.0
9188956,24818,[CAR],it's probably a butter cream.,,,34.0
9188970,24818,[CAR],butter cream is butter mixed with icing sugar.,,,34.0
9188986,24818,[CHI],ice ice.,0.0,,34.0
9189003,24818,[CAR],icing sugar.,,,34.0
9189013,24818,[CAR],I don't know what else they're putting on top.,,,34.0
9189024,24818,[CAR],oh now look.,,,34.0
9189037,24818,[CAR],on the top they've put some more butter cream.,,,34.0
9189052,24818,[CAR],sprinkled it with?,,,34.0
9189068,24818,[CAR],they're called hundreds and thousands.,,,34.0
9189083,24818,[CAR],they're decorating it with chocolate buttons.,,,34.0
9189094,24818,[CAR],but look.,,,34.0
9189114,24818,[CAR],they're eating some of them aren't they?,,,34.0
9189146,24818,[CAR],right.,,,34.0
9189163,24818,[CAR],let's we're going to change you.,,,34.0
9189183,24818,[CHI],they're eating them.,1.0,,34.0
9189198,24818,[CAR],they're eating them.,,,34.0
9189217,24818,[CHI],yes.,,,34.0
9189226,24818,[CAR],right.,,,34.0
9189242,24818,[CAR],are you going to lie down?,,,34.0
9189261,24818,[CHI],eating them all up.,0.0,,34.0
9189279,24818,[CAR],they're eating them all up.,,,34.0
9189291,24818,[CHI],look.,,,34.0
9189302,24818,[CHI],Smarties.,,,34.0
9189321,24818,[CAR],Smarties.,,,34.0
9189348,24818,[CAR],they're putting Smarties on top now.,,,34.0
9189367,24818,[CHI],yes.,,,34.0
9189376,24818,[CAR],oh isn't it?,,,34.0
9189395,24818,[CAR],butter cream hundreds and thousands Smarties chocolate buttons.,,,34.0
9189411,24818,[CAR],oh he's not going to pipe some cream round the edge is he?,,,34.0
9189425,24818,[CAR],yes.,,,34.0
9189450,24818,[CAR],he's using squirty cream.,,,34.0
9189473,24818,[CHI],dirty cream.,1.0,,34.0
9189491,24818,[CAR],no.,,,34.0
9189505,24818,[CAR],not dirty cream.,,,34.0
9189526,24818,[CAR],squirty cream.,,,34.0
9189541,24818,[CAR],it's in a can.,,,34.0
9189563,24818,[CAR],we've got some of that.,,,34.0
9189579,24818,[CHI],more like dirty cream.,-1.0,"subject, verb, determiner",34.0
9189595,24818,[CAR],is it more like dirty cream?,,,34.0
9189613,24818,[CHI],yes.,,,34.0
9189627,24818,[CAR],ah.,,,34.0
9189640,24818,[CHI],strawberries.,,,34.0
9189657,24818,[CAR],oh lovely.,,,34.0
9189677,24818,[CAR],oh_gosh what are they doing?,,,34.0
9189699,24818,[CAR],they're dipping strawberries in melted chocolate.,,,34.0
9189720,24818,[CHI],putting them on top.,0.0,,34.0
9189740,24818,[CAR],putting them on top of the cake.,,,34.0
9189757,24818,[CAR],oh it's a very busy cake isn't it?,,,34.0
9189781,24818,[CHI],yes.,,,34.0
9189787,24818,[CHI],and more strawberries.,-1.0,"subject, verb",34.0
9189805,24818,[CAR],more strawberries in the chocolate.,,,34.0
9189824,24818,[CAR],give it a twirl and ah.,,,34.0
9189839,24818,[CAR],do know what she done?,,,34.0
9189852,24818,[CAR],the little girl.,,,34.0
9189872,24818,[CHI],eated it.,-1.0,"subject, tense_aspect",34.0
9189886,24818,[CAR],she has eaten eat.,,,34.0
9189905,24818,[CAR],I thought she was going to put it on the cake and then at the last moment she popped it in her mouth.,,,34.0
9189923,24818,[CAR],what's the little boy going to do?,,,34.0
9189938,24818,[CAR],he's eating it as well isn't he?,,,34.0
9189956,24818,[CAR],wow wow wow.,,,34.0
9189972,24818,[CHI],I want one.,1.0,,34.0
9189986,24818,[CAR],I bet you do.,,,34.0
9190008,24818,[CAR],look.,,,34.0
9190027,24818,[CAR],they're cutting the cake.,,,34.0
9190049,24818,[CAR],they're going to have a piece do you think?,,,34.0
9190066,24818,[CHI],yes.,,,34.0
9190078,24818,[CHI],I think so.,1.0,,34.0
9190093,24818,[CAR],I think so.,,,34.0
9190105,24818,[CHI],yes.,,,34.0
9190117,24818,[CAR],wow look at that.,,,34.0
9190130,24818,[CHI],little girl eat one.,-1.0,"determiner, tense_aspect",34.0
9190145,24818,[CAR],little girl eating one.,,,34.0
9190159,24818,[CAR],yes.,,,34.0
9190172,24818,[CAR],I think it must have been the summer because the little girl has got a summer dress on hasn't she?,,,34.0
9190192,24818,[CHI],yes.,,,34.0
9190207,24818,[CAR],oh and of course strawberries?,,,34.0
9190224,24818,[CAR],mind you.,,,34.0
9190238,24818,[CAR],we've got some strawberries in the fridge.,,,34.0
9190249,24818,[CAR],ah do you think the Teletubbies are going to say again again now.,,,34.0
9190267,24818,[CHI],yes.,,,34.0
9190274,24818,[CAR],again again again again.,,,34.0
9190288,24818,[CAR],oh yes.,,,34.0
9190304,24818,[CAR],there we are.,,,34.0
9190318,24818,[CAR],back again.,,,34.0
9190332,24818,[CHI],little boy little girl.,-1.0,"determiner, other",34.0
9190343,24818,[CAR],little boy and a little girl.,,,34.0
9190356,24818,[CAR],we'll watch the beginning because we didn't see the beginning of it.,,,34.0
9190375,24818,[CAR],we only saw them decorating the cake at the end didn't we?,,,34.0
9190392,24818,[CHI],come and see.,0.0,,34.0
9190406,24818,[CAR],is that what they're saying?,,,34.0
9190423,24818,[CAR],come and see.,,,34.0
9190437,24818,[CAR],come and see.,,,34.0
9190453,24818,[CAR],is that what you think they're saying?,,,34.0
9190472,24818,[CAR],they've got live in a nice house don't they Thomas?,,,34.0
9190495,24818,[CHI],yes.,,,34.0
9190513,24818,[CAR],a nice big kitchen.,,,34.0
9190528,24818,[CAR],oh look.,,,34.0
9190543,24818,[CAR],they've got some scales.,,,34.0
9190558,24818,[CAR],measuring scales.,,,34.0
9190575,24818,[CHI],building another cake.,-1.0,"subject, verb",34.0
9190594,24818,[CAR],they're building another cake.,,,34.0
9190609,24818,[CAR],oh it's just a repeat of what we've just seen.,,,34.0
9190634,24818,[CAR],but they're building another cake.,,,34.0
9190651,24818,[CAR],yes.,,,34.0
9190666,24818,[CAR],building another cake.,,,34.0
9190684,24818,[CAR],right.,,,34.0
9190697,24818,[CAR],sit down please sweetheart.,,,34.0
9190714,24818,[CAR],sit down.,,,34.0
9190728,24818,[CAR],sit down please.,,,34.0
9190744,24818,[CAR],that was Grandma on the phone wasn't it?,,,34.0
9190764,24818,[CHI],yes.,,,34.0
9190775,24818,[CHI],I can't talk a her a my a little baby.,-1.0,other,34.0
9190793,24818,[CAR],you can't talk to her because you're a little baby.,,,34.0
9190808,24818,[CHI],yes.,,,34.0
9190820,24818,[CAR],oh fair enough.,,,34.0
9190835,24818,[CHI],little baby's over there.,1.0,,34.0
9190854,24818,[CAR],little baby's over there.,,,34.0
9190869,24818,[CAR],well I'd like the little baby over here please because I wanna change your bum.,,,34.0
9190889,24818,[CAR],come on.,,,34.0
9190903,24818,[CAR],quick because we're watching this cake again.,,,34.0
9190921,24818,[CAR],oh I we missed a bit of it.,,,34.0
9190939,24818,[CAR],they've got to the squirty cream stage.,,,34.0
9190970,24818,[CAR],come on.,,,34.0
9190989,24818,[CAR],you come here and I'll get you a strawberry.,,,34.0
9191004,24818,[CAR],you get your nappie changed.,,,34.0
9191020,24818,[CHI],oh uhoh.,1.0,,34.0
9191034,24818,[CAR],uhoh.,,,34.0
9191045,24818,[CHI],oh strawberries.,0.0,,34.0
9191060,24818,[CAR],strawberries.,,,34.0
9191075,24818,[CAR],they're eating strawberries and chocolates.,,,34.0
9191091,24818,[CAR],why have we got strawberries in the fridge today?,,,34.0
9191106,24818,[CHI],I not know.,-1.0,auxiliary,34.0
9191123,24818,[CAR],I do.,,,34.0
9191142,24818,[CHI],bought them in a shop.,-1.0,subject,34.0
9191155,24818,[CAR],we've bought?,,,34.0
9191173,24818,[CAR],oh we've bought them in a shop.,,,34.0
9191191,24818,[CAR],yes.,,,34.0
9191204,24818,[CAR],that's one reason why we've got strawberries in the house.,,,34.0
9191224,24818,[CAR],but the other reason?,,,34.0
9191239,24818,[CAR],would you like a cushion sweetheart?,,,34.0
9191257,24818,[CAR],behind your head.,,,34.0
9191276,24818,[CHI],yes.,,,34.0
9191292,24818,[CAR],the other reason is because.,,,34.0
9191308,24818,[CHI],yes.,,,34.0
9191318,24818,[CAR],Sister_Eileen.,,,34.0
9191337,24818,[CHI],Sister_Eileen.,1.0,,34.0
9191353,24818,[CAR],Sister_Eileen is coming for dinner this evening.,,,34.0
9191365,24818,[CHI],the little boy eating the strawberry.,0.0,,34.0
9191383,24818,[CAR],is the little boy eating the strawberry as well?,,,34.0
9191402,24818,[CHI],one.,,,34.0
9191414,24818,[CAR],let's fix your bottom.,,,34.0
9191431,24818,[CAR],and Sister_Eileen is on a?,,,34.0
9191448,24818,[CAR],well Daddy is on a diet to lose weight and Sister_Eileen's on quite a strict medical diet.,,,34.0
9191466,24818,[CAR],so we've hadta think of all sorts of things that she can eat.,,,34.0
9191482,24818,[CAR],she can't eat bread and she can't have milk.,,,34.0
9191500,24818,[CAR],she can't have cheese or eggs.,,,34.0
9191514,24818,[CAR],or all sorts of things.,,,34.0
9191529,24818,[CAR],she can't have chinesey bits and all the things she likes.,,,34.0
9191542,24818,[CAR],so we're going to have some chicken.,,,34.0
9191556,24818,[CAR],hot chicken.,,,34.0
9191571,24818,[CHI],oh no.,1.0,,34.0
9191584,24818,[CHI],uhoh.,,,34.0
9191599,24818,[CAR],and we've got all sorts of salads.,,,34.0
9191614,24818,[CAR],we've got carrot and orange salad.,,,34.0
9191629,24818,[CHI],um.,,,34.0
9191643,24818,[CAR],in a dressing.,,,34.0
9191656,24818,[CHI],um.,,,34.0
9191671,24818,[CAR],yes.,,,34.0
9191687,24818,[CAR],a fat free dressing.,,,34.0
9191704,24818,[CAR],and we've got pasta.,,,34.0
9191722,24818,[CHI],yes.,,,34.0
9191737,24818,[CAR],salad.,,,34.0
9191751,24818,[CHI],yes.,,,34.0
9191765,24818,[CHI],and chocolate cake.,1.0,,34.0
9191780,24818,[CAR],no.,,,34.0
9191795,24818,[CAR],we haven't had chocolate cake.,,,34.0
9191808,24818,[CAR],she can't have chocolate cake.,,,34.0
9191823,24818,[CHI],yes.,,,34.0
9191833,24818,[CAR],and we've got couscous with roasted vegetables.,,,34.0
9191843,24818,[CHI],sausage rolls.,0.0,,34.0
9191859,24818,[CAR],no.,,,34.0
9191869,24818,[CAR],we've not got sausage rolls.,,,34.0
9191880,24818,[CHI],yes.,,,34.0
9191895,24818,[CAR],and we've also got some mixed leafs.,,,34.0
9191909,24818,[CHI],oh look.,1.0,,34.0
9191927,24818,[CHI],Dipsy's hat on floor.,-1.0,determiner,34.0
9191946,24818,[CAR],Dipsy's hat on the floor.,,,34.0
9191958,24818,[CAR],and we've got mixed leafs.,,,34.0
9191974,24818,[CAR],and what else have we got?,,,34.0
9191988,24818,[CAR],we've got cherry tomatoes.,,,34.0
9192002,24818,[CHI],yes.,,,34.0
9192014,24818,[CAR],and cucumber.,,,34.0
9192027,24818,[CHI],cucumber.,,,34.0
9192040,24818,[CAR],cucumber.,,,34.0
9192053,24818,[CAR],that's what we've got.,,,34.0
9192065,24818,[CHI],potatoes.,,,34.0
9192077,24818,[CAR],potatoes.,,,34.0
9192090,24818,[CAR],yes.,,,34.0
9192104,24818,[CAR],but we're not having potatoes tonight.,,,34.0
9192119,24818,[CHI],no.,,,34.0
9192130,24818,[CAR],and then for dessert we've got strawberries.,,,34.0
9192145,24818,[CHI],having strawberries now.,-1.0,"subject, auxiliary",34.0
9192160,24818,[CAR],having strawberries.,,,34.0
9192175,24818,[CAR],yes.,,,34.0
9192187,24818,[CAR],we're going to have one now.,,,34.0
9192196,24818,[CHI],Daddy's.,,,34.0
9192212,24818,[CHI],Daddy have one too.,0.0,,34.0
9192224,24818,[CAR],well Daddy can't because at the moment because he's at work isn't he?,,,34.0
9192243,24818,[CAR],but I'm sure.,,,34.0
9192261,24818,[CHI],Purdie want one.,-1.0,sv_agreement,34.0
9192290,24818,[CAR],no.,,,34.0
9192306,24818,[CAR],I don't think Purdie eats strawberries.,,,34.0
9192319,24818,[CAR],but Daddy's on a diet.,,,34.0
9192335,24818,[CAR],and yes.,,,34.0
9192349,24818,[CAR],I'm sure Daddy could manage the odd strawberry don't you?,,,34.0
9192359,24818,[CAR],it has been very difficult knowing what to make because she can't have so many things.,,,34.0
9192364,24818,[CAR],and she can drink wine so I think we'll have some wine.,,,34.0
9192378,24818,[CHI],Dips Dipsy likes strawberries.,1.0,,34.0
9192392,24818,[CAR],does Dipsy like strawberries?,,,34.0
9192409,24818,[CHI],yes.,,,34.0
9192422,24818,[CAR],how do you know that?,,,34.0
9192435,24818,[CHI],Dipsy tummy.,-1.0,verb,34.0
9192459,24818,[CAR],have you seen Dipsy eating strawberries before or are you just guessing that Dipsy would like to eat strawberries?,,,34.0
9192480,24818,[CHI],eat?,,,34.0
9192488,24818,[CHI],Purdie like strawberries.,-1.0,sv_agreement,34.0
9192522,24818,[CHI],Purdie likes strawberries.,1.0,,34.0
9192533,24818,[CAR],Purdie likes strawberries.,,,34.0
9192551,24818,[CHI],Purdie.,,,34.0
9192567,24818,[CAR],Purdie likes strawberries.,,,34.0
9192576,24818,[CAR],there we are.,,,34.0
9192589,24818,[CHI],yes.,,,34.0
9192602,24818,[CAR],we'll hafta get some new nappies won't we?,,,34.0
9192618,24818,[CHI],um.,,,34.0
9192719,24818,[CAR],in fact we can write that on the shopping list because we've made a shopping list haven't we?,,,34.0
9192740,24818,[CHI],yes.,,,34.0
9192749,24818,[CAR],we made shopping list and not been shopping yet.,,,34.0
9192759,24818,[CHI],no.,,,34.0
9192777,24818,[CAR],right.,,,34.0
9192787,24818,[CAR],could you put your legs down straight for me please darling?,,,34.0
9192804,24818,[CHI],yes.,,,34.0
9192811,24818,[CAR],that's a good boy.,,,34.0
9192824,24818,[CAR],because these nappies you're wearing are really a little bit too small for you now aren't they?,,,34.0
9192838,24818,[CHI],um.,,,34.0
9192860,24818,[CAR],but we've run out of the big ones.,,,34.0
9192878,24818,[CAR],so these are fine as long as we remember to change you often.,,,34.0
9192891,24818,[CAR],but you've hardly eaten anything really Thomas have you?,,,34.0
9192903,24818,[CHI],no.,,,34.0
9192913,24818,[CAR],and you've not?,,,34.0
9192930,24818,[CAR],well you've had more to drink but you've not had many wet nappies.,,,34.0
9192944,24818,[CAR],there we are.,,,34.0
9192958,24818,[CAR],how does that feel?,,,34.0
9192968,24818,[CAR],nice and snug.,,,34.0
9192987,24818,[CHI],no.,,,34.0
9192997,24818,[CAR],no.,,,34.0
9193008,24818,[CAR],do you not feel nice and snug?,,,34.0
9193027,24818,[CHI],no.,,,34.0
9193035,24818,[CAR],snuggywugwug.,,,34.0
9193048,24818,[CHI],no.,,,34.0
9193062,24818,[CHI],put the cushion down floor.,-1.0,"preposition, determiner",34.0
9193082,24818,[CAR],you've put the cushion on the floor have you?,,,34.0
9193103,24818,[CHI],yes.,,,34.0
9193116,24818,[CAR],oh I wondered why you felt wet then but it's the cream that Mummy has put on you isn't it?,,,34.0
9193134,24818,[CAR],I'm just going to put a dab of cream behind your knees because it the skin is still a little bit dry isn't it?,,,34.0
9193157,24818,[CAR],I don't want you to get sore.,,,34.0
9193174,24818,[CAR],legs up.,,,34.0
9193183,24818,[CAR],legs up like you do in your exercises.,,,34.0
9193200,24818,[CAR],how's that?,,,34.0
9193213,24818,[CAR],and is your poorly toe better?,,,34.0
9193228,24818,[CHI],yes.,,,34.0
9193241,24818,[CAR],we put special cream on that this morning didn't we?,,,34.0
9193254,24818,[CHI],nice and soft.,0.0,,34.0
9193274,24818,[CAR],nice and soft.,,,34.0
9193287,24818,[CAR],let's have a look.,,,34.0
9193308,24818,[CAR],put a dab more cream on there just while we've got it on our hands.,,,34.0
9193325,24818,[CAR],oh I love these little feet.,,,34.0
9193341,24818,[CAR],I love these little feet.,,,34.0
9193351,24818,[CAR],are you trying to say home?,,,34.0
9193361,24818,[CHI],yes.,,,34.0
9193376,24818,[CAR],why couldn't you say home?,,,34.0
9193403,24818,[CHI],big bear.,-1.0,determiner,34.0
9193415,24818,[CAR],what are you trying to say?,,,34.0
9193431,24818,[CHI],uh Teletubbies a look a big bears.,0.0,,34.0
9193445,24818,[CHI],big tree.,-1.0,determiner,34.0
9193455,24818,[CAR],do you think there's a bear coming from the tree?,,,34.0
9193467,24818,[CHI],no.,,,34.0
9193480,24818,[CAR],oh with going out this morning and with Sister_Eileen coming later on we've not gone to the Beehive today have we?,,,34.0
9193510,24818,[CAR],we usually go to the Beehive on a Thursday if we can.,,,34.0
9193523,24818,[CAR],and when we're walking through Didsbury_Park you usually talk about big bears don't you?,,,34.0
9193548,24818,[CHI],have a strawberry now.,-1.0,"subject, auxiliary",34.0
9193565,24818,[CAR],you'd like a strawberry.,,,34.0
9193594,24818,[CAR],oh you've not forgotten about strawberries have you?,,,34.0
9193610,24818,[CHI],yes.,,,34.0
9193626,24818,[CAR],yes.,,,34.0
9193637,24818,[CAR],you mean no.,,,34.0
9193660,24818,[CAR],trousers on.,,,34.0
9193674,24818,[CAR],let's put your slippers back on.,,,34.0
9193688,24818,[CHI],uhoh.,,,34.0
9193701,24818,[CAR],uhoh.,,,34.0
9193711,24818,[CAR],slippers back on.,,,34.0
9193722,24818,[CHI],oh.,,,34.0
9193735,24818,[CAR],what's happening with the tree on Teletubbies?,,,34.0
9193752,24818,[CHI],bump.,,,34.0
9193765,24818,[CHI],Teletubb dicky birds on a Christmas tree.,0.0,,34.0
9193780,24818,[CAR],no.,,,34.0
9193792,24818,[CAR],it's not a Christmas tree.,,,34.0
9193810,24818,[CAR],the dicky birds are on the Christmas tree.,,,34.0
9193824,24818,[CAR],it's just an ordinary tree isn't it?,,,34.0
9193841,24818,[CAR],I think it might be an oak tree because it looks like a very big tree.,,,34.0
9193856,24818,[CHI],like me.,1.0,,34.0
9193874,24818,[CAR],you're a very big tree are you?,,,34.0
9193888,24818,[CHI],yes.,,,34.0
9193905,24818,[CAR],you're a very big boy.,,,34.0
9193919,24818,[CAR],right.,,,34.0
9193928,24818,[CAR],sit down please and we'll get you a strawberry.,,,34.0
9193940,24818,[CAR],sit down quickly.,,,34.0
9193955,24818,[CHI],oh like a kiss.,-1.0,"subject, verb",34.0
9193971,24818,[CAR],you'd like a kiss.,,,34.0
9193986,24818,[CHI],yes.,,,34.0
9194004,24818,[CAR],well just let me wash my hands then I'll come for a kiss.,,,34.0
9194020,24818,[CAR],and then I'll get you a strawberry.,,,34.0
9194048,24818,[CHI],I love your hair.,1.0,,34.0
9194062,24818,[CAR],you like my hair.,,,34.0
9194074,24818,[CAR],you'll say anything to flatter me when you think you're getting something.,,,34.0
9194087,24818,[CHI],I no like doggypoos.,-1.0,auxiliary,34.0
9194101,24818,[CAR],no.,,,34.0
9194116,24818,[CAR],good.,,,34.0
9194128,24818,[CAR],and I don't like you talking about it.,,,34.0
9194144,24818,[CAR],as long as you keep telling me my hair's nice and you stop talking about doggypoos we'll get on fine won't we?,,,34.0
9194166,24818,[CHI],getting on fine.,-1.0,"subject, verb",34.0
9194181,24818,[CAR],we'll get on fine you Thomas.,,,34.0
9194206,24818,[CAR],won't we?,,,34.0
9194223,24818,[CAR],we'll get on fine.,,,34.0
9194238,24818,[CHI],oh my god.,1.0,,34.0
9194251,24818,[CAR],no.,,,34.0
9194273,24818,[CAR],we won't get on fine if you say that.,,,34.0
9194293,24818,[CHI],yes.,,,34.0
9194303,24818,[CAR],no.,,,34.0
9194319,24818,[CAR],I don't like that.,,,34.0
9194332,24818,[CHI],a strawberry gone.,-1.0,determiner,34.0
9194351,24818,[CAR],I don't know darling.,,,34.0
9194368,24818,[CAR],oh there we are.,,,34.0
9194381,24818,[CHI],here you are.,1.0,,34.0
9194394,24818,[CAR],next to the brussel sprouts.,,,34.0
9194410,24818,[CAR],oh_gosh what has happened to the fridge?,,,34.0
9194429,24818,[CAR],oh no.,,,34.0
9194443,24818,[CHI],what has happened the fridge?,-1.0,preposition,34.0
9194455,24818,[CAR],well I think when it's very full sometimes we knock the dial.,,,34.0
9194479,24818,[CHI],yes.,,,34.0
9194491,24818,[CAR],and it has um turned itself off.,,,34.0
9194506,24818,[CAR],I've just opened it now and there seemed to be quite a lot of water.,,,34.0
9194518,24818,[CAR],I better just check the freezer.,,,34.0
9194529,24818,[CHI],what's happening the freezer?,-1.0,preposition,34.0
9194541,24818,[CAR],no.,,,34.0
9194555,24818,[CAR],everything?,,,34.0
9194573,24818,[CHI],holding this.,-1.0,"subject, present_progressive",34.0
9194590,24818,[CAR],no.,,,34.0
9194605,24818,[CAR],everything's fine in the freezer.,,,34.0
9194624,24818,[CAR],it's still solid.,,,34.0
9194640,24818,[CHI],not touch anything.,-1.0,"subject, tense_aspect",34.0
9194659,24818,[CHI],I'm not open anything.,-1.0,present_progressive,34.0
9194676,24818,[CAR],good.,,,34.0
9194686,24818,[CAR],pleased to hear it.,,,34.0
9194702,24818,[CHI],what has happened?,1.0,,34.0
9194708,24818,[CHI],want a smell strawberries.,-1.0,"subject, tense_aspect",34.0
9194721,24818,[CAR],wanna smell the strawberries.,,,34.0
9194733,24818,[CHI],yes.,,,34.0
9194742,24818,[CAR],there you are.,,,34.0
9194755,24818,[CAR],there's a whole punnet of strawberries.,,,34.0
9194774,24818,[CAR],what we don't eat tonight we can eat tomorrow can't we?,,,34.0
9194790,24818,[CHI],want I wanna eat two now.,1.0,,34.0
9194803,24818,[CAR],you wanna eat two now.,,,34.0
9194816,24818,[CAR],I'll wash them and slice them up and you can eat them.,,,34.0
9194848,24818,[CHI],um Teletubbies not say bye bye.,-1.0,auxiliary,34.0
9194862,24818,[CAR],the Teletubbies haven't said bye bye.,,,34.0
9194882,24818,[CHI],no no.,1.0,,34.0
9194896,24818,[CHI],the tape's on board.,1.0,,34.0
9194915,24818,[CHI],the tape's on board.,1.0,,34.0
9194930,24818,[CAR],the tape's on board.,,,34.0
9194938,24818,[CAR],what do you mean the tape's on board?,,,34.0
9194954,24818,[CHI],I not know.,-1.0,auxiliary,34.0
9194964,24818,[CAR],oh if you don't know there's no chance of me knowing what's going on.,,,34.0
9194999,24818,[CAR],that's it.,,,34.0
9195008,24818,[CAR],sit there.,,,34.0
9195021,24818,[CAR],eat them nicely.,,,34.0
9195039,24818,[CHI],um.,,,34.0
9195053,24818,[CAR],oh I see what you're saying saying.,,,34.0
9195064,24818,[CAR],the Teletubbies are going.,,,34.0
9195076,24818,[CAR],they're saying good bye.,,,34.0
9195085,24818,[CAR],mm.,,,34.0
9195093,24818,[CAR],Sainsburys strawberries.,,,34.0
9195101,24818,[CAR],very nice.,,,34.0
9195121,24818,[CHI],um.,,,34.0
9195134,24818,[CAR],thank you Mister_Sainsbury.,,,34.0
9195147,24818,[CAR],they're nice aren't they?,,,34.0
9195159,24818,[CAR],mm mm.,,,34.0
9195179,24818,[CAR],I think Sister_Eileen'll like those don't you?,,,34.0
9195196,24818,[CHI],hm.,,,34.0
9195216,24818,[CAR],well the fridge can't have been defrosting too long because we went in it earlier on didn't we?,,,34.0
9195238,24818,[CAR],when we got your milk ready.,,,34.0
9195256,24818,[CAR],I think I would have noticed then if it was swimming in water like it is now.,,,34.0
9195277,24818,[CAR],so perhaps it has only just happened Thomas.,,,34.0
9195289,24818,[CAR],are those nice?,,,34.0
9195303,24818,[CHI],um.,,,34.0
9195316,24818,[CAR],nice and tasty.,,,34.0
9195329,24818,[CAR],oh Thomas Lastname you said you had not touched anything and you've taken the lid of the Sudacrem stuffed it with cotton wool and put your special cream on it.,,,34.0
9195351,24818,[CAR],you cheeky monkey.,,,34.0
9195363,24818,[CAR],and all that after I've given you strawberries.,,,34.0
9195377,24818,[CAR],if I'd known if I'd know you wouldn't have got them.,,,34.0
9195392,24818,[CAR],because you'd told me you'd been a good boy didn't you?,,,34.0
9195407,24818,[CHI],hm.,,,34.0
9168577,24825,[CHI],oops where my hands gone?,-1.0,"auxiliary, verb",34.0
9168599,24825,[CHI],whee!,,,34.0
9168614,24825,[CAR],where have your hands gone?,,,34.0
9168626,24825,[CHI],yeah.,,,34.0
9168638,24825,[CAR],I think you've put them down my jumper haven't you?,,,34.0
9168656,24825,[CHI],yes.,,,34.0
9168666,24825,[CHI],think so.,0.0,,34.0
9168678,24825,[CAR],you think so?,,,34.0
9168695,24825,[CHI],yeah.,,,34.0
9168707,24825,[CAR],are you warming them?,,,34.0
9168721,24825,[CHI],yeah.,,,34.0
9168737,24825,[CAR],right.,,,34.0
9168750,24825,[CAR],let's change your nappie and then we'll have some lunch.,,,34.0
9168778,24825,[CAR],would you like a pillow?,,,34.0
9168793,24825,[CAR],would you like a pillow?,,,34.0
9168808,24825,[CHI],no.,,,34.0
9168823,24825,[CAR],Thomas.,,,34.0
9168852,24825,[CAR],what happened when we were com?,,,34.0
9168865,24825,[CAR],oh be careful.,,,34.0
9168896,24825,[CAR],what happened when we were coming home today?,,,34.0
9168912,24825,[CAR],no.,,,34.0
9168925,24825,[CAR],don't do that.,,,34.0
9168940,24825,[CAR],because it's going into the glass.,,,34.0
9168982,24825,[CAR],pop your head on the pillow.,,,34.0
9168999,24825,[CAR],that's it.,,,34.0
9169014,24825,[CHI],mhm.,,,34.0
9169031,24825,[CAR],what happened when we were coming home?,,,34.0
9169051,24825,[CHI],uh.,,,34.0
9169065,24825,[CHI],I don't know.,1.0,,34.0
9169081,24825,[CAR],what about the wind and the hail and the rain?,,,34.0
9169099,24825,[CAR],it was lovely and sunny when we left.,,,34.0
9169118,24825,[CHI],juice.,,,34.0
9169136,24825,[CHI],biscuit.,,,34.0
9169153,24825,[CAR],yes.,,,34.0
9169169,24825,[CAR],well what happened.,,,34.0
9169185,24825,[CAR],we left toddler group and the sun was shining.,,,34.0
9169203,24825,[CAR],it was gorgeous.,,,34.0
9169218,24825,[CAR],and we hadn't gone very far and it started raining and hailstoning and it was windy.,,,34.0
9169237,24825,[CAR],and you were walking.,,,34.0
9169257,24825,[CAR],you weren't in your pushchair were you?,,,34.0
9169281,24825,[CHI],no.,,,34.0
9169300,24825,[CAR],and you asked to go back in.,,,34.0
9169324,24825,[CAR],and we popped you in the pushchair and put the rain cover on.,,,34.0
9169339,24825,[CAR],I think the hail was battering your face and it made it sore.,,,34.0
9169360,24825,[CHI],yeah.,,,34.0
9169375,24825,[CAR],and Jo gave you a biscuit to stop you crying.,,,34.0
9169391,24825,[CAR],but you said you didn't want it.,,,34.0
9169407,24825,[CAR],so what happened to the biscuit?,,,34.0
9169423,24825,[CHI],Mummy ate it.,1.0,,34.0
9169449,24825,[CAR],Mummy ate it.,,,34.0
9169475,24825,[CHI],Mummy ate it all u myself.,-1.0,other,34.0
9169491,24825,[CAR],I ate it all up by myself.,,,34.0
9169518,24825,[CAR],it was only a tiny piece of biscuit.,,,34.0
9169536,24825,[CAR],it was about a quarter of a biscuit.,,,34.0
9169554,24825,[CAR],but.,,,34.0
9169572,24825,[CHI],I not want it.,-1.0,auxiliary,34.0
9169593,24825,[CAR],you didn't want it did you?,,,34.0
9169613,24825,[CHI],mhm.,,,34.0
9169646,24825,[CAR],oh look.,,,34.0
9169667,24825,[CAR],Purdie's here.,,,34.0
9169677,24825,[CHI],hello Purdie.,1.0,,34.0
9169685,24825,[CHI],hello.,,,34.0
9169707,24825,[CAR],right.,,,34.0
9169737,24825,[CAR],lie down again now.,,,34.0
9169756,24825,[CHI],hello Pussy.,1.0,,34.0
9169774,24825,[CAR],hello Pussy.,,,34.0
9169791,24825,[CHI],hello.,,,34.0
9169810,24825,[CHI],hello chicken.,1.0,,34.0
9169821,24825,[CAR],you calling Purdie a chicken?,,,34.0
9169835,24825,[CHI],a chicken.,1.0,,34.0
9169852,24825,[CHI],I fall over.,-1.0,tense_aspect,34.0
9169868,24825,[CHI],I not fall over.,-1.0,auxiliary,34.0
9169881,24825,[CHI],not Jo eat my biscuit?,-1.0,"auxiliary, other",34.0
9169897,24825,[CAR],no.,,,34.0
9169912,24825,[CHI],no.,,,34.0
9169927,24825,[CAR],oh you fell over twice at toddler group didn't you?,,,34.0
9169951,24825,[CHI],yes.,,,34.0
9169968,24825,[CAR],what happened?,,,34.0
9169999,24825,[CAR],the first time you fell off the little tractor and ended up sitting in the trailer didn't you?,,,34.0
9170017,24825,[CHI],yeah.,,,34.0
9170037,24825,[CHI],like animal.,-1.0,"subject, verb",34.0
9170053,24825,[CAR],like an animal.,,,34.0
9170082,24825,[CAR],yes.,,,34.0
9170106,24825,[CAR],you were like an animal.,,,34.0
9170133,24825,[CAR],you were sitting in the trailer.,,,34.0
9170156,24825,[CAR],and what happened then?,,,34.0
9170175,24825,[CAR],did you come to Mummy for a cuddle?,,,34.0
9170196,24825,[CHI],yeah.,,,34.0
9170217,24825,[CAR],a bit upset weren't you?,,,34.0
9170236,24825,[CHI],then fall over my scooter.,-1.0,"subject, tense_aspect",34.0
9170255,24825,[CAR],then you fell over on the scooter.,,,34.0
9170274,24825,[CAR],you were riding round on the scooter and you fell off it didn't you?,,,34.0
9170295,24825,[CHI],yeah.,,,34.0
9170322,24825,[CAR],oh.,,,34.0
9170336,24825,[CAR],you came to Mummy for another cuddle.,,,34.0
9170357,24825,[CHI],mhm.,,,34.0
9170379,24825,[CAR],and who else was there?,,,34.0
9170397,24825,[CHI],I don't know.,1.0,,34.0
9170416,24825,[CAR],you don't know?,,,34.0
9170434,24825,[CHI],no.,,,34.0
9170450,24825,[CAR],well who picked you up and took you for a little walk?,,,34.0
9170491,24825,[CAR],you don't know?,,,34.0
9170509,24825,[CHI],no.,,,34.0
9170530,24825,[CAR],stop whispering.,,,34.0
9170572,24825,[CHI],don't know!,0.0,,34.0
9170586,24825,[CAR],you don't know.,,,34.0
9170611,24825,[CAR],well what about Lyn.,,,34.0
9170627,24825,[CHI],yeah.,,,34.0
9170639,24825,[CAR],Lyn.,,,34.0
9170660,24825,[CAR],what did Lyn do with you?,,,34.0
9170676,24825,[CHI],don't know.,0.0,,34.0
9170691,24825,[CAR],Thomas!,,,34.0
9170709,24825,[CAR],stop saying I don't know.,,,34.0
9170729,24825,[CHI],around around my scooter.,-1.0,"subject, verb",34.0
9170745,24825,[CAR],did she let you go round and round on the scooter?,,,34.0
9170766,24825,[CAR],was she helping you?,,,34.0
9170801,24825,[CHI],yeah.,,,34.0
9170823,24825,[CAR],so you didn't fall off?,,,34.0
9170837,24825,[CHI],yeah.,,,34.0
9170857,24825,[CAR],oh that's nice.,,,34.0
9170886,24825,[CHI],I felt so proud.,1.0,,34.0
9170902,24825,[CAR],so proud.,,,34.0
9170916,24825,[CAR],who's so proud?,,,34.0
9170926,24825,[CAR],Mummy?,,,34.0
9170942,24825,[CHI],yeah.,,,34.0
9170958,24825,[CAR],I have been proud of you today.,,,34.0
9170976,24825,[CAR],you've been a good boy.,,,34.0
9170992,24825,[CHI],hiding.,,,34.0
9171012,24825,[CAR],and then after all that had happened?,,,34.0
9171029,24825,[CHI],yeah.,,,34.0
9171044,24825,[CAR],we went to story time didn't we?,,,34.0
9171061,24825,[CAR],what was the story about today?,,,34.0
9171075,24825,[CHI],I don't know.,1.0,,34.0
9171096,24825,[CAR],you don't know that either.,,,34.0
9171120,24825,[CAR],where you not paying attention?,,,34.0
9171137,24825,[CHI],no.,,,34.0
9171149,24825,[CAR],you know.,,,34.0
9171170,24825,[CAR],you monkey.,,,34.0
9171178,24825,[CAR],it was about a giraffe.,,,34.0
9171207,24825,[CHI],that's a silly affe.,0.0,,34.0
9171223,24825,[CAR],a silly affe?,,,34.0
9171242,24825,[CAR],a silly giraffe?,,,34.0
9171259,24825,[CHI],yeah.,,,34.0
9171272,24825,[CHI],a gone.,-1.0,"subject, verb, determiner",34.0
9171292,24825,[CHI],feet.,,,34.0
9171316,24825,[CHI],where has Thomas's chin gone?,1.0,,34.0
9171335,24825,[CAR],where has Thomas's chin gone?,,,34.0
9171352,24825,[CAR],you've put the cushion on top of it.,,,34.0
9171378,24825,[CAR],don't do that because I can't tell what you're saying if you put something over your face.,,,34.0
9171396,24825,[CHI],I know.,1.0,,34.0
9171418,24825,[CAR],eh.,,,34.0
9171441,24825,[CHI],eh.,,,34.0
9171472,24825,[CAR],no.,,,34.0
9171501,24825,[CAR],no that's silly.,,,34.0
9171519,24825,[CAR],no.,,,34.0
9171537,24825,[CAR],I only gave you the cushion to put under your head.,,,34.0
9171555,24825,[CAR],if you don't want it we'll put it back on the sofa.,,,34.0
9171574,24825,[CAR],that's it.,,,34.0
9171593,24825,[CAR],oops.,,,34.0
9171619,24825,[CHI],that's rubbish man's.,-1.0,determiner,34.0
9171630,24825,[CAR],it's the rubbish man's?,,,34.0
9171647,24825,[CAR],well you use Mummy's cushions as a toy don't you?,,,34.0
9171660,24825,[CAR],like a bin bag.,,,34.0
9171683,24825,[CHI],I say no it's not it's cushions.,-1.0,tense_aspect,34.0
9171722,24825,[CAR],that's quite right.,,,34.0
9171731,24825,[CAR],they're not bin bags they're cushions.,,,34.0
9171751,24825,[CHI],yeah.,,,34.0
9171765,24825,[CAR],and then we walked home with Jo and Becky and we went to the chemist.,,,34.0
9171793,24825,[CAR],and we went to the sausage roll shop didn't we?,,,34.0
9171811,24825,[CHI],not go in the chemist.,-1.0,"subject, auxiliary, preposition",34.0
9171828,24825,[CAR],no you sat outside with Louise Rachel Jo and Becky didn't you?,,,34.0
9171845,24825,[CHI],yeah.,,,34.0
9171862,24825,[CAR],and then we went to Jo's house.,,,34.0
9171877,24825,[CAR],and we walked home didn't we?,,,34.0
9171898,24825,[CHI],yeah.,,,34.0
9171920,24825,[CAR],and whose house did we walk past?,,,34.0
9171936,24825,[CHI],Ben Charlotte's.,0.0,,34.0
9171950,24825,[CAR],Ben and Charlotte's house.,,,34.0
9171974,24825,[CHI],no Ben.,-1.0,"possessive, other",34.0
9171994,24825,[CAR],no we didn't see Ben did we?,,,34.0
9172008,24825,[CHI],see.,,,34.0
9172020,24825,[CHI],in a surgery.,0.0,,34.0
9172038,24825,[CAR],he's where?,,,34.0
9172057,24825,[CHI],in a surgery.,1.0,,34.0
9172077,24825,[CAR],in a surgery?,,,34.0
9172095,24825,[CHI],yeah.,,,34.0
9172115,24825,[CAR],no he's not.,,,34.0
9172130,24825,[CAR],he's at nursery.,,,34.0
9172151,24825,[CHI],no.,,,34.0
9172174,24825,[CHI],is.,,,34.0
9172193,24825,[CAR],it's like a playgroup.,,,34.0
9172215,24825,[CAR],it's nursery.,,,34.0
9172232,24825,[CHI],Ben lives there.,1.0,,34.0
9172251,24825,[CAR],yes.,,,34.0
9172269,24825,[CAR],Ben lives there.,,,34.0
9172289,24825,[CAR],he doesn't live at the nursery.,,,34.0
9172305,24825,[CAR],he just goes there doesn't he?,,,34.0
9172324,24825,[CAR],but we passed his house and he certainly lives there.,,,34.0
9172340,24825,[CAR],and we had a nice walk home.,,,34.0
9172361,24825,[CAR],and then who did we meet on the doorstep when we got here?,,,34.0
9172388,24825,[CHI],don't know.,0.0,,34.0
9172405,24825,[CAR],Thomas.,,,34.0
9172430,24825,[CAR],you've got a short memory.,,,34.0
9172447,24825,[CAR],it was only about five minutes ago.,,,34.0
9172464,24825,[CHI],Aunty_Linda.,1.0,,34.0
9172483,24825,[CAR],Linda.,,,34.0
9172500,24825,[CAR],that's right.,,,34.0
9172516,24825,[CHI],video a Dad.,-1.0,verb,34.0
9172531,24825,[CAR],she gave us a video.,,,34.0
9172548,24825,[CAR],yes.,,,34.0
9172566,24825,[CAR],it was a video that Daddy had lent her on Saturday.,,,34.0
9172588,24825,[CAR],oops.,,,34.0
9172605,24825,[CAR],I've just nearly trodden on Purdie because I didn't see her.,,,34.0
9172634,24825,[CHI],sorry.,,,34.0
9172642,24825,[CHI],Purdie on Purdie's foot Purdie's a tripped on you.,1.0,,34.0
9172660,24825,[CAR],I nearly tripped on you Purdie.,,,34.0
9172676,24825,[CHI],I sorry Purdie.,-1.0,auxiliary,34.0
9172690,24825,[CHI],I not mean to.,-1.0,auxiliary,34.0
9172714,24825,[CAR],no I didn't mean to but I didn't see her there Tom.,,,34.0
9172741,24825,[CAR],she's sitting in a silly place isn't she?,,,34.0
9172758,24825,[CHI],yes.,,,34.0
9172777,24825,[CHI],stop it.,1.0,,34.0
9172789,24825,[CHI],get away!,1.0,,34.0
9172807,24825,[CAR],no don't shout at her.,,,34.0
9172827,24825,[CHI],I not like you a today all day long.,-1.0,auxiliary,34.0
9172852,24825,[CAR],you don't like her all day long?,,,34.0
9172871,24825,[CHI],no.,,,34.0
9172884,24825,[CAR],oh what's she done to you?,,,34.0
9172902,24825,[CHI],uh not done anything.,-1.0,"subject, auxiliary",34.0
9172920,24825,[CAR],she's not done anything so there's no need not to like her is there?,,,34.0
9172939,24825,[CAR],no reason not to like her.,,,34.0
9172956,24825,[CHI],look Purdie's on the wall.,1.0,,34.0
9172976,24825,[CAR],well she's just she's rubbing her chin isn't she?,,,34.0
9172994,24825,[CAR],on the wall.,,,34.0
9173030,24825,[CAR],is it funny?,,,34.0
9173047,24825,[CHI],yes.,,,34.0
9173079,24825,[CAR],right.,,,34.0
9173093,24825,[CAR],let's put your trousers back on.,,,34.0
9173109,24825,[CHI],funny your hair.,-1.0,"verb, other",34.0
9173129,24825,[CHI],your hair's like a sausage.,1.0,,34.0
9173146,24825,[CAR],my hair's like a sausage?,,,34.0
9173166,24825,[CHI],yes.,,,34.0
9173183,24825,[CAR],well that's because I've just got very wet and windblown.,,,34.0
9173203,24825,[CAR],I had my hood up didn't I?,,,34.0
9173219,24825,[CHI],yes.,,,34.0
9173237,24825,[CAR],let's put your slippers on.,,,34.0
9173251,24825,[CHI],Purdie's fur.,0.0,,34.0
9173266,24825,[CHI],Purdie's fur like a sausage.,-1.0,verb,34.0
9173282,24825,[CHI],you're like a sausage Purdie.,1.0,,34.0
9173297,24825,[CAR],and what's your hair like Thomas?,,,34.0
9173313,24825,[CHI],a beans.,,,34.0
9173329,24825,[CAR],your sausage your hair's like beans?,,,34.0
9173347,24825,[CHI],yes.,,,34.0
9173360,24825,[CAR],oh sausage and beans.,,,34.0
9173377,24825,[CAR],that's a nice combination.,,,34.0
9173394,24825,[CAR],right.,,,34.0
9173405,24825,[CAR],will you just sit back down please.,,,34.0
9173423,24825,[CHI],no.,,,34.0
9173442,24825,[CAR],sit down.,,,34.0
9173456,24825,[CAR],good boy.,,,34.0
9173476,24825,[CHI],more like a fall over.,-1.0,other,34.0
9173496,24825,[CAR],more like a fall over?,,,34.0
9173521,24825,[CHI],mhm.,,,34.0
9173538,24825,[CHI],falling.,,,34.0
9173553,24825,[CHI],I lie and put a put a plaster on my knee's poorly.,-1.0,"tense_aspect, other",34.0
9173567,24825,[CAR],oh dear.,,,34.0
9173582,24825,[CAR],you're pretending that the towel is a plaster and you're putting it on your knee because your knee's poorly.,,,34.0
9173607,24825,[CHI],mhm.,,,34.0
9173625,24825,[CAR],well you do have a poorly knee.,,,34.0
9173643,24825,[CAR],what happened last night?,,,34.0
9173660,24825,[CHI],oh ow.,,,34.0
9173675,24825,[CAR],what happened when we came home from meeting Daddy?,,,34.0
9173704,24825,[CAR],you fell over didn't you?,,,34.0
9173722,24825,[CHI],fall out a queen.,-1.0,other,34.0
9173743,24825,[CAR],oh I can hear somebody's burglar alarm ringing.,,,34.0
9173771,24825,[CAR],we've not heard alarms for a long time.,,,34.0
9173798,24825,[CAR],can you hear the bell?,,,34.0
9173816,24825,[CHI],yes.,,,34.0
9173833,24825,[CHI],got Thomas_The_Tank_Engine's.,-1.0,possessive,34.0
9173850,24825,[CAR],Thomas_The_Tank_Engine's?,,,34.0
9173864,24825,[CHI],I wanna be a queen.,1.0,,34.0
9173882,24825,[CHI],dancing queen.,-1.0,determiner,34.0
9173916,24825,[CAR],you wanna be a queen?,,,34.0
9173930,24825,[CAR],a dancing queen?,,,34.0
9173942,24825,[CHI],no.,,,34.0
9173960,24825,[CHI],just like Bella.,1.0,,34.0
9173976,24825,[CAR],you wanna be Bella.,,,34.0
9173995,24825,[CAR],be careful.,,,34.0
9174016,24825,[CAR],Mummy has got a cold hasn't she?,,,34.0
9174036,24825,[CHI],I'm Bella.,1.0,,34.0
9174053,24825,[CAR],are you?,,,34.0
9174070,24825,[CAR],right.,,,34.0
9174091,24825,[CAR],let's wash your little hands.,,,34.0
9174111,24825,[CAR],do you know where Purdie has gone?,,,34.0
9174128,24825,[CAR],oh there she is.,,,34.0
9174147,24825,[CAR],she keeps moving around.,,,34.0
9174165,24825,[CHI],yeah.,,,34.0
9174176,24825,[CHI],thought you'd gone upstairs Purdie.,0.0,,34.0
9174199,24825,[CAR],we did think you had gone upstairs Puss.,,,34.0
9174219,24825,[CAR],and you're just sitting aren't you?,,,34.0
9174238,24825,[CAR],by your saucer of milk.,,,34.0
9174255,24825,[CAR],you must not want that milk because it has been there all morning.,,,34.0
9174278,24825,[CAR],it was there at breakfast time and it's lunchtime and it's still there.,,,34.0
9174299,24825,[CHI],that's Aunty_Ginger's Purdie.,1.0,,34.0
9174315,24825,[CHI],yours is there.,1.0,,34.0
9174333,24825,[CHI],your your milk's there.,1.0,,34.0
9174355,24825,[CHI],that's Aunty_Ginger's.,1.0,,34.0
9174367,24825,[CAR],Aunty_Ginger?,,,34.0
9174383,24825,[CHI],yes.,,,34.0
9174400,24825,[CAR],talking about the ginger cat?,,,34.0
9174418,24825,[CHI],yeah.,,,34.0
9174436,24825,[CAR],well the ginger cat's a boy so it's not going to be an aunty is it?,,,34.0
9174454,24825,[CHI],yeah.,,,34.0
9174472,24825,[CAR],what do we call boys?,,,34.0
9174488,24825,[CHI],Aunty_Thomas.,1.0,,34.0
9174506,24825,[CAR],no.,,,34.0
9174530,24825,[CAR],not Aunty_Thomas.,,,34.0
9174542,24825,[CAR],uncles.,,,34.0
9174558,24825,[CAR],like Aunty_Sharon and Uncle_David.,,,34.0
9174577,24825,[CAR],boys are called uncle not aunty.,,,34.0
9174595,24825,[CHI],look.,,,34.0
9174607,24825,[CHI],I throw the car on the floor.,-1.0,tense_aspect,34.0
9174625,24825,[CAR],be careful you don't topple off.,,,34.0
9174643,24825,[CHI],I'm Bella.,1.0,,34.0
9174660,24825,[CAR],you're Bella are you?,,,34.0
9174676,24825,[CHI],yeah.,,,34.0
9174704,24825,[CAR],you're pretending you're Bella from the Tweenies?,,,34.0
9174721,24825,[CHI],mhm.,,,34.0
9174740,24825,[CHI],you're Milo.,1.0,,34.0
9174754,24825,[CAR],am I Milo?,,,34.0
9174771,24825,[CAR],but Bella's a girl and Milo's a boy.,,,34.0
9174788,24825,[CAR],are you pretending you're a boy and I'm a girl?,,,34.0
9174811,24825,[CHI],mhm.,,,34.0
9174835,24825,[CAR],right.,,,34.0
9174853,24825,[CAR],hands dried.,,,34.0
9174867,24825,[CHI],Daddy Daddy's Milo.,1.0,,34.0
9174886,24825,[CHI],da you're Milo.,1.0,,34.0
9174904,24825,[CAR],am I?,,,34.0
9174922,24825,[CHI],Daddy's Jake.,1.0,,34.0
9174935,24825,[CAR],Daddy's Jake is he?,,,34.0
9174958,24825,[CHI],Purdie's Daddy's Purdie's Purdie's?,-1.0,object,34.0
9174975,24825,[CAR],Purdie could be Doodle_the_dog couldn't she?,,,34.0
9174995,24825,[CHI],mhm.,,,34.0
9175011,24825,[CAR],or what's the other one called?,,,34.0
9175024,24825,[CAR],Fizz.,,,34.0
9175042,24825,[CHI],mhm.,,,34.0
9175056,24825,[CAR],who could be Fizz?,,,34.0
9175073,24825,[CHI],you be Fizz.,1.0,,34.0
9175085,24825,[CAR],well I thought I was being Milo?,,,34.0
9175101,24825,[CAR],you're Bella.,,,34.0
9175117,24825,[CAR],we've got Bella Milo Fizz Jake.,,,34.0
9175131,24825,[CHI],and Doodle.,1.0,,34.0
9175148,24825,[CAR],and Doodle.,,,34.0
9175162,24825,[CAR],there are four of us and five of them.,,,34.0
9175179,24825,[CAR],so that leaves us in a bit of a mess doesn't it?,,,34.0
9175197,24825,[CAR],let's have a look at this.,,,34.0
9175215,24825,[CHI],yes.,,,34.0
9175227,24825,[CHI],what you brought.,-1.0,"auxiliary, tense_aspect",34.0
9175240,24825,[CAR],who gave you that?,,,34.0
9175257,24825,[CHI],I don't know.,1.0,,34.0
9175272,24825,[CAR],who gave you that?,,,34.0
9175289,24825,[CHI],Mummy.,,,34.0
9175309,24825,[CAR],well I've just given it to you now but who gave it to you at toddler group?,,,34.0
9175332,24825,[CHI],I don't know.,1.0,,34.0
9175347,24825,[CAR],Charlotte?,,,34.0
9175360,24825,[CHI],Charlotte.,,,34.0
9175374,24825,[CHI],yeah.,,,34.0
9175392,24825,[CHI],this open?,-1.0,verb,34.0
9175412,24825,[CAR],yes you can open it.,,,34.0
9175438,24825,[CAR],it says Thomas on the envelope.,,,34.0
9175454,24825,[CHI],Thomas on the envelope.,1.0,,34.0
9175472,24825,[CHI],on this way.,-1.0,verb,34.0
9175492,24825,[CAR],shall I help you?,,,34.0
9175510,24825,[CHI],I open it.,-1.0,auxiliary,34.0
9175534,24825,[CHI],it's a surprise.,1.0,,34.0
9175549,24825,[CAR],is it a surprise?,,,34.0
9175564,24825,[CHI],what's this?,1.0,,34.0
9175581,24825,[CAR],oh what is it?,,,34.0
9175597,24825,[CAR],what does it say?,,,34.0
9175615,24825,[CHI],it's a card.,1.0,,34.0
9175632,24825,[CAR],a card.,,,34.0
9175645,24825,[CAR],what does it say?,,,34.0
9175662,24825,[CHI],say Thomas.,-1.0,"subject, sv_agreement",34.0
9175674,24825,[CAR],it says.,,,34.0
9175687,24825,[CAR],dear Thomas.,,,34.0
9175700,24825,[CAR],will you come to my party.,,,34.0
9175732,24825,[CAR],on the twenty third of February between two and four.,,,34.0
9175755,24825,[CAR],from Charlotte.,,,34.0
9175770,24825,[CAR],r s v p.,,,34.0
9175783,24825,[CAR],and it gives her phone number.,,,34.0
9175800,24825,[CAR],oh look.,,,34.0
9175820,24825,[CAR],and there's a nice little bit at the bottom.,,,34.0
9175836,24825,[CAR],because it says.,,,34.0
9175853,24825,[CAR],I will or will not be able to come to your party.,,,34.0
9175878,24825,[CAR],so we can write dear Charlotte from Thomas.,,,34.0
9175910,24825,[CHI],that's Mummy.,1.0,,34.0
9175946,24825,[CAR],is it?,,,34.0
9175959,24825,[CHI],yeah.,,,34.0
9175987,24825,[CAR],let's just see what.,,,34.0
9176003,24825,[CHI],that's Thomas.,1.0,,34.0
9176016,24825,[CAR],is it?,,,34.0
9176026,24825,[CAR],let's just see what day the twenty third is.,,,34.0
9176050,24825,[CHI],twenty third is Christmas.,-1.0,determiner,34.0
9176072,24825,[CAR],no.,,,34.0
9176090,24825,[CAR],twenty third of February isn't Christmas.,,,34.0
9176106,24825,[CAR],the twenty fifth of December is Christmas.,,,34.0
9176123,24825,[CAR],right.,,,34.0
9176136,24825,[CAR],let's get the calendar out.,,,34.0
9176155,24825,[CAR],twenty third.,,,34.0
9176184,24825,[CAR],oh no.,,,34.0
9176199,24825,[CAR],it's a Wednesday.,,,34.0
9176220,24825,[CAR],Mummy works on Wednesdays.,,,34.0
9176233,24825,[CAR],oh dear dear.,,,34.0
9176249,24825,[CAR],twenty third of February.,,,34.0
9176263,24825,[CAR],well perhaps Mummy can swap her day of work.,,,34.0
9176278,24825,[CAR],how about that?,,,34.0
9176291,24825,[CHI],yes?,,,34.0
9176305,24825,[CAR],shall Mummy try and go to work on Thursday.,,,34.0
9176327,24825,[CHI],it's Thursday now.,1.0,,34.0
9176343,24825,[CAR],we'll try Mummy try and swap her day of work so you can go to a party.,,,34.0
9176370,24825,[CAR],perhaps she's having it on a Wednesday because she knows I'm at work and we can't go.,,,34.0
9176386,24825,[CAR],so we'll teach her.,,,34.0
9176400,24825,[CHI],bang your head.,0.0,,34.0
9176418,24825,[CHI],bang your head.,0.0,,34.0
9176433,24825,[CAR],did we?,,,34.0
9176447,24825,[CAR],right.,,,34.0
9176457,24825,[CAR],shall we write that on the calendar then?,,,34.0
9176473,24825,[CHI],no.,,,34.0
9176488,24825,[CAR],no?,,,34.0
9176513,24825,[CAR],I'd like to.,,,34.0
9176535,24825,[CHI],I want a chocolate.,1.0,,34.0
9176553,24825,[CHI],a Sister_Eileen chocolate.,1.0,,34.0
9176572,24825,[CAR],you'd like a Sister_Eileen chocolate would you?,,,34.0
9176588,24825,[CHI],yes please.,1.0,,34.0
9176597,24825,[CAR],well I'm going to write this on the calendar.,,,34.0
9176611,24825,[CHI],you've eaten Sister_Eileen chocolates?,0.0,,34.0
9176628,24825,[CAR],well I haven't eaten them all.,,,34.0
9176644,24825,[CAR],no.,,,34.0
9176656,24825,[CAR],Charlotte's.,,,34.0
9176669,24825,[CHI],twenty three.,1.0,,34.0
9176684,24825,[CAR],Charlotte's twenty three?,,,34.0
9176710,24825,[CAR],char Charlotte's second birthday.,,,34.0
9176728,24825,[CAR],and I shall just write underneath party two to four o'clock p m.,,,34.0
9176758,24825,[CAR],and I'll see tomorrow when I go into work if I can.,,,34.0
9176784,24825,[CHI],where has Purdie gone?,1.0,,34.0
9176804,24825,[CHI],alter my day of work.,0.0,,34.0
9176824,24825,[CAR],where's Purdie?,,,34.0
9176838,24825,[CAR],she's sitting under my chair.,,,34.0
9176858,24825,[CAR],now listen.,,,34.0
9176883,24825,[CAR],we forgot Lyn's birthday and that was in January.,,,34.0
9176898,24825,[CAR],on the twelfth of January.,,,34.0
9176912,24825,[CAR],so while we've got the calendar out shall we write there.,,,34.0
9176934,24825,[CAR],that was a Wednesday as well.,,,34.0
9176948,24825,[CAR],Lyn's.,,,34.0
9176963,24825,[CHI],Charlotte's birthday.,0.0,,34.0
9176978,24825,[CHI],yeah.,,,34.0
9176996,24825,[CAR],birthday.,,,34.0
9177011,24825,[CAR],but Lyn didn't have a party did she?,,,34.0
9177031,24825,[CAR],there.,,,34.0
9177047,24825,[CAR],and that sounds very nice.,,,34.0
9177057,24825,[CHI],get my train man.,0.0,,34.0
9177070,24825,[CAR],you ready for lunch now Thomas?,,,34.0
9177083,24825,[CHI],where's my train man?,1.0,,34.0
9177099,24825,[CHI],Mummy.,,,34.0
9177116,24825,[CHI],I train man.,-1.0,determiner,34.0
9177131,24825,[CAR],you're a train man?,,,34.0
9177146,24825,[CHI],yeah.,,,34.0
9177160,24825,[CHI],on the station platform.,0.0,,34.0
9177173,24825,[CAR],are you?,,,34.0
9177192,24825,[CHI],yeah.,,,34.0
9177210,24825,[CAR],what're you doing on the station platform?,,,34.0
9177228,24825,[CHI],I not drawing.,-1.0,present_progressive,34.0
9177247,24825,[CHI],I ride round in my engine all up.,-1.0,"preposition, other",34.0
9177283,24825,[CHI],it's James.,1.0,,34.0
9177300,24825,[CHI],my James's driver.,-1.0,determiner,34.0
9177313,24825,[CAR],oh you're James's driver are you?,,,34.0
9177330,24825,[CHI],yeah.,,,34.0
9177345,24825,[CAR],right.,,,34.0
9177362,24825,[CHI],yes it is James there.,1.0,,34.0
9177376,24825,[CHI],I'm coming ja you're coming you.,-1.0,other,34.0
9177385,24825,[CAR],pardon?,,,34.0
9177399,24825,[CHI],not no no.,0.0,,34.0
9177416,24825,[CHI],I not got lots_of seats for you.,-1.0,auxiliary,34.0
9177438,24825,[CAR],oh you've no seats for me?,,,34.0
9177458,24825,[CHI],no.,,,34.0
9177476,24825,[CAR],there's no room for Mummy?,,,34.0
9177501,24825,[CHI],no.,,,34.0
9177515,24825,[CAR],oh no.,,,34.0
9177527,24825,[CHI],I up.,-1.0,verb,34.0
9177541,24825,[CHI],that's my dinner chair.,1.0,,34.0
9177557,24825,[CHI],I just eated it all up.,-1.0,tense_aspect,34.0
9177573,24825,[CHI],your chair all up.,-1.0,verb,34.0
9177587,24825,[CAR],what have you eaten all up?,,,34.0
9177606,24825,[CHI],your chair all up.,-1.0,verb,34.0
9177622,24825,[CAR],you've eaten my chair?,,,34.0
9177640,24825,[CHI],yeah.,,,34.0
9177656,24825,[CAR],so who are you?,,,34.0
9177668,24825,[CAR],James?,,,34.0
9177682,24825,[CAR],or James's driver?,,,34.0
9177698,24825,[CHI],James's driver.,1.0,,34.0
9177719,24825,[CHI],that's James.,1.0,,34.0
9177733,24825,[CAR],oh I see.,,,34.0
9177757,24825,[CAR],the train is James and you're the driver of the engine called James are you?,,,34.0
9177773,24825,[CHI],engine driver.,-1.0,determiner,34.0
9177789,24825,[CHI],m uh engine driver brush his my brush his hair.,-1.0,"determiner, sv_agreement",34.0
9177810,24825,[CAR],oh well I've just brushed your hair because you look a bit windswept as well don't you?,,,34.0
9177843,24825,[CAR],it was very blowy outside.,,,34.0
9177862,24825,[CHI],my train man's all strapped up in his train.,1.0,,34.0
9177884,24825,[CAR],is he?,,,34.0
9177912,24825,[CAR],the train man's all strapped up in his train is he?,,,34.0
9177926,24825,[CHI],yeah.,,,34.0
9177941,24825,[CAR],and are you ready to go?,,,34.0
9177955,24825,[CHI],no.,,,34.0
9177968,24825,[CHI],not yet.,1.0,,34.0
9177989,24825,[CHI],just a minute.,1.0,,34.0
9178002,24825,[CAR],oops.,,,34.0
9178021,24825,[CHI],nearly.,,,34.0
9178030,24825,[CHI],I go now.,-1.0,present_progressive,34.0
9178065,24825,[CAR],you're going now?,,,34.0
9178081,24825,[CHI],mhm.,,,34.0
9178097,24825,[CAR],has the guard blown his whistle?,,,34.0
9178112,24825,[CHI],yeah.,,,34.0
9178129,24825,[CAR],what else does he do?,,,34.0
9178147,24825,[CHI],wave his flannel.,1.0,,34.0
9178163,24825,[CAR],wave his.,,,34.0
9178180,24825,[CHI],bye bye!,1.0,,34.0
9178193,24825,[CAR],not his flannel.,,,34.0
9178204,24825,[CAR],his flag.,,,34.0
9178219,24825,[CAR],wave his flag.,,,34.0
9178256,24825,[CAR],and then does he shout bye bye?,,,34.0
9178271,24825,[CHI],bye bye.,1.0,,34.0
9178285,24825,[CAR],oh bye bye.,,,34.0
9178295,24825,[CHI],choo choo choo.,0.0,,34.0
9178312,24825,[CAR],you driving off?,,,34.0
9178335,24825,[CAR],where are you driving to?,,,34.0
9178358,24825,[CHI],uh uh seaside.,-1.0,determiner,34.0
9178368,24825,[CAR],the seaside?,,,34.0
9178380,24825,[CAR],which seaside?,,,34.0
9178396,24825,[CHI],blue one.,-1.0,determiner,34.0
9178417,24825,[CAR],the blue one?,,,34.0
9178437,24825,[CAR],you mean the blue sea?,,,34.0
9178450,24825,[CHI],yeah.,,,34.0
9178461,24825,[CAR],going to Blackpool or to Scarborough?,,,34.0
9178486,24825,[CHI],uh.,,,34.0
9178494,24825,[CHI],Scarborough.,,,34.0
9178513,24825,[CAR],Scarborough?,,,34.0
9178532,24825,[CHI],mhm.,,,34.0
9178553,24825,[CAR],oh well that's quite a journey from here to Scarborough.,,,34.0
9178570,24825,[CAR],you might hafta pass through York.,,,34.0
9178586,24825,[CHI],yeah.,,,34.0
9178600,24825,[CAR],who lives in York?,,,34.0
9178615,24825,[CHI],Nana_Bealby.,1.0,,34.0
9178631,24825,[CAR],Nana_Bealby and who else?,,,34.0
9178651,24825,[CHI],no what Purdie.,0.0,,34.0
9178666,24825,[CAR],well Purdie stays at Grandma's sometimes.,,,34.0
9178687,24825,[CAR],what about Grandad?,,,34.0
9178710,24825,[CHI],Grandad_Bealby.,1.0,,34.0
9178724,24825,[CAR],Grandad_Bealby.,,,34.0
9178741,24825,[CHI],train driver doing.,-1.0,"determiner, present_progressive, object",34.0
9178758,24825,[CAR],well I think the train driver must be a bit hungry now.,,,34.0
9178777,24825,[CAR],is it time for the train driver's lunch?,,,34.0
9178797,24825,[CAR],oh you're rolling up your sleeves?,,,34.0
9178820,24825,[CHI],mhm.,,,34.0
9178834,24825,[CAR],does that mean you mean business?,,,34.0
9178863,24825,[CHI],mhm.,,,34.0
9178881,24825,[CHI],I been a Tesco.,-1.0,"auxiliary, preposition",34.0
9178900,24825,[CAR],you wanna kiss me?,,,34.0
9178925,24825,[CHI],I been a Tesco.,-1.0,"auxiliary, preposition",34.0
9178944,24825,[CAR],oh you've been to Tesco.,,,34.0
9178967,24825,[CHI],yeah.,,,34.0
9178986,24825,[CAR],I thought you said you wanted to kiss me.,,,34.0
9179002,24825,[CAR],you've been to Tesco on the train?,,,34.0
9179021,24825,[CHI],mhm.,,,34.0
9179036,24825,[CAR],ah.,,,34.0
9179048,24825,[CAR],oh you've given me a kiss anyway.,,,34.0
9179059,24825,[CHI],I g got some sandwiches.,1.0,,34.0
9179073,24825,[CAR],have you?,,,34.0
9179086,24825,[CHI],mhm.,,,34.0
9179098,24825,[CAR],from Tesco.,,,34.0
9179116,24825,[CHI],yeah.,,,34.0
9179137,24825,[CAR],did you get them for lunch Thomas?,,,34.0
9179152,24825,[CHI],yeah.,,,34.0
9179167,24825,[CAR],that sounds nice.,,,34.0
9179184,24825,[CHI],yeah.,,,34.0
9179196,24825,[CHI],my train driver man.,-1.0,verb,34.0
9179208,24825,[CAR],well I went to the baker's in Heaton Mersey and got some sausage rolls for our lunch.,,,34.0
9179227,24825,[CHI],thanks.,,,34.0
9179248,24825,[CHI],that's my din my train driver dinner.,1.0,,34.0
9179263,24825,[CAR],it is.,,,34.0
9179279,24825,[CAR],would you like some coleslaw with that?,,,34.0
9179296,24825,[CHI],um no.,1.0,,34.0
9179309,24825,[CAR],no.,,,34.0
9179323,24825,[CAR],what about some Quavers?,,,34.0
9179346,24825,[CHI],no.,,,34.0
9179359,24825,[CHI],yes.,,,34.0
9179375,24825,[CAR],yes.,,,34.0
9179396,24825,[CAR],I thought you might have Quavers.,,,34.0
9179411,24825,[CAR],are you sure you don't want some coleslaw?,,,34.0
9179429,24825,[CHI],no.,,,34.0
9179454,24825,[CAR],there you are sweetheart.,,,34.0
9179465,24825,[CHI],like some Quavers.,-1.0,"subject, auxiliary",34.0
9179476,24825,[CAR],would you?,,,34.0
9179494,24825,[CHI],yeah.,,,34.0
9179502,24825,[CAR],what do you say?,,,34.0
9179515,24825,[CHI],and pastry.,0.0,,34.0
9179526,24825,[CAR],it's pastry.,,,34.0
9179547,24825,[CAR],yes.,,,34.0
9179559,24825,[CHI],I not like pastry.,-1.0,auxiliary,34.0
9179574,24825,[CAR],you do sometimes Thomas.,,,34.0
9179587,24825,[CAR],there you are.,,,34.0
9179615,24825,[CAR],well you must eat some of the pastry.,,,34.0
9179627,24825,[CAR],the whole idea of having sausage rolls rather than just sausages.,,,34.0
9179649,24825,[CHI],mhm.,,,34.0
9179663,24825,[CAR],I'm going to pinch a Quaver for me.,,,34.0
9179682,24825,[CHI],mhm.,,,34.0
9179694,24825,[CHI],look Mummy.,1.0,,34.0
9179706,24825,[CHI],got a sausage in my mouth.,-1.0,subject,34.0
9179719,24825,[CAR],have you got a sausage roll in your mouth?,,,34.0
9179736,24825,[CHI],like a sandwich.,-1.0,"subject, auxiliary",34.0
9179752,24825,[CAR],a sandwich?,,,34.0
9179760,24825,[CHI],mhm.,,,34.0
9179783,24825,[CAR],I'm sorry we haven't got sandwiches today.,,,34.0
9179795,24825,[CAR],we had sandwiches yesterday.,,,34.0
9179810,24825,[CAR],who came for lunch yesterday?,,,34.0
9179826,24825,[CHI],Sister_Eileen.,1.0,,34.0
9179840,24825,[CAR],who?,,,34.0
9179852,24825,[CHI],Sister_Eileen.,1.0,,34.0
9179864,24825,[CAR],Sister_Eileen.,,,34.0
9179879,24825,[CAR],no.,,,34.0
9179893,24825,[CAR],Sister_Eileen came a while ago.,,,34.0
9179908,24825,[CAR],no.,,,34.0
9179920,24825,[CAR],yesterday.,,,34.0
9179927,24825,[CAR],who came to play?,,,34.0
9179950,24825,[CAR],and stayed for lunch?,,,34.0
9179967,24825,[CHI],Jo and Becky.,1.0,,34.0
9179979,24825,[CAR],Jo and Becky.,,,34.0
9180025,24825,[CAR],and we had sandwiches.,,,34.0
9180041,24825,[CHI],mhm.,,,34.0
9180066,24825,[CAR],and some salad and some coleslaw.,,,34.0
9180079,24825,[CHI],and Quavers.,1.0,,34.0
9180091,24825,[CAR],you had some Quavers didn't you?,,,34.0
9180106,24825,[CAR],and then what about dessert?,,,34.0
9180127,24825,[CHI],chocolate mousse.,1.0,,34.0
9180139,24825,[CAR],chocolate mousse.,,,34.0
9180155,24825,[CHI],mhm.,,,34.0
9180173,24825,[CAR],and then in the afternoon you had some fruit and some biscuits didn't you?,,,34.0
9180194,24825,[CHI],mhm.,,,34.0
9180204,24825,[CAR],you ate an apple.,,,34.0
9180218,24825,[CHI],Becky s not want cheese.,-1.0,auxiliary,34.0
9180238,24825,[CAR],she didn't want her cheese did she?,,,34.0
9180252,24825,[CHI],no.,,,34.0
9180267,24825,[CAR],because you had some little cheese sandwiches.,,,34.0
9180277,24825,[CHI],mhm.,,,34.0
9180287,24825,[CAR],but Mummy had also cut some cheese into cubes hadn't she?,,,34.0
9180315,24825,[CHI],mhm.,,,34.0
9180329,24825,[CAR],because you had soft cheese on your sandwiches.,,,34.0
9180339,24825,[CAR],Dairylea spreading cheese.,,,34.0
9180354,24825,[CAR],but Mummy had cut some cheese into cubes and you ate yours didn't you?,,,34.0
9180387,24825,[CAR],but Becky didn't want that.,,,34.0
9180404,24825,[CAR],she's quite a bit younger than you though Thomas.,,,34.0
9180420,24825,[CHI],yeah.,,,34.0
9180434,24825,[CHI],I like Mummy train driver said.,-1.0,determiner,34.0
9180448,24825,[CAR],did I sound like the train driver?,,,34.0
9180464,24825,[CHI],the train driver said I like you.,1.0,,34.0
9180471,24825,[CAR],you like me?,,,34.0
9180486,24825,[CHI],mhm.,,,34.0
9180489,24825,[CHI],my train driver man.,0.0,,34.0
9180501,24825,[CAR],does that taste good Thomas?,,,34.0
9180517,24825,[CHI],yeah.,,,34.0
9180543,24825,[CAR],oh your lip's a bit sore isn't it?,,,34.0
9180563,24825,[CAR],you fell last night and you banged your head on a paving stone.,,,34.0
9180754,24825,[CHI],yeah.,,,34.0
9180777,24825,[CAR],and you fell on the gravel didn't you?,,,34.0
9180794,24825,[CAR],and you cut your lip and your mouth and your cheek.,,,34.0
9180812,24825,[CAR],and your hand.,,,34.0
9180833,24825,[CHI],mhm.,,,34.0
9180851,24825,[CAR],and your knee.,,,34.0
9180865,24825,[CHI],mhm.,,,34.0
9180879,24825,[CAR],you were in a poor way last night weren't you?,,,34.0
9180896,24825,[CHI],yeah.,,,34.0
9180911,24825,[CAR],taste good?,,,34.0
9180920,24825,[CHI],mhm.,,,34.0
9180948,24825,[CHI],Friday.,,,34.0
9180961,24825,[CHI],the cupboard's going away this night.,1.0,,34.0
9180976,24825,[CAR],what?,,,34.0
9180986,24825,[CHI],mhm.,,,34.0
9180997,24825,[CAR],you've just said.,,,34.0
9181010,24825,[CAR],Friday.,,,34.0
9181022,24825,[CAR],the cupboard's going away this night.,,,34.0
9181042,24825,[CAR],Friday morning at eleven o'clock this cupboard is going isn't it?,,,34.0
9181066,24825,[CHI],mhm.,,,34.0
9181086,24825,[CAR],it's being moved.,,,34.0
9181097,24825,[CAR],somebody's coming in a big van.,,,34.0
9181110,24825,[CHI],mhm.,,,34.0
9181125,24825,[CAR],to take it away.,,,34.0
9181134,24825,[CHI],Sister Sister_Eileen's dad.,0.0,,34.0
9181148,24825,[CAR],it's going to Sister_Eileen's house.,,,34.0
9181159,24825,[CHI],mhm.,,,34.0
9181168,24825,[CAR],did you say Sister_Eileen's dad?,,,34.0
9181180,24825,[CHI],mhm.,,,34.0
9181194,24825,[CAR],I don't think it's her dad coming to pick it up.,,,34.0
9181201,24825,[CAR],but somebody's certainly coming to take it away.,,,34.0
9181214,24825,[CAR],oh you're going to miss playing in your cupboard aren't you?,,,34.0
9181228,24825,[CHI],mhm.,,,34.0
9181243,24825,[CAR],so what day is it today?,,,34.0
9181256,24825,[CAR],Tuesday.,,,34.0
9181270,24825,[CHI],it's Friday.,1.0,,34.0
9181281,24825,[CAR],no.,,,34.0
9181297,24825,[CAR],it's not Friday.,,,34.0
9181313,24825,[CAR],it's Tuesday.,,,34.0
9181326,24825,[CAR],you've got today and tomorrow.,,,34.0
9181344,24825,[CAR],Wednesday.,,,34.0
9181365,24825,[CAR],and the day after.,,,34.0
9181392,24825,[CAR],Thursday.,,,34.0
9181408,24825,[CHI],yeah.,,,34.0
9181427,24825,[CAR],so you've got today tomorrow Thursday.,,,34.0
9181462,24825,[CAR],you've got three almost well it's about three days to play with it.,,,34.0
9181479,24825,[CAR],and then on Friday Mummy's going to hafta empty things out of it and give it a good clean up.,,,34.0
9181502,24825,[CAR],hasn't she?,,,34.0
9181513,24825,[CHI],mhm.,,,34.0
9181528,24825,[CAR],then it's going.,,,34.0
9181542,24825,[CHI],mhm.,,,34.0
9181555,24825,[CAR],oh what will Thomas play with then?,,,34.0
9181573,24825,[CHI],something else.,1.0,,34.0
9181592,24825,[CHI],something else.,1.0,,34.0
9181613,24825,[CAR],you'll play with something else will you?,,,34.0
9181627,24825,[CHI],yeah.,,,34.0
9181642,24825,[CAR],there's nothing else though with cupboard doors on that you can use like you do with that.,,,34.0
9181653,24825,[CAR],ah.,,,34.0
9181668,24825,[CHI],yeah.,,,34.0
9181679,24825,[CHI],what's this?,1.0,,34.0
9181704,24825,[CHI],where's my boxes?,0.0,,34.0
9181716,24825,[CAR],yes.,,,34.0
9181731,24825,[CAR],what are we going to do with all your boxes?,,,34.0
9181748,24825,[CHI],put them in shapes.,1.0,,34.0
9181760,24825,[CAR],put them in shapes?,,,34.0
9181774,24825,[CHI],yeah.,,,34.0
9181784,24825,[CAR],you use them to build shapes with at the moment don't you?,,,34.0
9181804,24825,[CAR],when you were a baby we had that cupboard through there.,,,34.0
9181819,24825,[CHI],mhm.,,,34.0
9181833,24825,[CAR],and then about the time.,,,34.0
9181853,24825,[CAR],I can't actually remember what happened when you started walking.,,,34.0
9181871,24825,[CAR],I don't think you really tried to open the cupboards.,,,34.0
9181883,24825,[CAR],I can't remember.,,,34.0
9181901,24825,[CAR],but then we had the fireplace put in didn't we?,,,34.0
9181918,24825,[CHI],mhm.,,,34.0
9181934,24825,[CAR],you hadn't been walking all that long when we had the fireplace put in.,,,34.0
9181955,24825,[CAR],and we moved that cupboard through here and we let you play with it.,,,34.0
9181973,24825,[CHI],mhm.,,,34.0
9181983,24825,[CAR],and you've played with it ever since haven't you?,,,34.0
9182002,24825,[CHI],mhm.,,,34.0
9182016,24825,[CAR],you're going to miss it.,,,34.0
9182029,24825,[CHI],mhm.,,,34.0
9182041,24825,[CAR],aah.,,,34.0
9182055,24825,[CHI],wanna play a helicopter.,-1.0,"subject, tense_aspect",34.0
9182068,24825,[CAR],you wanna play with your helicopter?,,,34.0
9182083,24825,[CHI],yes.,,,34.0
9182097,24825,[CAR],now?,,,34.0
9182115,24825,[CHI],yeah.,,,34.0
9182127,24825,[CHI],fly up the sky.,0.0,,34.0
9182160,24825,[CAR],the helicopter go flies up to the sky does it?,,,34.0
9182176,24825,[CHI],yeah.,,,34.0
9182190,24825,[CHI],okay.,,,34.0
9182201,24825,[CAR],you enjoying those Quavers?,,,34.0
9182219,24825,[CHI],no.,,,34.0
9182236,24825,[CHI],it's a suitsuit.,0.0,,34.0
9182245,24825,[CAR],what's a suitsuit.,,,34.0
9182259,24825,[CHI],over there is the suitsuit.,0.0,,34.0
9182271,24825,[CAR],pardon?,,,34.0
9182286,24825,[CHI],my Quaver's a suitsuit.,0.0,,34.0
9182308,24825,[CAR],your Quaver's a suitsuit?,,,34.0
9182327,24825,[CHI],yeah.,,,34.0
9182343,24825,[CAR],what're suitsuits Thomas?,,,34.0
9182361,24825,[CHI],I don't know.,1.0,,34.0
9182380,24825,[CAR],no.,,,34.0
9182393,24825,[CAR],I don't know either.,,,34.0
9182415,24825,[CAR],I think you just made it up.,,,34.0
9182434,24825,[CHI],a a giraffe is suitsuit.,-1.0,determiner,34.0
9182452,24825,[CAR],pardon?,,,34.0
9182466,24825,[CHI],giraffe is suitsuit.,-1.0,determiner,34.0
9182478,24825,[CAR],a giraffe?,,,34.0
9182490,24825,[CHI],mhm.,,,34.0
9182501,24825,[CHI],my dustbin lorry.,0.0,,34.0
9182513,24825,[CAR],are you?,,,34.0
9182526,24825,[CAR],you're eating those crisps very noisily.,,,34.0
9182554,24825,[CAR],aren't you?,,,34.0
9182584,24825,[CAR],you're being a noisy boy.,,,34.0
9182612,24825,[CAR],and after we've had lunch Mummy has got some cleaning up to do.,,,34.0
9182635,24825,[CHI],mhm.,,,34.0
9182650,24825,[CAR],and then shall we see if we can go for another little walk?,,,34.0
9182671,24825,[CAR],if it's not raining too hard.,,,34.0
9182690,24825,[CHI],boo.,,,34.0
9182698,24825,[CAR],you're just making up silly words and I'm trying to have a conversation with you.,,,34.0
9182772,24825,[CHI],my say boo boo.,-1.0,"subject, sv_agreement",34.0
9182806,24825,[CHI],um.,,,34.0
9182813,24825,[CAR],I tell you what we'll hafta do Thomas.,,,34.0
9182830,24825,[CAR],we'll hafta ask Lyn.,,,34.0
9182847,24825,[CHI],yeah.,,,34.0
9182856,24825,[CAR],if her and Ben and Charlotte wanna go to the airport again one day.,,,34.0
9182869,24825,[CAR],because we had a lot of fun that day we went didn't we?,,,34.0
9182889,24825,[CHI],mhm.,,,34.0
9182903,24825,[CAR],shall we try and do that?,,,34.0
9182916,24825,[CHI],mhm.,,,34.0
9182930,24825,[CHI],more suitsuits.,0.0,,34.0
9182942,24825,[CHI],more suitsuits.,0.0,,34.0
9182951,24825,[CAR],I don't know what you mean when you say suitsuits.,,,34.0
9182964,24825,[CHI],no.,,,34.0
9182977,24825,[CAR],I don't think you know what you mean either do you?,,,34.0
9182997,24825,[CHI],psh.,,,34.0
9183009,24825,[CHI],dustbin wagon said.,-1.0,determiner,34.0
9183023,24825,[CAR],oh is that what the dustbin wagon said?,,,34.0
9183042,24825,[CAR],is that noise he makes when he's lifting up the bags?,,,34.0
9183060,24825,[CHI],oooo.,,,34.0
9183072,24825,[CHI],weewee.,,,34.0
9183085,24825,[CAR],we saw him yesterday didn't we?,,,34.0
9183099,24825,[CHI],yeah.,,,34.0
9183115,24825,[CAR],and going to toddler group this morning we saw all the bin bags out on the other housing estate.,,,34.0
9183131,24825,[CAR],so we know that they have their bins emptied today.,,,34.0
9183146,24825,[CAR],actually what we should do Thomas.,,,34.0
9183161,24825,[CAR],we should have a little walk up there later on.,,,34.0
9183175,24825,[CHI],mhm.,,,34.0
9183189,24825,[CHI],yes.,,,34.0
9183202,24825,[CAR],because we know that they weren't collected when we came home about twelve o'clock.,,,34.0
9183218,24825,[CHI],mhm.,,,34.0
9183230,24825,[CAR],it was about between twelve and half past when we came home.,,,34.0
9183248,24825,[CHI],not on the tape.,-1.0,verb,34.0
9183263,24825,[CHI],a dustbin wagon come.,-1.0,tense_aspect,34.0
9183283,24825,[CAR],no we didn't manage to get it on tape yesterday did we?,,,34.0
9183299,24825,[CHI],no.,,,34.0
9183314,24825,[CHI],dustbin wagon pulled up.,-1.0,determiner,34.0
9183326,24825,[CAR],yes that's right.,,,34.0
9183341,24825,[CAR],because we'd just come home.,,,34.0
9183355,24825,[CAR],after Jo and Becky had finished their lunch.,,,34.0
9183366,24825,[CAR],we all walked to their house didn't we?,,,34.0
9183386,24825,[CAR],to pick up the dogs.,,,34.0
9183401,24825,[CAR],to take the dog for a walk.,,,34.0
9183422,24825,[CHI],mhm.,,,34.0
9183431,24825,[CAR],and then when we were walking home we heard the dustbin lorry.,,,34.0
9183452,24825,[CAR],and we'd just walked in the door when he arrived.,,,34.0
9183465,24825,[CAR],so you watched him from the window but we hadn't got time to set a tape up yesterday had we?,,,34.0
9183481,24825,[CAR],like we normally do.,,,34.0
9183497,24825,[CHI],no.,,,34.0
9183516,24825,[CAR],we hadta do it much later on.,,,34.0
9183530,24825,[CAR],after the dustbin man had gone home.,,,34.0
9183544,24825,[CAR],but you saw him yesterday didn't you?,,,34.0
9183563,24825,[CHI],yeah.,,,34.0
9183585,24825,[CAR],what have you done?,,,34.0
9183600,24825,[CAR],put your Quavers all round the side of your plate?,,,34.0
9183628,24825,[CHI],yeah.,,,34.0
9183642,24825,[CHI],make some dustbin bags.,0.0,,34.0
9183660,24825,[CAR],oh I see.,,,34.0
9183681,24825,[CAR],you're pretending they're dustbin bags are you?,,,34.0
9183700,24825,[CHI],yeah.,,,34.0
9183712,24825,[CAR],what are the sausage rolls?,,,34.0
9183732,24825,[CAR],houses?,,,34.0
9183746,24825,[CHI],yeah.,,,34.0
9183763,24825,[CAR],the sausage rolls are houses.,,,34.0
9183781,24825,[CAR],well it's a sausage roll cut into pieces.,,,34.0
9183795,24825,[CAR],and the Quavers are dustbin bags.,,,34.0
9183815,24825,[CAR],well that's very exciting isn't it?,,,34.0
9183830,24825,[CHI],mhm.,,,34.0
9183843,24825,[CAR],we've got some little cakes that need eating up Thomas.,,,34.0
9183855,24825,[CHI],yes.,,,34.0
9183869,24825,[CAR],we've got Sonia and Isabel coming on Thursday.,,,34.0
9183886,24825,[CAR],I'll just have a look at these cakes and see if I think they're going to keep.,,,34.0
9183907,24825,[CAR],and if they're not I might put them in the freezer.,,,34.0
9183922,24825,[CAR],what date is it today Thomas?,,,34.0
9183939,24825,[CHI],aah.,,,34.0
9183952,24825,[CAR],oh that's really lovely Thomas.,,,34.0
9183967,24825,[CAR],you like blueberries.,,,34.0
9183980,24825,[CHI],that cheese cold.,-1.0,verb,34.0
9183998,24825,[CAR],cheese is cold?,,,34.0
9184021,24825,[CHI],yeah.,,,34.0
9184034,24825,[CAR],just come out of the fridge.,,,34.0
9184051,24825,[CAR],does it taste nice?,,,34.0
9184073,24825,[CHI],no.,,,34.0
9184088,24825,[CAR],I'm sure it does.,,,34.0
9184104,24825,[CAR],oh no Thomas.,,,34.0
9184117,24825,[CAR],don't do that.,,,34.0
9184143,24825,[CAR],that's not nice.,,,34.0
9184162,24825,[CHI],psh.,,,34.0
9184176,24825,[CHI],huh.,,,34.0
9184194,24825,[CAR],you giving the cheese a drink of juice?,,,34.0
9184211,24825,[CHI],mhm.,,,34.0
9184228,24825,[CHI],it's water.,1.0,,34.0
9184242,24825,[CHI],Fireman_Sam water.,0.0,,34.0
9184253,24825,[CAR],oh I see.,,,34.0
9184269,24825,[CAR],you're pretending it's a fire and you're using your water to put the drink the fire out.,,,34.0
9184288,24825,[CHI],I'm Fireman_Sam Thomas.,1.0,,34.0
9184304,24825,[CHI],some bit of cheese on lids.,-1.0,"verb, plural",34.0
9184318,24825,[CAR],would you like your nose wiping?,,,34.0
9184333,24825,[CAR],it's running again isn't it?,,,34.0
9184349,24825,[CHI],no.,,,34.0
9184365,24825,[CAR],don't use your sleeve.,,,34.0
9184383,24825,[CAR],you muck tub.,,,34.0
9184403,24825,[CHI],Fireman_Sam's laughing.,1.0,,34.0
9184434,24825,[CAR],well Fireman_Sam's naughty.,,,34.0
9184449,24825,[CAR],I bet Fireman_Sam and Postman_Pat don't use their sleeve.,,,34.0
9184465,24825,[CAR],I bet they use a tissue or a handkerchief.,,,34.0
9184485,24825,[CHI],fine now.,-1.0,"subject, verb",34.0
9184508,24825,[CHI],I fine.,-1.0,verb,34.0
9184526,24825,[CAR],you're fine?,,,34.0
9184550,24825,[CHI],yeah.,,,34.0
9184565,24825,[CAR],that taste really good?,,,34.0
9184585,24825,[CHI],mhm.,,,34.0
9184602,24825,[CHI],yes it is.,1.0,,34.0
9184616,24825,[CAR],I think you're enjoying the tomato sauce as well aren't you?,,,34.0
9184639,24825,[CHI],yes.,,,34.0
9184670,24825,[CHI],oh look.,1.0,,34.0
9184685,24825,[CHI],dustbin bag's on the floor.,-1.0,determiner,34.0
9184699,24825,[CHI],there.,,,34.0
9184730,24825,[CAR],you've dropped one Quaver.,,,34.0
9184747,24825,[CAR],are you saying it's a dustbin bag on the floor?,,,34.0
9184766,24825,[CAR],there you are.,,,34.0
9184777,24825,[CAR],I've really enjoyed that.,,,34.0
9184795,24825,[CHI],buy some more Quavers the shop.,-1.0,"subject, tense_aspect",34.0
9184817,24825,[CHI],not got any more.,-1.0,"subject, auxiliary",34.0
9184832,24825,[CAR],no.,,,34.0
9184854,24825,[CAR],we haven't got any more Quavers.,,,34.0
9184876,24825,[CAR],but then I think one packet's enough a day don't you?,,,34.0
9184894,24825,[CHI],yeah.,,,34.0
9184917,24825,[CHI],I want some crisps.,1.0,,34.0
9184927,24825,[CAR],no.,,,34.0
9184940,24825,[CHI],yeah.,,,34.0
9184954,24825,[CAR],no.,,,34.0
9184974,24825,[CAR],you've had Quavers instead of crisps.,,,34.0
9184988,24825,[CHI],want some crisps now.,-1.0,subject,34.0
9185013,24825,[CAR],I think you've had plenty really Thomas.,,,34.0
9185028,24825,[CAR],you've had sausage rolls.,,,34.0
9185051,24825,[CAR],cheese.,,,34.0
9185069,24825,[CHI],on there.,1.0,,34.0
9185085,24825,[CAR],you've had Quavers.,,,34.0
9185098,24825,[CHI],beebaa beebaa beebaa.,0.0,,34.0
9185109,24825,[CHI],fire engine said.,-1.0,determiner,34.0
9185124,24825,[CAR],is that what the fire engine said?,,,34.0
9185148,24825,[CHI],mhm.,,,34.0
9185165,24825,[CAR],well where's the fire?,,,34.0
9185193,24825,[CHI],uh.,,,34.0
9185208,24825,[CHI],up here.,1.0,,34.0
9185228,24825,[CAR],up here?,,,34.0
9185242,24825,[CAR],would you like the other half of this cake Thomas?,,,34.0
9185275,24825,[CHI],no thanks.,1.0,,34.0
9185293,24825,[CAR],sure?,,,34.0
9185304,24825,[CAR],it's my fire engine cake.,,,34.0
9185322,24825,[CAR],your fire engine cake?,,,34.0
9185344,24825,[CHI],is my fireman's.,-1.0,subject,34.0
9185357,24825,[CHI],look like like a mixer.,-1.0,"subject, sv_agreement",34.0
9185379,24825,[CHI],like a mixer.,-1.0,"subject, verb",34.0
9185391,24825,[CHI],look look.,1.0,,34.0
9185407,24825,[CHI],Fireman_Sam building a house.,0.0,,34.0
9185421,24825,[CAR],is he?,,,34.0
9185434,24825,[CAR],what did you say before that?,,,34.0
9185457,24825,[CAR],like a mister or?,,,34.0
9185470,24825,[CHI],like a sausage roll thing.,1.0,,34.0
9185493,24825,[CAR],like a sausage roll thing.,,,34.0
9185512,24825,[CAR],no.,,,34.0
9185531,24825,[CAR],you said something before when you were turning your juice bottle round.,,,34.0
9185546,24825,[CAR],what did you say?,,,34.0
9185562,24825,[CHI],mixer.,,,34.0
9185584,24825,[CAR],oh.,,,34.0
9185594,24825,[CAR],like a mixer?,,,34.0
9185611,24825,[CHI],yeah.,,,34.0
9185628,24825,[CAR],you're meaning a cement mixer.,,,34.0
9185640,24825,[CAR],it goes round and round.,,,34.0
9185658,24825,[CHI],look.,,,34.0
9185672,24825,[CAR],we saw a cement mixer this morning didn't we?,,,34.0
9185687,24825,[CHI],just one.,1.0,,34.0
9185709,24825,[CAR],just one.,,,34.0
9185731,24825,[CAR],what was near it?,,,34.0
9185744,24825,[CHI],skip.,,,34.0
9185764,24825,[CAR],a skip.,,,34.0
9185775,24825,[CHI],a skip.,1.0,,34.0
9185787,24825,[CHI],lots lots bricks on it.,-1.0,"subject, verb",34.0
9185799,24825,[CHI],lots_of bricks on it.,-1.0,"subject, verb",34.0
9185818,24825,[CAR],did the skip have a lot of bricks on it?,,,34.0
9185838,24825,[CHI],yeah.,,,34.0
9185849,24825,[CHI],bang!,,,34.0
9185863,24825,[CAR],no.,,,34.0
9185877,24825,[CAR],don't bang the dish.,,,34.0
9185891,24825,[CHI],it's a firework.,1.0,,34.0
9185909,24825,[CAR],is it a firework?,,,34.0
9185928,24825,[CAR],no you mustn't.,,,34.0
9185945,24825,[CAR],oh yes.,,,34.0
9185963,24825,[CAR],I see what you mean.,,,34.0
9185977,24825,[CAR],I think it's the air trapped in the beaker and it's making that sort of whoosh noise.,,,34.0
9185998,24825,[CAR],isn't it?,,,34.0
9186013,24825,[CAR],that the firework makes.,,,34.0
9186028,24825,[CAR],don't keep banging it Thomas.,,,34.0
9186044,24825,[CAR],the lid'll come off.,,,34.0
9186070,24825,[CAR],no.,,,34.0
9186082,24825,[CHI],that's a firework.,1.0,,34.0
9186097,24825,[CAR],no.,,,34.0
9186116,24825,[CAR],no.,,,34.0
9186132,24825,[CHI],not that firework.,0.0,,34.0
9186147,24825,[CAR],no.,,,34.0
9186163,24825,[CHI],not lid off like that.,-1.0,"verb, determiner",34.0
9186179,24825,[CAR],no.,,,34.0
9186186,24825,[CAR],well if you keep banging it on the table Thomas the lid will come off the juice will spill and Mummy will be cross.,,,34.0
9186207,24825,[CHI],no.,,,34.0
9186219,24825,[CHI],Mummy not cross.,-1.0,auxiliary,34.0
9186243,24825,[CAR],no I'm not cross now but I will be if the juice gets spilt.,,,34.0
9186259,24825,[CHI],want wanna get down now and wash my hands.,-1.0,subject,34.0
9186276,24825,[CAR],you wanna get down and wash your hands.,,,34.0
9186297,24825,[CAR],okay.,,,34.0
9186311,24825,[CAR],what about that last mouthful of sausage roll?,,,34.0
9186328,24825,[CHI],no.,,,34.0
9186348,24825,[CAR],you've had enough have you?,,,34.0
9186360,24825,[CHI],yeah.,,,34.0
9186372,24825,[CHI],wet.,,,34.0
9186382,24825,[CAR],oh silly_billy.,,,34.0
9186393,24825,[CHI],yes.,,,34.0
9186407,24825,[CAR],did you enjoy that Thomas?,,,34.0
9186424,24825,[CHI],yeah.,,,34.0
9186434,24825,[CHI],I Bella's.,-1.0,verb,34.0
9186443,24825,[CAR],Bella's?,,,34.0
9186454,24825,[CHI],in two two months.,-1.0,"subject, verb",34.0
9186467,24825,[CAR],what are you saying darling about Bella?,,,34.0
9186475,24825,[CHI],I Bella and three months.,-1.0,"verb, other",34.0
9186496,24825,[CAR],you're Bella and three months?,,,34.0
9186509,24825,[CHI],yeah.,,,34.0
9186523,24825,[CAR],not quite sure what you mean.,,,34.0
9186535,24825,[CAR],you're Bella in three months?,,,34.0
9186550,24825,[CHI],yeah.,,,34.0
9186571,24825,[CAR],you're going to be three.,,,34.0
9186592,24825,[CHI],in April.,1.0,,34.0
9186607,24825,[CAR],in April.,,,34.0
9186628,24825,[CAR],what date in April?,,,34.0
9186645,24825,[CHI],uh the.,-1.0,subject,34.0
9186657,24825,[CAR],the third of April.,,,34.0
9186670,24825,[CAR],Thomas will be three.,,,34.0
9186688,24825,[CHI],mhm.,,,34.0
9186703,24825,[CAR],the first birthday in the year two thousand.,,,34.0
9186718,24825,[CAR],you're the first in the family to have a birthday in the year two thousand.,,,34.0
9186734,24825,[CHI],yeah.,,,34.0
9186747,24825,[CAR],your birthday's in April.,,,34.0
9186768,24825,[CAR],Mummy's and Grandad's in May.,,,34.0
9186789,24825,[CHI],yeah.,,,34.0
9186822,24825,[CHI],Daddy's.,,,34.0
9186842,24825,[CAR],Daddy's is in October.,,,34.0
9186860,24825,[CHI],yeah.,,,34.0
9186872,24825,[CHI],and Daddy's six.,0.0,,34.0
9186888,24825,[CAR],Daddy's six is he?,,,34.0
9186900,24825,[CAR],in October.,,,34.0
9186912,24825,[CAR],and Grandma Grandma_Bealby.,,,34.0
9186923,24825,[CAR],her birthday's in October.,,,34.0
9186946,24825,[CAR],and so does Uncle_David and Aunty_Sharon.,,,34.0
9186959,24825,[CHI],yes.,,,34.0
9186974,24825,[CHI],and David.,1.0,,34.0
9186988,24825,[CAR],and David.,,,34.0
9187003,24825,[CAR],and then in December it's Grandma and Purdie.,,,34.0
9187023,24825,[CHI],yeah.,,,34.0
9187032,24825,[CAR],but you're the first one in the year two thousand.,,,34.0
9187047,24825,[CHI],like Bella.,1.0,,34.0
9187062,24825,[CAR],you're Bella are you?,,,34.0
9187080,24825,[CHI],yeah.,,,34.0
9187096,24825,[CAR],how old is Bella?,,,34.0
9187113,24825,[CHI],I I three.,0.0,,34.0
9187127,24825,[CAR],is Bella three?,,,34.0
9187142,24825,[CHI],yeah.,,,34.0
9187156,24825,[CAR],one of the Tweenies had a birthday the other day.,,,34.0
9187181,24825,[CAR],was it Bella?,,,34.0
9187192,24825,[CHI],yeah.,,,34.0
9187213,24825,[CAR],and that is that how you know she's three?,,,34.0
9187226,24825,[CHI],yeah.,,,34.0
9187240,24825,[CAR],and how old will Charlotte be in February?,,,34.0
9187257,24825,[CHI],three.,,,34.0
9187270,24825,[CAR],no.,,,34.0
9187286,24825,[CAR],Charlotte will be two.,,,34.0
9187299,24825,[CHI],mhm.,,,34.0
9187310,24825,[CHI],like Bella three.,-1.0,"verb, other",34.0
9187323,24825,[CAR],Ben's three.,,,34.0
9187337,24825,[CAR],Ben was three in August wasn't he?,,,34.0
9187352,24825,[CHI],mhm.,,,34.0
9187366,24825,[CAR],so this coming August Ben will be four.,,,34.0
9187384,24825,[CHI],mhm.,,,34.0
9187401,24825,[CAR],and Isabel three.,,,34.0
9187411,24825,[CHI],yeah.,,,34.0
9187437,24825,[CAR],and Becky will be two in June.,,,34.0
9187443,24825,[CHI],mhm.,,,34.0
9187456,24825,[CAR],and we went to a birthday party early in January and that was Abigail's and she was one wasn't she?,,,34.0
9187477,24825,[CAR],you've got a girlfriend of one.,,,34.0
9187499,24825,[CAR],a girlfriend who will be two in June.,,,34.0
9187525,24825,[CHI],yeah.,,,34.0
9187537,24825,[CAR],and a girlfriend who's three.,,,34.0
9187545,24825,[CAR],Isabel.,,,34.0
9187562,24825,[CHI],yeah.,,,34.0
9187580,24825,[CHI],Bella looking at something.,-1.0,present_progressive,34.0
9187594,24825,[CAR],what's Bella looking at now?,,,34.0
9187609,24825,[CHI],I don't know.,1.0,,34.0
9187633,24825,[CAR],oops.,,,34.0
9187645,24825,[CAR],you don't know?,,,34.0
9187657,24825,[CAR],oh I've just dropped the cheese on the floor Thomas.,,,34.0
9187669,24825,[CHI],oh never mind.,1.0,,34.0
9187677,24825,[CAR],never mind.,,,34.0
9187690,24825,[CHI],Noo_Noo sweep it up.,0.0,,34.0
9187705,24825,[CAR],who's going to sweep it up?,,,34.0
9187713,24825,[CHI],Noo_Noo.,1.0,,34.0
9187731,24825,[CAR],Noo_Noo the vacuum cleaner.,,,34.0
9187741,24825,[CAR],right.,,,34.0
9187763,24825,[CHI],not need Noo_Noo.,-1.0,subject,34.0
9187791,24825,[CHI],Mummy need sweep Purdie all up.,-1.0,sv_agreement,34.0
9187809,24825,[CAR],ah.,,,34.0
9187829,24825,[CAR],I'm not going to sweep Purdie all up.,,,34.0
9187844,24825,[CHI],yes.,,,34.0
9187856,24825,[CAR],no.,,,34.0
9187870,24825,[CAR],Purdie's my little pal.,,,34.0
9187885,24825,[CHI],Grandad's pal.,1.0,,34.0
9187903,24825,[CAR],Grandad's pal.,,,34.0
9187921,24825,[CAR],you're Grandad's pal now aren't you?,,,34.0
9187937,24825,[CAR],but if I sweep Purdie all up I won't have a pussy cat.,,,34.0
9187954,24825,[CHI],no.,,,34.0
9187965,24825,[CAR],that would make me very sad.,,,34.0
9187980,24825,[CHI],make you cross.,0.0,,34.0
9187989,24825,[CAR],I'd be more than cross.,,,34.0
9188004,24825,[CAR],I'll be very very upset when anything happens to Purdie.,,,34.0
9188018,24825,[CHI],not like you.,-1.0,"subject, auxiliary",34.0
9188026,24825,[CAR],who doesn't like me?,,,34.0
9188039,24825,[CHI],your head like a sausage.,-1.0,verb,34.0
9188050,24825,[CAR],you don't like me.,,,34.0
9188061,24825,[CAR],my hair's like a sausage.,,,34.0
9188072,24825,[CAR],oh well I'm sorry.,,,34.0
9188086,24825,[CHI],you'll cry.,1.0,,34.0
9188105,24825,[CAR],I will cry if you keep saying things like that to me.,,,34.0
9188120,24825,[CAR],it's very upsetting.,,,34.0
9188137,24825,[CAR],no.,,,34.0
9188148,24825,[CAR],don't touch.,,,34.0
9188159,24825,[CHI],you're dog poo.,1.0,,34.0
9188175,24825,[CAR],no Thomas.,,,34.0
9188189,24825,[CAR],that's not pleasant.,,,34.0
9188204,24825,[CHI],my blue.,0.0,,34.0
9188211,24825,[CAR],am I blue?,,,34.0
9188227,24825,[CHI],yeah.,,,34.0
9188239,24825,[CAR],ugh.,,,34.0
9188264,24825,[CHI],Thomas green.,-1.0,verb,34.0
9188272,24825,[CAR],you're green.,,,34.0
9188286,24825,[CAR],ugh.,,,34.0
9188314,24825,[CHI],Daddy's blue.,1.0,,34.0
9188328,24825,[CAR],we do that at night don't we?,,,34.0
9188344,24825,[CAR],is Daddy blue as well?,,,34.0
9188358,24825,[CAR],we do this at night don't we?,,,34.0
9188374,24825,[CAR],when you're going to bed.,,,34.0
9188388,24825,[CHI],yeah.,,,34.0
9188400,24825,[CAR],you often tell me that you're a snake.,,,34.0
9188412,24825,[CHI],yeah.,,,34.0
9188420,24825,[CAR],and I say.,,,34.0
9188434,24825,[CAR],what color is the snake?,,,34.0
9188448,24825,[CAR],and you say I'm purple and Mummy goes ugh.,,,34.0
9188463,24825,[CHI],yeah.,,,34.0
9188475,24825,[CAR],I don't like the thought of sharing a bed with a purple snake.,,,34.0
9188490,24825,[CHI],no.,,,34.0
9188498,24825,[CHI],a purple snake.,0.0,,34.0
9188516,24825,[CHI],a purple snake now.,0.0,,34.0
9188532,24825,[CAR],you're a purple snake now?,,,34.0
9188546,24825,[CHI],not Bella now.,-1.0,"subject, verb",34.0
9188556,24825,[CAR],you're not Bella you're a purple snake are you?,,,34.0
9188569,24825,[CAR],I've only got one thing to say to that.,,,34.0
9188581,24825,[CAR],ugh!,,,34.0
9188596,24825,[CAR],you're putting your tongue out.,,,34.0
9188607,24825,[CAR],ooh.,,,34.0
9188617,24825,[CAR],put your tongue out again.,,,34.0
9188633,24825,[CAR],what an awful color.,,,34.0
9188648,24825,[CAR],oh it's the blackcurrant juice.,,,34.0
9188677,24825,[CAR],I thought you'd got some deadly disease because your tongue has gone black.,,,34.0
9188696,24825,[CAR],I've just realized what it is.,,,34.0
9188712,24825,[CHI],my black.,-1.0,verb,34.0
9188721,24825,[CAR],it's your blackcurrant juice.,,,34.0
9188733,24825,[CAR],it has made your tongue go a very dark purple black color.,,,34.0
9188763,24825,[CHI],brown brown brown.,0.0,,34.0
9188777,24825,[CAR],ugh.,,,34.0
9188787,24825,[CAR],you came into Mummy and Daddy's bed this morning didn't you?,,,34.0
9188807,24825,[CHI],yes.,,,34.0
9188817,24825,[CAR],about quarter to five.,,,34.0
9188826,24825,[CAR],I didn't know you were there till I woke up this morning.,,,34.0
9188840,24825,[CAR],did Daddy lift you in?,,,34.0
9188852,24825,[CHI],yes.,,,34.0
9188863,24825,[CAR],did Daddy bring you through or did you come on your own?,,,34.0
9188877,24825,[CHI],come my own.,-1.0,"subject, tense_aspect, preposition",34.0
9188889,24825,[CAR],did you come through on your own?,,,34.0
9188905,24825,[CHI],yeah.,,,34.0
9188922,24825,[CAR],because Daddy said it was quarter to five this morning.,,,34.0
9188935,24825,[CAR],did you wake Daddy up when you came in?,,,34.0
9188952,24825,[CHI],yeah.,,,34.0
9188966,24825,[CAR],what did you say to him?,,,34.0
9188984,24825,[CHI],Dad Dad!,1.0,,34.0
9188997,24825,[CAR],oh_gosh.,,,34.0
9189011,24825,[CAR],no wonder he woke up.,,,34.0
9189029,24825,[CAR],I didn't hear you.,,,34.0
9189046,24825,[CHI],uh je look.,1.0,,34.0
9189060,24825,[CHI],I see something on stairs.,-1.0,determiner,34.0
9189085,24825,[CAR],what can you see?,,,34.0
9189101,24825,[CHI],see la see La_La on see Lala on something.,-1.0,subject,34.0
9189118,24825,[CAR],Lala's on your coat isn't she?,,,34.0
9189132,24825,[CHI],yeah.,,,34.0
9189147,24825,[CAR],yes.,,,34.0
9189170,24825,[CAR],Lala.,,,34.0
9189189,24825,[CAR],one of the Teletubbies.,,,34.0
9189208,24825,[CAR],we were playing with those yesterday with Jo and Becky weren't we?,,,34.0
9189229,24825,[CHI],mhm.,,,34.0
9189246,24825,[CAR],and La_La looks like she has curled up and gone to sleep on your coat.,,,34.0
9189268,24825,[CHI],yes.,,,34.0
9189284,24825,[CAR],we'll hafta move your coat back on to the coat stand I think.,,,34.0
9189304,24825,[CHI],wake up La_La!,1.0,,34.0
9189317,24825,[CAR],wake up La_La.,,,34.0
9189338,24825,[CHI],Lala's not waking up.,1.0,,34.0
9189362,24825,[CAR],is she not?,,,34.0
9189375,24825,[CAR],she must be very tired.,,,34.0
9189394,24825,[CHI],yeah.,,,34.0
9189405,24825,[CAR],well just finish washing your hands and I'll go and see if she wants to wake up.,,,34.0
9189426,24825,[CHI],yeah.,,,34.0
9189440,24825,[CHI],Mummy.,,,34.0
9189459,24825,[CHI],my my my fireman my policeman.,0.0,,34.0
9189476,24825,[CAR],you're a policeman?,,,34.0
9189493,24825,[CHI],mhm.,,,34.0
9189507,24825,[CAR],you're a lot of things in a day Thomas.,,,34.0
9189525,24825,[CHI],yeah.,,,34.0
9189538,24825,[CAR],you've been a fireman.,,,34.0
9189550,24825,[CAR],a blue snake or a purple snake.,,,34.0
9189565,24825,[CAR],and now you're a policeman.,,,34.0
9189582,24825,[CHI],yeah.,,,34.0
9189598,24825,[CAR],no wonder you are tired at night.,,,34.0
9189616,24825,[CHI],I've just got whiskers.,0.0,,34.0
9189631,24825,[CAR],who has got whiskers?,,,34.0
9189643,24825,[CHI],policeman.,,,34.0
9189656,24825,[CAR],has he?,,,34.0
9189673,24825,[CHI],yeah.,,,34.0
9189687,24825,[CAR],P_C_Plod.,,,34.0
9189698,24825,[CHI],yeah.,,,34.0
9189713,24825,[CAR],P_C_Plod in Noddy.,,,34.0
9189726,24825,[CAR],he has whiskers doesn't he?,,,34.0
9189745,24825,[CHI],mhm.,,,34.0
9189756,24825,[CHI],brrr.,,,34.0
9189772,24825,[CHI],is what policeman say.,-1.0,subject,34.0
9189793,24825,[CHI],policeman say.,-1.0,"determiner, sv_agreement",34.0
9189804,24825,[CAR],what does the policeman say?,,,34.0
9189818,24825,[CHI],I don't know.,1.0,,34.0
9189835,24825,[CAR],he usually goes looking for naughty boys doesn't he?,,,34.0
9189850,24825,[CHI],yeah.,,,34.0
9189863,24825,[CAR],the policeman drives up and down looking for naughty boys.,,,34.0
9189877,24825,[CAR],but if ever you're in trouble.,,,34.0
9189884,24825,[CAR],and I don't mean trouble naughty trouble.,,,34.0
9189899,24825,[CAR],if ever you got lost or you needed any help.,,,34.0
9189921,24825,[CAR],a policeman's a really good man to ask.,,,34.0
9189936,24825,[CAR],so don't be frightened of policeman will you?,,,34.0
9189955,24825,[CHI],no.,,,34.0
9189969,24825,[CAR],because policeman only put naughty boys in the back of the van.,,,34.0
9189985,24825,[CHI],yeah.,,,34.0
9190001,24825,[CAR],and as long as you're being a good boy they're going to be nice to you aren't they?,,,34.0
9190023,24825,[CHI],yeah.,,,34.0
9190035,24825,[CAR],so if ever you get lost.,,,34.0
9190045,24825,[CAR],if ever anything happened like we were shopping together and you ran away from Mummy and got lost.,,,34.0
9190062,24825,[CHI],yeah.,,,34.0
9190079,24825,[CAR],don't ever be frightened of a policeman will you?,,,34.0
9190096,24825,[CAR],go up to him and say I've lost my mummy.,,,34.0
9190120,24825,[CAR],because they'll be very kind to boys who are not naughty.,,,34.0
9190132,24825,[CHI],no.,,,34.0
9190149,24825,[CAR],so if ever you need help ask a policeman.,,,34.0
9190166,24825,[CHI],mhm.,,,34.0
9190180,24825,[CAR],yeah.,,,34.0
9190194,24825,[CHI],ask Mummy.,-1.0,"subject, tense_aspect",34.0
9190206,24825,[CAR],well you could ask Mummy.,,,34.0
9190222,24825,[CAR],yes.,,,34.0
9190233,24825,[CHI],and I not seen a big bear.,-1.0,auxiliary,34.0
9190254,24825,[CHI],Mummy.,,,34.0
9190269,24825,[CHI],a big bear has eaten Mummy all up.,1.0,,34.0
9190284,24825,[CAR],oh.,,,34.0
9190297,24825,[CAR],well yes.,,,34.0
9190309,24825,[CAR],you could tell the policeman if a big bear ate Mummy all up.,,,34.0
9190327,24825,[CAR],I'd be quite glad if you told the policeman.,,,34.0
9190344,24825,[CAR],and they'd ask and they'd say.,,,34.0
9190360,24825,[CAR],Mister Lastname what was the big bear like that ate your Mummy up?,,,34.0
9190378,24825,[CAR],and you'd hafta give them a big description wouldn't you?,,,34.0
9190396,24825,[CHI],yeah.,,,34.0
9190408,24825,[CHI],Mummy a big sausage.,0.0,,34.0
9190425,24825,[CHI],policeman.,,,34.0
9190441,24825,[CAR],ooh.,,,34.0
9190469,24825,[CAR],well if Mummy's hair looks like a sausage that's perhaps why the the bear ate me up.,,,34.0
9190487,24825,[CAR],because it didn't realize.,,,34.0
9190502,24825,[CAR],thought I was a big juicy sausage.,,,34.0
9190518,24825,[CHI],yeah.,,,34.0
9190533,24825,[CHI],yes.,,,34.0
9190546,24825,[CHI],my policeman looking for naughty boys.,-1.0,"present_progressive, preposition",34.0
9190561,24825,[CAR],yes.,,,34.0
9190577,24825,[CAR],but as I say Thomas.,,,34.0
9190593,24825,[CAR],if you need a policeman they they they put naughty boys in the back of their van but they're very very happy to help good boys.,,,34.0
9190619,24825,[CHI],yeah.,,,34.0
9190633,24825,[CAR],they talk to good boys.,,,34.0
9190649,24825,[CHI],yeah.,,,34.0
9190665,24825,[CAR],so you could talk to them couldn't you?,,,34.0
9190682,24825,[CHI],my bigger.,-1.0,"subject, verb",34.0
9190699,24825,[CAR],pardon?,,,34.0
9190709,24825,[CHI],my my big.,-1.0,"subject, verb",34.0
9190723,24825,[CHI],go another policeman like that.,-1.0,other,34.0
9190739,24825,[CAR],I'm not quite sure what you're saying.,,,34.0
9190753,24825,[CHI],a go my back my van my naughty.,-1.0,other,34.0
9190785,24825,[CAR],no no.,,,34.0
9190799,24825,[CAR],we once last summer we got in the back of a police van didn't we?,,,34.0
9190816,24825,[CAR],because we saw the policeman and the fire engine and the ambulance.,,,34.0
9190832,24825,[CAR],and the policeman put you in the back of his van and he said.,,,34.0
9190848,24825,[CAR],I never wanna see you in one of these again.,,,34.0
9190867,24825,[CAR],didn't he?,,,34.0
9190883,24825,[CHI],yeah.,,,34.0
9190893,24825,[CAR],do you remember?,,,34.0
9190905,24825,[CHI],yeah.,,,34.0
9190920,24825,[CAR],that was the day we got the little tortoise that sits outside wasn't it?,,,34.0
9190933,24825,[CHI],yeah.,,,34.0
9190949,24825,[CAR],do you remember in the summer?,,,34.0
9190964,24825,[CHI],yeah.,,,34.0
9190982,24825,[CAR],oh we were looking at the tortoise yesterday weren't we?,,,34.0
9191013,24825,[CHI],that's little friend.,-1.0,determiner,34.0
9191026,24825,[CAR],is it your little friend?,,,34.0
9191042,24825,[CHI],yeah.,,,34.0
9191052,24825,[CAR],what were you going to the the tortoise?,,,34.0
9191072,24825,[CAR],because I said Freddie and you said no.,,,34.0
9191088,24825,[CAR],you came up with a name.,,,34.0
9191104,24825,[CAR],what was it?,,,34.0
9191119,24825,[CHI],Aunty sausage man.,1.0,,34.0
9191135,24825,[CHI],Aunty sausage man.,1.0,,34.0
9191149,24825,[CAR],Aunty sausage man.,,,34.0
9191162,24825,[CHI],yes.,,,34.0
9191172,24825,[CAR],we can't call the tortoise Aunty sausage man.,,,34.0
9191189,24825,[CHI],yes.,,,34.0
9191203,24825,[CAR],but you did say something like that.,,,34.0
9191220,24825,[CAR],you did say sausage man didn't you?,,,34.0
9191240,24825,[CHI],yes.,,,34.0
9191253,24825,[CAR],well shall we call shall we call the tortoise a sausage man.,,,34.0
9191274,24825,[CHI],yes.,,,34.0
9191287,24825,[CAR],because then when you're grown up we can still talk about the sausage man and it'll remind me of Mummy remind Mummy of all the time that you asked for sausages and talked about sausages.,,,34.0
9191312,24825,[CAR],bit embarrassing though when friends ask you what your tortoise is called and you say sausage man.,,,34.0
9191348,24825,[CAR],if you've finished shall I go and get La_La for you?,,,34.0
9191375,24825,[CHI],yes.,,,34.0
9191388,24825,[CAR],going to ask her to wake up?,,,34.0
9191407,24825,[CHI],hello.,,,34.0
9191422,24825,[CHI],wake up.,1.0,,34.0
9191435,24825,[CAR],aah.,,,34.0
9191449,24825,[CAR],ah do you know.,,,34.0
9191462,24825,[CAR],it's beautiful and sunny through there Thomas.,,,34.0
9191479,24825,[CAR],it's not really too good through here but through there.,,,34.0
9191498,24825,[CHI],yes.,,,34.0
9191524,24825,[CAR],the sun's shining.,,,34.0
9191539,24825,[CHI],a policeman look uh uh uh policeman looking at nice La_La.,-1.0,present_progressive,34.0
9191562,24825,[CAR],policeman's looking at nice La_La?,,,34.0
9191576,24825,[CHI],mhm.,,,34.0
9191588,24825,[CAR],yes.,,,34.0
9191598,24825,[CAR],La_La's nice isn't she?,,,34.0
9191607,24825,[CAR],I bet La_La's not naughty.,,,34.0
9191623,24825,[CHI],hello La_La.,1.0,,34.0
9191638,24825,[CHI],policeman said hello Lala.,-1.0,determiner,34.0
9191651,24825,[CAR],hello La_La the policeman said to La_La.,,,34.0
9191668,24825,[CAR],that's a good one.,,,34.0
9191684,24825,[CHI],uh policeman La_La's money.,-1.0,verb,34.0
9191698,24825,[CAR],what's the policeman doing with La_La's money?,,,34.0
9191714,24825,[CHI],put in La_La's in La_La's La_La's pocket.,-1.0,"tense_aspect, object",34.0
9191728,24825,[CAR],oh yes.,,,34.0
9191743,24825,[CAR],La_La has got a pocket hasn't she?,,,34.0
9191757,24825,[CAR],La_La has got a bag at the back.,,,34.0
9191769,24825,[CHI],yeah.,,,34.0
9191781,24825,[CHI],thanks.,,,34.0
9191793,24825,[CHI],put your money in there.,0.0,,34.0
9191801,24825,[CHI],that's ready.,1.0,,34.0
9191812,24825,[CHI],thank you.,1.0,,34.0
9191824,24825,[CHI],bye bye La_La.,1.0,,34.0
9191834,24825,[CHI],thanks very much indeed.,1.0,,34.0
9191841,24825,[CAR],there you are.,,,34.0
9191854,24825,[CAR],you've got all the Teletubbies now.,,,34.0
9191868,24825,[CHI],hello.,,,34.0
9191881,24825,[CAR],all four of them.,,,34.0
9191896,24825,[CHI],hello Tinky_Winky.,1.0,,34.0
9191907,24825,[CHI],hello Po.,1.0,,34.0
9191919,24825,[CHI],what's La_La doing down the floor?,-1.0,preposition,34.0
9191932,24825,[CHI],Tinky_Winky said the policeman.,0.0,,34.0
9191944,24825,[CAR],Tinky_Winky asked the policeman what La_La was doing down on the floor?,,,34.0
9191960,24825,[CHI],yeah.,,,34.0
9191970,24825,[CAR],and what did you say?,,,34.0
9191982,24825,[CAR],what was La_La doing on the floor?,,,34.0
9191992,24825,[CHI],uh looking at my crumbs.,1.0,,34.0
9192007,24825,[CHI],yes.,,,34.0
9192018,24825,[CAR],looking at your crumbs?,,,34.0
9192029,24825,[CAR],yes you have made a few crumbs haven't you?,,,34.0
9192044,24825,[CHI],yes.,,,34.0
9192058,24825,[CHI],yes I know Tinky_Winky.,1.0,,34.0
9192069,24825,[CHI],I know.,1.0,,34.0
9192079,24825,[CHI],you're being naughty.,1.0,,34.0
9192093,24825,[CHI],policeman take in my van.,-1.0,"determiner, tense_aspect",34.0
9192108,24825,[CHI],yeah.,,,34.0
9192121,24825,[CHI],you're being naughty a policemen will.,-1.0,"verb, object",34.0
9192136,24825,[CHI],mhm.,,,34.0
9192149,24825,[CHI],yeah.,,,34.0
9192162,24825,[CHI],aah.,,,34.0
9192176,24825,[CAR],look.,,,34.0
9192189,24825,[CAR],there's your police car there as well.,,,34.0
9192197,24825,[CAR],oh what's Tinky_Winky telling you?,,,34.0
9192211,24825,[CHI],good words.,1.0,,34.0
9192233,24825,[CAR],what's he telling you?,,,34.0
9192238,24825,[CHI],good words.,1.0,,34.0
9192248,24825,[CAR],good words?,,,34.0
9192259,24825,[CHI],yeah.,,,34.0
9192267,24825,[CHI],aah.,,,34.0
9192277,24825,[CAR],is he?,,,34.0
9192286,24825,[CAR],aah.,,,34.0
9192296,24825,[CAR],oh that's so sweet.,,,34.0
9192304,24825,[CAR],you gave Tinky_Winky a cuddle.,,,34.0
9192316,24825,[CAR],you do look nice.,,,34.0
9192331,24825,[CHI],here you are.,1.0,,34.0
9192346,24825,[CHI],you Mummy have another cuddle Tinky_Winky.,-1.0,other,34.0
9192362,24825,[CAR],shall I cuddle Tinky_Winky?,,,34.0
9192376,24825,[CHI],yeah.,,,34.0
9192388,24825,[CAR],aah.,,,34.0
9192398,24825,[CAR],hello Tinky_Winky.,,,34.0
9192408,24825,[CHI],another cuddle.,1.0,,34.0
9192424,24825,[CHI],another cuddle Aunty_Dipsy.,1.0,,34.0
9192437,24825,[CHI],hello Aunty_Dipsy.,1.0,,34.0
9192452,24825,[CAR],you're calling Dipsy Aunty_Dipsy?,,,34.0
9192464,24825,[CHI],yeah.,,,34.0
9192474,24825,[CHI],why are you cuddling Dipsy?,1.0,,34.0
9192491,24825,[CAR],is is he alright?,,,34.0
9192503,24825,[CHI],yeah.,,,34.0
9192519,24825,[CAR],aah you look sweet with Dipsy.,,,34.0
9192534,24825,[CAR],who brought Tinky_Winky for you?,,,34.0
9192552,24825,[CHI],Aunty_Dipsy.,1.0,,34.0
9192566,24825,[CAR],Aunty_Dipsy.,,,34.0
9192580,24825,[CAR],who did uh Tinky_Winky come to you from?,,,34.0
9192592,24825,[CHI],uh.,,,34.0
9192604,24825,[CAR],that doesn't sound right.,,,34.0
9192624,24825,[CAR],who brought Tinky_Winky for you I should say?,,,34.0
9192641,24825,[CHI],Aunty_Dipsy.,1.0,,34.0
9192655,24825,[CAR],no.,,,34.0
9192668,24825,[CHI],Aunty Father_Christmas brought you.,0.0,,34.0
9192685,24825,[CAR],Father_Christmas brought Tinky_Winky didn't he?,,,34.0
9192693,24825,[CAR],Father_Christmas brought Po the first Christmas we had you.,,,34.0
9192705,24825,[CAR],but that's the Po that sits in your cot.,,,34.0
9192715,24825,[CAR],this is a different Po.,,,34.0
9192729,24825,[CAR],you got one Po upstairs for Christmas.,,,34.0
9192741,24825,[CAR],and then you got this Po for your birthday didn't you?,,,34.0
9192764,24825,[CAR],and then you got Dipsylast year.,,,34.0
9192786,24825,[CHI],yeah.,,,34.0
9192798,24825,[CAR],you got little Po for the first Christmas.,,,34.0
9192819,24825,[CAR],you got big Po for your first birthday.,,,34.0
9192834,24825,[CAR],you got Dipsy for your second birthday.,,,34.0
9192842,24825,[CHI],and tink.,,,34.0
9192853,24825,[CHI],kiss Dipsy hair.,-1.0,"subject, tense_aspect",34.0
9192868,24825,[CAR],you kiss kissed Dipsy's hair?,,,34.0
9192877,24825,[CAR],then you got Tinky_Winky at Christmas.,,,34.0
9192884,24825,[CHI],uh in a police car.,0.0,,34.0
9192898,24825,[CAR],well I think we got La_La when we were on holiday.,,,34.0
9192911,24825,[CAR],because La_La's a little backpack.,,,34.0
9192926,24825,[CHI],beebaa beebaa.,0.0,,34.0
9192937,24825,[CAR],Daddy bought you Dipsy uh La_La didn't he?,,,34.0
9192959,24825,[CAR],so that you could spill your drink.,,,34.0
9192972,24825,[CHI],put it in.,0.0,,34.0
9192988,24825,[CHI],put to on to La_La on there.,0.0,,34.0
9193003,24825,[CAR],what do you want La_La to do?,,,34.0
9193020,24825,[CAR],to sit on the back of the police car?,,,34.0
9193038,24825,[CHI],yeah.,,,34.0
9193050,24825,[CAR],she's a bit big.,,,34.0
9193065,24825,[CHI],yeah.,,,34.0
9193079,24825,[CHI],I not like her.,-1.0,auxiliary,34.0
9193091,24825,[CAR],aah don't put her on the floor Thomas.,,,34.0
9193110,24825,[CAR],not in the crumbs.,,,34.0
9193133,24825,[CAR],that's not nice.,,,34.0
9193151,24825,[CAR],poor La_La.,,,34.0
9193166,24825,[CAR],poor La_La.,,,34.0
9193181,24825,[CAR],are you going to tell Dimitra Mummy has got a cold?,,,34.0
9193198,24825,[CHI],it's very dark in there.,1.0,,34.0
9193214,24825,[CHI],in there.,1.0,,34.0
9193226,24825,[CAR],where's it very dark?,,,34.0
9193249,24825,[CAR],in the police car?,,,34.0
9193262,24825,[CHI],yeah.,,,34.0
9193278,24825,[CHI],who lives in it?,1.0,,34.0
9193293,24825,[CAR],who lives in it?,,,34.0
9193307,24825,[CHI],yeah.,,,34.0
9193323,24825,[CAR],well the naughty boy's in the back.,,,34.0
9193337,24825,[CAR],and the policeman don't want people to look at them or them to look out.,,,34.0
9193356,24825,[CAR],so they've got dark windows haven't they?,,,34.0
9193374,24825,[CHI],yeah.,,,34.0
9193385,24825,[CHI],a big back.,-1.0,verb,34.0
9193393,24825,[CHI],got a big back.,-1.0,subject,34.0
9193410,24825,[CAR],has it?,,,34.0
9193424,24825,[CHI],yeah.,,,34.0
9193439,24825,[CAR],looks like an American police car to me.,,,34.0
9193453,24825,[CHI],it's nice police car.,-1.0,determiner,34.0
9193469,24825,[CAR],it is a nice police car.,,,34.0
9193484,24825,[CAR],where did you get that from?,,,34.0
9193496,24825,[CHI],Isabel's party.,1.0,,34.0
9193507,24825,[CAR],Isabel's party.,,,34.0
9193522,24825,[CAR],yes.,,,34.0
9193536,24825,[CAR],that was one of the prizes wasn't it?,,,34.0
9193553,24825,[CAR],because you'd been a good boy.,,,34.0
9193564,24825,[CHI],wash my hair.,0.0,,34.0
9193580,24825,[CAR],well I washed your hair before going to Isabel's party.,,,34.0
9193591,24825,[CAR],yes.,,,34.0
9193602,24825,[CAR],we wash your hair anyway.,,,34.0
9193612,24825,[CAR],but before you're going to anything special like that we wash your hair don't we?,,,34.0
9193633,24825,[CHI],yes.,,,34.0
9193642,24825,[CHI],go in Daddy's car.,0.0,,34.0
9193655,24825,[CAR],yes.,,,34.0
9193668,24825,[CAR],we went in Daddy's car to Isabel's party.,,,34.0
9193678,24825,[CAR],it was very windy and wet that day wasn't it?,,,34.0
9193700,24825,[CHI],yeah.,,,34.0
9193716,24825,[CHI],Mummy.,,,34.0
9193727,24825,[CHI],bit of orange.,-1.0,determiner,34.0
9193743,24825,[CAR],where?,,,34.0
9193755,24825,[CHI],there.,,,34.0
9193768,24825,[CAR],oh you mean orange paint on the tablecloth?,,,34.0
9193795,24825,[CHI],yeah.,,,34.0
9193808,24825,[CAR],that was from something we were doing way back in October November wasn't it?,,,34.0
9193825,24825,[CAR],when we were making those leaf pictures.,,,34.0
9193838,24825,[CAR],do you remember?,,,34.0
9193853,24825,[CHI],yeah.,,,34.0
9193865,24825,[CAR],we were sticking leaves with glue on to some paper.,,,34.0
9193884,24825,[CAR],and we were sticking some on to some red paper weren't we?,,,34.0
9193896,24825,[CHI],yeah.,,,34.0
9193908,24825,[CAR],when the paper got wet with the glue the red dye came out on to the tablecloth.,,,34.0
9193921,24825,[CAR],but it's fading a lot now isn't it?,,,34.0
9193930,24825,[CAR],we keep wiping it and it looks more orange than red now.,,,34.0
9193949,24825,[CHI],yes.,,,34.0
9193962,24825,[CHI],it's orange now.,1.0,,34.0
9193977,24825,[CHI],it's orange.,1.0,,34.0
9193990,24825,[CAR],it is orange now.,,,34.0
9194007,24825,[CAR],yes.,,,34.0
9194021,24825,[CHI],that not flashing.,-1.0,verb,34.0
9194031,24825,[CAR],no no.,,,34.0
9194039,24825,[CAR],the lights on top don't work neither.,,,34.0
9194056,24825,[CHI],no.,,,34.0
9194065,24825,[CAR],red lights and blue lights.,,,34.0
9194077,24825,[CHI],purple lights.,0.0,,34.0
9194089,24825,[CAR],you can see a black light in the middle.,,,34.0
9194098,24825,[CAR],do you want your big digger?,,,34.0
9194111,24825,[CHI],yeah.,,,34.0
9194118,24825,[CAR],it's very dusty.,,,34.0
9194135,24825,[CHI],want I want a s dig Smarties.,-1.0,"other, plural",34.0
9194147,24825,[CAR],Thomas Lastname.,,,34.0
9194157,24825,[CAR],you've just this minute finished you lunch.,,,34.0
9194172,24825,[CAR],no.,,,34.0
9194186,24825,[CAR],no no no no no.,,,34.0
9194200,24825,[CHI],yeah.,,,34.0
9194214,24825,[CAR],no no.,,,34.0
9194237,24825,[CAR],no.,,,34.0
9194248,24825,[CAR],you're cheeky asking for your digger and saying you wanna dig something and then suggesting Smarties.,,,34.0
9194279,24825,[CAR],no no no no no.,,,34.0
9194290,24825,[CAR],cheeky boy.,,,34.0
9194302,24825,[CHI],yes.,,,34.0
9194317,24825,[CAR],you're a cheeky boy.,,,34.0
9194331,24825,[CHI],yes.,,,34.0
9194340,24825,[CAR],aren't you?,,,34.0
9194354,24825,[CHI],yes.,,,34.0
9194367,24825,[CAR],oh your head feels quite warm.,,,34.0
9194382,24825,[CAR],are you alright?,,,34.0
9194395,24825,[CHI],mhm.,,,34.0
9194409,24825,[CHI],wanna to dig snow.,-1.0,subject,34.0
9194424,24825,[CAR],digging snow?,,,34.0
9194434,24825,[CHI],I'd like Smarties dig snow.,-1.0,tense_aspect,34.0
9194461,24825,[CHI],a digs more digs Smarties.,-1.0,other,34.0
9194475,24825,[CAR],you wanna dig Smarties.,,,34.0
9194493,24825,[CAR],I think you're so cheeky.,,,34.0
9194512,24825,[CAR],you told me you'd had enough lunch.,,,34.0
9194528,24825,[CHI],yes.,,,34.0
9194542,24825,[CAR],and suddenly you found room for Smarties.,,,34.0
9194566,24825,[CAR],yes.,,,34.0
9194576,24825,[CAR],cheeky boy.,,,34.0
9194607,24825,[CAR],well I think what we oughta do now is get our coat on and have a little walk out to see if we can see the bin man.,,,34.0
9194628,24825,[CHI],no.,,,34.0
9194643,24825,[CAR],no.,,,34.0
9194651,24825,[CAR],and then you can have a Smartie when you come home.,,,34.0
9194668,24825,[CHI],not today again.,0.0,,34.0
9194723,24825,[CAR],cheeky.,,,34.0
9194746,24825,[CAR],cheeky cheeky boy.,,,34.0
9194761,24825,[CHI],cheeky Smarties.,1.0,,34.0
9194782,24825,[CAR],Smarties aren't cheeky.,,,34.0
9194796,24825,[CAR],you're the cheeky one.,,,34.0
9194814,24825,[CHI],digger digger going to dig Smarties.,-1.0,"subject, present_progressive",34.0
9194828,24825,[CAR],is it?,,,34.0
9194842,24825,[CHI],yeah.,,,34.0
9194854,24825,[CHI],please Mummy.,1.0,,34.0
9194870,24825,[CHI],put digger it's in the pot.,-1.0,subject,34.0
9194886,24825,[CHI],already.,,,34.0
9194895,24825,[CHI],ready.,,,34.0
9194908,24825,[CHI],digger come on.,1.0,,34.0
9194924,24825,[CHI],dig!,,,34.0
8905229,24640,[CHI],Nin_Nin.,0.0,,25.0
8905261,24640,[CAR],yes.,,,25.0
8905289,24640,[CAR],you don't bite me.,,,25.0
8905302,24640,[CAR],what are you doing shaking my hand?,,,25.0
8905318,24640,[CAR],how do you do?,,,25.0
8905333,24640,[CAR],how do you do?,,,25.0
8905345,24640,[CAR],why are you smacking Mummy?,,,25.0
8905357,24640,[CAR],poor Mummy.,,,25.0
8905382,24640,[CAR],how do you do?,,,25.0
8905398,24640,[CHI],Nin_Nin.,0.0,,25.0
8905418,24640,[CAR],yes.,,,25.0
8905432,24640,[CAR],oh making Mummy clap her hands together?,,,25.0
8905456,24640,[CAR],clap clap clap clappity clap clap clap.,,,25.0
8905472,24640,[CAR],would you like some more banana?,,,25.0
8905488,24640,[CHI],snap snap.,0.0,,25.0
8905502,24640,[CHI],Nin_Nin.,0.0,,25.0
8905521,24640,[CHI],snap snap.,0.0,,25.0
8905535,24640,[CAR],snap snap.,,,25.0
8905553,24640,[CAR],there we are.,,,25.0
8905567,24640,[CAR],right.,,,25.0
8905581,24640,[CAR],you press down on that and you can slice the banana.,,,25.0
8905603,24640,[CAR],ooh.,,,25.0
8905652,24640,[CAR],why have you done that?,,,25.0
8905675,24640,[CAR],oh Tommy_Tucker.,,,25.0
8905693,24640,[CHI],choc_choc.,0.0,,25.0
8905707,24640,[CHI],grapes.,,,25.0
8905720,24640,[CAR],grapes.,,,25.0
8905739,24640,[CAR],there are.,,,25.0
8905762,24640,[CAR],but there isn't any chocolate.,,,25.0
8905780,24640,[CHI],no.,,,25.0
8905795,24640,[CAR],you can have some grapes.,,,25.0
8905813,24640,[CAR],is that what you'd like?,,,25.0
8905843,24640,[CAR],grapes.,,,25.0
8905862,24640,[CHI],wash.,,,25.0
8905909,24640,[CHI],wash.,,,25.0
8905926,24640,[CAR],yes.,,,25.0
8905940,24640,[CAR],I'm washing the grapes.,,,25.0
8905966,24640,[CHI],wash.,,,25.0
8905986,24640,[CAR],wash.,,,25.0
8906005,24640,[CHI],snip snip.,0.0,,25.0
8906022,24640,[CAR],snip snip.,,,25.0
8906039,24640,[CAR],I'm going to cut them with a knife.,,,25.0
8906105,24640,[CAR],cut them in half.,,,25.0
8906127,24640,[CAR],because they're quite large grapes aren't they?,,,25.0
8906149,24640,[CAR],if we do that then you look as if you've got twice as many as you really have.,,,25.0
8906170,24640,[CAR],mm.,,,25.0
8906190,24640,[CAR],they're nice and cold because they've been in the fridge.,,,25.0
8906219,24640,[CHI],mm.,,,25.0
8906238,24640,[CHI],nice.,,,25.0
8906260,24640,[CAR],there you are.,,,25.0
8906282,24640,[CHI],grapes a there.,-1.0,verb,25.0
8906302,24640,[CHI],grapes.,,,25.0
8906334,24640,[CAR],there's some banana.,,,25.0
8906348,24640,[CAR],I'll slice a strawberry for you as well.,,,25.0
8906367,24640,[CHI],wash.,,,25.0
8906384,24640,[CAR],that's right.,,,25.0
8906403,24640,[CAR],I'm washing the strawberry.,,,25.0
8906424,24640,[CAR],a nice bright red strawberry isn't it?,,,25.0
8906454,24640,[CHI],this.,,,25.0
8906468,24640,[CAR],there we are.,,,25.0
8906491,24640,[CHI],and this.,1.0,,25.0
8906508,24640,[CAR],strawberry banana and grapes.,,,25.0
8906532,24640,[CHI],banana grapes.,0.0,,25.0
8906557,24640,[CAR],is that nice?,,,25.0
8906578,24640,[CHI],a this?,,,25.0
8906593,24640,[CAR],that's a box of tapes.,,,25.0
8906616,24640,[CHI],a there.,,,25.0
8906635,24640,[CAR],Mummy's just opening them.,,,25.0
8906651,24640,[CAR],trying to work out how to get the cellophane off Thomas.,,,25.0
8906670,24640,[CHI],stuck.,,,25.0
8906692,24640,[CHI],stuck.,,,25.0
8906713,24640,[CAR],it is.,,,25.0
8906733,24640,[CAR],it's stuck.,,,25.0
8906757,24640,[CAR],you are quite right.,,,25.0
8906773,24640,[CAR],there you are.,,,25.0
8906793,24640,[CHI],a Dadda.,,,25.0
8906817,24640,[CAR],one two three four five six seven eight nine ten.,,,25.0
8906835,24640,[CHI],a there.,,,25.0
8906856,24640,[CHI],a there.,,,25.0
8906873,24640,[CAR],just have one.,,,25.0
8906889,24640,[CAR],there you are.,,,25.0
8906907,24640,[CHI],a more.,,,25.0
8906925,24640,[CHI],a there.,,,25.0
8906943,24640,[CHI],a there.,,,25.0
8906955,24640,[CAR],one more.,,,25.0
8906971,24640,[CAR],one more and that's it.,,,25.0
8906990,24640,[CAR],I'm taking the rest to Daddy now.,,,25.0
8907008,24640,[CAR],they're nice aren't they?,,,25.0
8907030,24640,[CHI],Dadda.,,,25.0
8907046,24640,[CAR],Daddy's tapes.,,,25.0
8907072,24640,[CHI],a Dadda's.,,,25.0
8907082,24640,[CAR],Daddy's Daddy's tapes.,,,25.0
8907098,24640,[CAR],mm.,,,25.0
8907114,24640,[CAR],eating strawberries now.,,,25.0
8907140,24640,[CAR],would you like another strawberry Thomas?,,,25.0
8907162,24640,[CAR],another strawberry?,,,25.0
8907177,24640,[CHI],all done.,1.0,,25.0
8907193,24640,[CAR],all done.,,,25.0
8907217,24640,[CAR],yes.,,,25.0
8907239,24640,[CAR],you seem to have eaten them all haven't you?,,,25.0
8907252,24640,[CAR],there's one more in the fridge.,,,25.0
8907277,24640,[CAR],shall I give it a wash?,,,25.0
8907294,24640,[CHI],wash.,,,25.0
8907315,24640,[CHI],wash.,,,25.0
8907330,24640,[CHI],mm.,,,25.0
8907352,24640,[CAR],that's a big strawberry Thomas.,,,25.0
8907385,24640,[CAR],how many pieces?,,,25.0
8907405,24640,[CHI],two.,,,25.0
8907419,24640,[CAR],huge.,,,25.0
8907433,24640,[CAR],would you like some fruit juice as well?,,,25.0
8907450,24640,[CHI],fruit juice.,0.0,,25.0
8907470,24640,[CAR],fruit juice.,,,25.0
8907484,24640,[CAR],there you are.,,,25.0
8907501,24640,[CHI],fruit juice.,0.0,,25.0
8907516,24640,[CAR],fruit juice.,,,25.0
8907533,24640,[CAR],put those in the bin because they're empty now aren't they?,,,25.0
8907558,24640,[CAR],you like putting things in the bin don't you?,,,25.0
8907577,24640,[CAR],mm.,,,25.0
8907605,24640,[CAR],when Mummy came back from shopping today you wanted to pack Mummy's bags.,,,25.0
8907625,24640,[CAR],and you put some receipts from Mummy's shopping in the bin didn't you?,,,25.0
8907644,24640,[CAR],didn't you?,,,25.0
8907682,24640,[CAR],yes.,,,25.0
8907704,24640,[CAR],you did.,,,25.0
8907717,24640,[CHI],no.,,,25.0
8907740,24640,[CAR],yes.,,,25.0
8907751,24640,[CAR],don't you say no.,,,25.0
8907765,24640,[CAR],you did.,,,25.0
8907783,24640,[CAR],you lifted up the bin lid?,,,25.0
8907797,24640,[CHI],Nin_Nin.,0.0,,25.0
8907813,24640,[CAR],yes.,,,25.0
8907824,24640,[CAR],and Mummy bought you a pair of socks two pairs of socks.,,,25.0
8907843,24640,[CAR],and I hadn't even taken them out of the bag and you were wandering around with them in your hand.,,,25.0
8907861,24640,[CAR],were the socks for Thomas?,,,25.0
8907874,24640,[CHI],no.,,,25.0
8907892,24640,[CAR],no.,,,25.0
8907910,24640,[CAR],I think they were.,,,25.0
8907927,24640,[CAR],and what else did you get?,,,25.0
8907945,24640,[CAR],a hat and some sunglasses.,,,25.0
8907956,24640,[CAR],two pairs of socks.,,,25.0
8907974,24640,[CAR],a hat and some sunglasses.,,,25.0
8907993,24640,[CAR],and two books.,,,25.0
8908005,24640,[CAR],what a lucky boy.,,,25.0
8908027,24640,[CHI],Nana's here.,1.0,,25.0
8908043,24640,[CAR],oh.,,,25.0
8908058,24640,[CAR],are they?,,,25.0
8908077,24640,[CAR],right.,,,25.0
8908100,24640,[CAR],pardon you Thomas Lastname.,,,25.0
8908115,24640,[CAR],what do you say?,,,25.0
8908130,24640,[CHI],what's dis?,1.0,,25.0
8908150,24640,[CAR],you say excuse me.,,,25.0
8908168,24640,[CAR],what do you say?,,,25.0
8908185,24640,[CAR],excuse me.,,,25.0
8908204,24640,[CAR],you say excuse me.,,,25.0
8908216,24640,[CAR],there we are.,,,25.0
8908234,24640,[CAR],Mummy's just clearing the table.,,,25.0
8908251,24640,[CAR],we washed your strawberries.,,,25.0
8908268,24640,[CAR],now we've got to wash the dirty pots haven't we?,,,25.0
8908284,24640,[CHI],no.,,,25.0
8908296,24640,[CHI],a there's hat.,-1.0,determiner,25.0
8908322,24640,[CHI],a hat.,1.0,,25.0
8908334,24640,[CHI],a hat.,1.0,,25.0
8908351,24640,[CAR],a hat.,,,25.0
8908364,24640,[CAR],well in a minute when we've finished when you've finished your tea and you've had your hands wiped.,,,25.0
8908388,24640,[CAR],then you can have a look at the hat.,,,25.0
8908403,24640,[CHI],no.,,,25.0
8908414,24640,[CAR],but your hands are a little bit sticky at the moment aren't they?,,,25.0
8908432,24640,[CHI],no.,,,25.0
8908460,24640,[CAR],Thomas Lastname what do you say?,,,25.0
8908491,24640,[CHI],a this.,,,25.0
8908511,24640,[CAR],you say excuse me please.,,,25.0
8908527,24640,[CAR],what do you say?,,,25.0
8908546,24640,[CAR],excuse me please.,,,25.0
8908559,24640,[CHI],bananas.,,,25.0
8908576,24640,[CHI],bananas.,,,25.0
8908585,24640,[CAR],bananas.,,,25.0
8908606,24640,[CAR],is it a nice banana?,,,25.0
8908622,24640,[CAR],is it a nice banana?,,,25.0
8908649,24640,[CAR],Thomas I wish you wouldn't throw things.,,,25.0
8908673,24640,[CHI],help help.,0.0,,25.0
8908701,24640,[CAR],help help.,,,25.0
8908720,24640,[CHI],no.,,,25.0
8908738,24640,[CAR],that's Gordon on the yoghurt pot.,,,25.0
8908753,24640,[CHI],poop_poop.,0.0,,25.0
8908766,24640,[CAR],a picture of Gordon.,,,25.0
8908782,24640,[CAR],one of the Thomas_The_Tank_Engine characters on the yoghurt pot.,,,25.0
8908797,24640,[CAR],he's blue like Thomas isn't he?,,,25.0
8908822,24640,[CHI],poop_poop.,0.0,,25.0
8908838,24640,[CHI],whoosh.,,,25.0
8908850,24640,[CAR],whoosh.,,,25.0
8908863,24640,[CAR],he whooshed steam everywhere.,,,25.0
8908883,24640,[CAR],Percy and Henry are green.,,,25.0
8908909,24640,[CAR],and Thomas and Gordon are blue.,,,25.0
8908924,24640,[CAR],and James is red.,,,25.0
8908937,24640,[CHI],help help.,0.0,,25.0
8908956,24640,[CAR],help help.,,,25.0
8908970,24640,[CAR],yes.,,,25.0
8908985,24640,[CAR],James says.,,,25.0
8908997,24640,[CAR],help help.,,,25.0
8909021,24640,[CAR],doesn't he?,,,25.0
8909049,24640,[CAR],I'm not quite sure what color Edward is.,,,25.0
8909063,24640,[CHI],blue.,,,25.0
8909079,24640,[CAR],is he blue as well?,,,25.0
8909094,24640,[CAR],oh I wasn't sure.,,,25.0
8909109,24640,[CHI],poop_poop.,0.0,,25.0
8909121,24640,[CHI],poop_poop.,0.0,,25.0
8909135,24640,[CHI],poop_poop.,0.0,,25.0
8909146,24640,[CHI],poop_poop.,0.0,,25.0
8909160,24640,[CHI],whoosh.,,,25.0
8909173,24640,[CHI],Nin_Nin.,0.0,,25.0
8909186,24640,[CHI],Nin_Nin.,0.0,,25.0
8909200,24640,[CAR],yes.,,,25.0
8909211,24640,[CHI],help help.,0.0,,25.0
8909228,24640,[CAR],help help.,,,25.0
8909244,24640,[CAR],is that what James says?,,,25.0
8909268,24640,[CHI],no-no.,,,25.0
8909287,24640,[CHI],a there.,,,25.0
8909302,24640,[CHI],a there.,,,25.0
8909316,24640,[CAR],no.,,,25.0
8909329,24640,[CAR],this is the hot kettle Thomas.,,,25.0
8909348,24640,[CAR],you can't pick that up can you?,,,25.0
8909362,24640,[CAR],Mummy's going to make herself a cup of tea.,,,25.0
8909377,24640,[CHI],oh tea.,1.0,,25.0
8909389,24640,[CAR],yes.,,,25.0
8909403,24640,[CAR],a cup of tea.,,,25.0
8909428,24640,[CHI],Nin_Nin.,0.0,,25.0
8909446,24640,[CAR],well I hope you know what you're talking about Thomas.,,,25.0
8909476,24640,[CAR],because I haven't a clue.,,,25.0
8909489,24640,[CHI],no.,,,25.0
8909519,24640,[CAR],that must be part of the Thomas_The_Tank_Engine book that I've not read.,,,25.0
8909536,24640,[CHI],no.,,,25.0
8909552,24640,[CAR],is that the bit that involves Gordon.,,,25.0
8909567,24640,[CHI],poop poop poop poop.,0.0,,25.0
8909580,24640,[CHI],whoosh.,,,25.0
8909593,24640,[CAR],whoosh.,,,25.0
8909607,24640,[CHI],poop poop.,0.0,,25.0
8909621,24640,[CHI],poop poop.,0.0,,25.0
8909637,24640,[CHI],whoosh.,,,25.0
8909649,24640,[CHI],Nin_Nin.,0.0,,25.0
8909666,24640,[CAR],yes.,,,25.0
8909681,24640,[CHI],blue.,,,25.0
8909703,24640,[CAR],blue.,,,25.0
8909718,24640,[CAR],he's the blue engine isn't he?,,,25.0
8909759,24640,[CAR],I think you're going to be good at cricket like your Grandad.,,,25.0
8909777,24640,[CAR],because you've got a good shot haven't you?,,,25.0
8909799,24640,[CAR],mm.,,,25.0
8909808,24640,[CAR],you can throw things a long way.,,,25.0
8909833,24640,[CHI],no.,,,25.0
8909848,24640,[CAR],you can.,,,25.0
8909865,24640,[CAR],but you're going to get into trouble Thomas.,,,25.0
8909880,24640,[CAR],if you keep throwing things like that.,,,25.0
8909900,24640,[CAR],because either things will break.,,,25.0
8909911,24640,[CAR],or you'll hit something when you're throwing things.,,,25.0
8909927,24640,[CHI],no.,,,25.0
8909939,24640,[CAR],you might.,,,25.0
8909956,24640,[CAR],and you might hurt somebody as well.,,,25.0
8909969,24640,[CHI],no.,,,25.0
8909981,24640,[CAR],so you're going to have just to be a bit careful what you throw aren't you?,,,25.0
8910006,24640,[CAR],and you shouldn't throw food anyway.,,,25.0
8910025,24640,[CHI],no.,,,25.0
8910038,24640,[CAR],no.,,,25.0
8910054,24640,[CAR],it's alright sitting there saying no.,,,25.0
8910070,24640,[CAR],but you carry on doing it don't you?,,,25.0
8910086,24640,[CAR],I don't know.,,,25.0
8910100,24640,[CAR],what will Grandma say?,,,25.0
8910119,24640,[CAR],yes.,,,25.0
8910137,24640,[CAR],she would wouldn't she?,,,25.0
8910153,24640,[CAR],so you just try and remember that when you're doing something naughty.,,,25.0
8910175,24640,[CHI],Nin_Nin.,0.0,,25.0
8910195,24640,[CAR],yes.,,,25.0
8910208,24640,[CHI],Dadda.,,,25.0
8910223,24640,[CAR],yes.,,,25.0
8910237,24640,[CAR],Daddy's upstairs.,,,25.0
8910254,24640,[CHI],Nana.,,,25.0
8910267,24640,[CHI],Nana.,,,25.0
8910282,24640,[CHI],Nana.,,,25.0
8910305,24640,[CHI],Nana.,,,25.0
8910320,24640,[CAR],mm.,,,25.0
8910336,24640,[CAR],and Grandad.,,,25.0
8910361,24640,[CAR],what will Grandad say?,,,25.0
8910379,24640,[CAR],they'd all say the same wouldn't they?,,,25.0
8910395,24640,[CAR],oh Thomas Thomas.,,,25.0
8910409,24640,[CAR],they would say.,,,25.0
8910430,24640,[CAR],oh dear.,,,25.0
8911124,24640,[CAR],oh dear.,,,25.0
8911141,24640,[CHI],Dadda.,,,25.0
8911159,24640,[CHI],Nana.,,,25.0
8911170,24640,[CHI],Dadda chair.,0.0,,25.0
8911194,24640,[CAR],Daddy's chair.,,,25.0
8911210,24640,[CAR],is it Daddy's chair?,,,25.0
8911224,24640,[CHI],no.,,,25.0
8911237,24640,[CHI],oh what's these?,-1.0,sv_agreement,25.0
8911258,24640,[CAR],that's you.,,,25.0
8911275,24640,[CAR],a rude boy.,,,25.0
8911291,24640,[CHI],Nin_Nin.,0.0,,25.0
8911310,24640,[CAR],yes.,,,25.0
8911327,24640,[CAR],are you making Mummy clap her hands?,,,25.0
8911347,24640,[CAR],clap clap clap.,,,25.0
8911367,24640,[CAR],oh look.,,,25.0
8911382,24640,[CAR],I can see a grape there that you haven't eaten.,,,25.0
8911404,24640,[CAR],Nin_Nin.,,,25.0
8911419,24640,[CAR],yes.,,,25.0
8911435,24640,[CHI],straps.,,,25.0
8911452,24640,[CHI],straps.,,,25.0
8911461,24640,[CAR],straps.,,,25.0
8911476,24640,[CAR],watch straps.,,,25.0
8911518,24640,[CAR],are you looking at the straps on Mummy's watch?,,,25.0
8911537,24640,[CHI],shoes.,,,25.0
8911554,24640,[CHI],shoes.,,,25.0
8911565,24640,[CHI],shoe shoe shoe shoe shoe.,-1.0,determiner,25.0
8911583,24640,[CAR],shoe shoe.,,,25.0
8911600,24640,[CAR],it's a watch strap.,,,25.0
8911611,24640,[CHI],watch?,,,25.0
8911630,24640,[CAR],strap.,,,25.0
8911643,24640,[CHI],watch strap.,-1.0,determiner,25.0
8911661,24640,[CAR],that's right.,,,25.0
8911680,24640,[CAR],watch strap.,,,25.0
8911693,24640,[CHI],Nin_Nin.,0.0,,25.0
8911708,24640,[CHI],oh Nin_Nin.,0.0,,25.0
8911722,24640,[CAR],aah.,,,25.0
8911737,24640,[CAR],are you giving Mummy's hair a stroke?,,,25.0
8911752,24640,[CAR],oh.,,,25.0
8911767,24640,[CAR],are the grapes nice?,,,25.0
8911784,24640,[CHI],poo nice.,-1.0,"determiner, verb",25.0
8911802,24640,[CHI],poo nice.,-1.0,"determiner, verb",25.0
8911822,24640,[CAR],Mummy smells nice does she?,,,25.0
8911868,24640,[CAR],ooh Thomas.,,,25.0
8911885,24640,[CAR],steady.,,,25.0
8911899,24640,[CAR],no.,,,25.0
8911915,24640,[CAR],don't.,,,25.0
8911931,24640,[CAR],you'll rip it.,,,25.0
8911947,24640,[CHI],poo nice.,-1.0,"determiner, verb",25.0
8911962,24640,[CAR],I'm glad I smell nice.,,,25.0
8911978,24640,[CAR],be careful.,,,25.0
8911995,24640,[CHI],no.,,,25.0
8912010,24640,[CAR],you nearly ripped Mummy's blouse off then.,,,25.0
8912043,24640,[CAR],plus you've got really dirty hands.,,,25.0
8912057,24640,[CAR],look at all the hand marks on Mummy's blouse now.,,,25.0
8912078,24640,[CAR],oh dear.,,,25.0
8912094,24640,[CAR],oh dear.,,,25.0
8912107,24640,[CAR],we're going to hafta give it a wash aren't we?,,,25.0
8912124,24640,[CAR],mm.,,,25.0
8912143,24640,[CHI],mm.,,,25.0
8912156,24640,[CHI],nice.,,,25.0
8912168,24640,[CAR],nice.,,,25.0
8912184,24640,[CAR],will we hafta wash Mummy's blouse?,,,25.0
8912194,24640,[CAR],because we've got little sticky prints haven't we?,,,25.0
8912210,24640,[CAR],wash.,,,25.0
8912225,24640,[CAR],is it dirty now?,,,25.0
8912248,24640,[CAR],oh dear.,,,25.0
8912263,24640,[CHI],Nin_Nin.,0.0,,25.0
8912292,24640,[CAR],yes.,,,25.0
8912319,24640,[CAR],Mummy's trying to put the tape back where it was before.,,,25.0
8912340,24640,[CAR],but I don't seem to be able to manage it.,,,25.0
8912362,24640,[CHI],no.,,,25.0
8912380,24640,[CAR],there.,,,25.0
8912400,24640,[CAR],is that where Mummy's chair goes?,,,25.0
8912422,24640,[CAR],and Daddy's chair?,,,25.0
8912439,24640,[CAR],does that look right?,,,25.0
8912453,24640,[CHI],Dadda chair.,-1.0,possessive,25.0
8912468,24640,[CAR],yes.,,,25.0
8912490,24640,[CAR],and whose chair is this?,,,25.0
8912504,24640,[CHI],white.,,,25.0
8912519,24640,[CAR],it's a white chair.,,,25.0
8912533,24640,[CAR],but whose chair is it?,,,25.0
8912549,24640,[CAR],is it Thomas's chair?,,,25.0
8912564,24640,[CAR],does that belong to Thomas.,,,25.0
8912584,24640,[CAR],does it?,,,25.0
8912602,24640,[CHI],Nin_Nin.,0.0,,25.0
8912621,24640,[CAR],yes.,,,25.0
8912636,24640,[CHI],poop poop poop poop.,0.0,,25.0
8912661,24640,[CHI],Nin_Nin.,0.0,,25.0
8912678,24640,[CAR],Mummy saw lots_of Thomas_The_Tank_Engine books today.,,,25.0
8912696,24640,[CAR],because she went into a book+shop.,,,25.0
8912715,24640,[CHI],book+shop.,-1.0,determiner,25.0
8912733,24640,[CAR],a book+shop.,,,25.0
8912751,24640,[CHI],chip shop.,-1.0,determiner,25.0
8912767,24640,[CAR],chip chop.,,,25.0
8912797,24640,[CAR],but Mummy went to a book shop.,,,25.0
8912858,24640,[CAR],what was that?,,,25.0
8912881,24640,[CHI],what this?,-1.0,verb,25.0
8912894,24640,[CAR],sounds like a door closing.,,,25.0
8912908,24640,[CAR],there you are.,,,25.0
8912928,24640,[CAR],there's some juice.,,,25.0
8912943,24640,[CHI],juice.,,,25.0
8912960,24640,[CHI],juice.,,,25.0
8912970,24640,[CAR],what did Mummy say about throwing things?,,,25.0
8912989,24640,[CHI],no.,,,25.0
8913005,24640,[CAR],she said no didn't she?,,,25.0
8913018,24640,[CHI],no.,,,25.0
8913034,24640,[CAR],it hasn't stopped you has it?,,,25.0
8913049,24640,[CAR],Mummy's pinching some of your biscuit.,,,25.0
8913069,24640,[CAR],is that alright?,,,25.0
8913096,24640,[CAR],Thomas.,,,25.0
8913114,24640,[CAR],listen.,,,25.0
8913130,24640,[CAR],the aeroplane.,,,25.0
8913143,24640,[CAR],can you hear it?,,,25.0
8913155,24640,[CHI],no.,,,25.0
8913167,24640,[CAR],I can.,,,25.0
8913179,24640,[CAR],right.,,,25.0
8913194,24640,[CAR],have you finished with this fruit?,,,25.0
8913206,24640,[CHI],no.,,,25.0
8913222,24640,[CAR],you don't want anymore.,,,25.0
8913250,24640,[CHI],oh dear.,1.0,,25.0
8913273,24640,[CHI],a Po.,,,25.0
8913290,24640,[CHI],oh dear.,1.0,,25.0
8913301,24640,[CHI],Po.,,,25.0
8913342,24640,[CAR],is Po?,,,25.0
8913362,24640,[CAR],oh dear.,,,25.0
8913384,24640,[CAR],oh dear.,,,25.0
8913399,24640,[CAR],Dipsy and Po are lying down on the floor aren't they?,,,25.0
8913413,24640,[CHI],oh dear.,1.0,,25.0
8913428,24640,[CAR],what has happened?,,,25.0
8913444,24640,[CAR],do you think they've fallen over?,,,25.0
8913465,24640,[CAR],or are they having a sleep?,,,25.0
8913491,24640,[CHI],oh dear.,1.0,,25.0
8913501,24640,[CHI],oh dear.,1.0,,25.0
8913516,24640,[CHI],a mess two.,-1.0,"subject, verb, other",25.0
8913530,24640,[CAR],it is a mess isn't it?,,,25.0
8913550,24640,[CAR],both of them lying on the floor.,,,25.0
8913567,24640,[CAR],do you think they've fallen over?,,,25.0
8913585,24640,[CAR],or do you think they're having a sleep?,,,25.0
8913602,24640,[CAR],what does Thomas think?,,,25.0
8913619,24640,[CAR],put some soap on the sponge.,,,25.0
8913635,24640,[CAR],are you going to rub your hands?,,,25.0
8913653,24640,[CAR],are you going to wash your hands.,,,25.0
8913669,24640,[CHI],with Pooh_Bear.,0.0,,25.0
8913684,24640,[CAR],Pooh_Bear.,,,25.0
8913702,24640,[CAR],yes.,,,25.0
8913710,24640,[CAR],Pooh_Bear's on the face+cloth isn't he?,,,25.0
8913720,24640,[CAR],there you are.,,,25.0
8913735,24640,[CAR],let's wash your hands with lots_of soap.,,,25.0
8913755,24640,[CAR],that's nice.,,,25.0
8913778,24640,[CAR],and this hand.,,,25.0
8913793,24640,[CHI],soap.,,,25.0
8913808,24640,[CAR],soap.,,,25.0
8913821,24640,[CAR],that's right.,,,25.0
8913833,24640,[CAR],make them nice and clean.,,,25.0
8913850,24640,[CHI],no.,,,25.0
8913865,24640,[CAR],let's wipe your face.,,,25.0
8913879,24640,[CAR],you can always tell what you've been eating Thomas.,,,25.0
8913894,24640,[CAR],it's all round your mouth.,,,25.0
8913907,24640,[CHI],Nin_Nin.,0.0,,25.0
8913920,24640,[CHI],Nin_Nin.,0.0,,25.0
8913935,24640,[CAR],yes Thomas.,,,25.0
8913952,24640,[CHI],white truck.,-1.0,determiner,25.0
8913964,24640,[CAR],a white truck.,,,25.0
8913984,24640,[CAR],oh yes.,,,25.0
8914002,24640,[CAR],it's a white van isn't it?,,,25.0
8914018,24640,[CHI],a this?,,,25.0
8914033,24640,[CHI],a this?,,,25.0
8914047,24640,[CHI],a this?,,,25.0
8914054,24640,[CAR],what's what love?,,,25.0
8914069,24640,[CHI],white truck.,-1.0,determiner,25.0
8914082,24640,[CAR],it's a white truck.,,,25.0
8914100,24640,[CHI],white white truck.,-1.0,determiner,25.0
8914114,24640,[CAR],I think it's a van really.,,,25.0
8914134,24640,[CAR],a van's a little bit smaller than a truck.,,,25.0
8914149,24640,[CAR],you have cars.,,,25.0
8914163,24640,[CAR],and then there are vans.,,,25.0
8914175,24640,[CAR],and then there are trucks and lorrys.,,,25.0
8914192,24640,[CAR],there are some big lorrys aren't there?,,,25.0
8914208,24640,[CHI],Nin_Nin.,0.0,,25.0
8914224,24640,[CAR],mm.,,,25.0
8914240,24640,[CHI],white truck.,-1.0,determiner,25.0
8914254,24640,[CHI],a this?,,,25.0
8914270,24640,[CHI],a this?,,,25.0
8914284,24640,[CHI],a this?,,,25.0
8914303,24640,[CAR],a white van.,,,25.0
8914318,24640,[CAR],but it's the same as a truck.,,,25.0
8914334,24640,[CAR],if you wanna call it a truck that's quite alright.,,,25.0
8914351,24640,[CHI],truck.,,,25.0
8914363,24640,[CAR],it's a dirty truck.,,,25.0
8914378,24640,[CHI],truck.,,,25.0
8914394,24640,[CAR],it's really not that dirty Thomas.,,,25.0
8914419,24640,[CAR],I think it's just that.,,,25.0
8914434,24640,[CHI],white truck.,-1.0,determiner,25.0
8914447,24640,[CAR],when white cars and vans and trucks go through the mud they look more dirty than other cars don't they?,,,25.0
8914471,24640,[CHI],truck.,,,25.0
8914485,24640,[CHI],truck.,,,25.0
8914500,24640,[CAR],it's not too dirty really is it?,,,25.0
8914513,24640,[CAR],mm.,,,25.0
8914522,24640,[CHI],truck.,,,25.0
8914543,24640,[CHI],oh dear.,1.0,,25.0
8914556,24640,[CHI],mess.,,,25.0
8914569,24640,[CHI],two.,,,25.0
8914580,24640,[CHI],no.,,,25.0
8914592,24640,[CAR],what's a mess?,,,25.0
8914605,24640,[CAR],the truck or the fact that the two teletubbies have fallen over?,,,25.0
8914628,24640,[CHI],oh dear.,1.0,,25.0
8914641,24640,[CAR],I think it's more of a mess that the teletubbies have fallen over don't you?,,,25.0
8914658,24640,[CHI],a mess.,1.0,,25.0
8914673,24640,[CAR],they might have hurt themselves.,,,25.0
8914685,24640,[CAR],you'll hafta go and have a look in a minute.,,,25.0
8914705,24640,[CAR],right.,,,25.0
8914715,24640,[CAR],have we finished washing you down?,,,25.0
8914726,24640,[CHI],no.,,,25.0
8914741,24640,[CAR],no.,,,25.0
8914756,24640,[CAR],you've got some pasta spilt on your trousers.,,,25.0
8914768,24640,[CAR],let's just wipe those.,,,25.0
8914784,24640,[CAR],while Mummy washes her blouse I think we'll hafta put your trousers in the washing+machine at the same time won't we?,,,25.0
8914803,24640,[CHI],white truck.,-1.0,determiner,25.0
8914824,24640,[CAR],white truck.,,,25.0
8914837,24640,[CHI],oh dirty.,-1.0,"subject, verb",25.0
8914851,24640,[CHI],white truck.,-1.0,determiner,25.0
8914870,24640,[CHI],white truck.,-1.0,determiner,25.0
8914885,24640,[CHI],white truck.,-1.0,determiner,25.0
8914900,24640,[CHI],oh white truck.,-1.0,determiner,25.0
8914913,24640,[CHI],white truck.,-1.0,determiner,25.0
8914927,24640,[CAR],the white truck.,,,25.0
8914942,24640,[CHI],Nin_Nin.,0.0,,25.0
8914959,24640,[CAR],your voice Thomas.,,,25.0
8914970,24640,[CAR],sounds.,,,25.0
8914986,24640,[CAR],you're feeling a bit better today though aren't you?,,,25.0
8915001,24640,[CHI],no.,,,25.0
8915026,24640,[CAR],I think you are Thomas.,,,25.0
8915041,24640,[CHI],oh mess.,-1.0,determiner,25.0
8915056,24640,[CAR],oh you are in a mess.,,,25.0
8915079,24640,[CAR],have you seen this?,,,25.0
8915093,24640,[CAR],dear.,,,25.0
8915109,24640,[CAR],oh dear.,,,25.0
8915127,24640,[CAR],I think we'll take your waistcoat off Thomas.,,,25.0
8915144,24640,[CAR],because it's filthy.,,,25.0
8915150,24640,[CAR],did you spill some of your food?,,,25.0
8915165,24640,[CHI],no.,,,25.0
8915179,24640,[CAR],poor Thomas.,,,25.0
8915195,24640,[CAR],you had a bib on and you did your best didn't you?,,,25.0
8915217,24640,[CAR],this time last week you were at a party with Chloe and Lindsey.,,,25.0
8915235,24640,[CHI],no.,,,25.0
8915248,24640,[CAR],and it was a beautiful sunny afternoon and we were playing outside.,,,25.0
8915283,24640,[CAR],but you didn't feel all that well did you?,,,25.0
8915297,24640,[CAR],and you weren't really playing.,,,25.0
8915310,24640,[CAR],you were just sitting at a table drinking all that juice.,,,25.0
8915329,24640,[CAR],do you remember drinking juice from all those colored beakers?,,,25.0
8915349,24640,[CAR],and you played in the sandpit as well didn't you?,,,25.0
8915363,24640,[CHI],no.,,,25.0
8915379,24640,[CAR],and then on Monday you were a poorly boy.,,,25.0
8915393,24640,[CHI],no.,,,25.0
8915408,24640,[CAR],and you slept.,,,25.0
8915421,24640,[CHI],oh dear.,1.0,,25.0
8915430,24640,[CHI],mess.,,,25.0
8915442,24640,[CAR],that's right.,,,25.0
8915450,24640,[CAR],go and see the teletubbies.,,,25.0
8915464,24640,[CAR],who is it that's on the floor?,,,25.0
8915481,24640,[CAR],which of the teletubbies is on the floor?,,,25.0
8915496,24640,[CHI],oh dear.,1.0,,25.0
8915509,24640,[CAR],which ones.,,,25.0
8915519,24640,[CAR],oh it's Po and Dipsy.,,,25.0
8915534,24640,[CAR],oh dear.,,,25.0
8915548,24640,[CAR],give them a cuddle.,,,25.0
8915596,24640,[CAR],and there's another Po as well.,,,25.0
8915680,24640,[CAR],you have two Pos.,,,25.0
8915701,24640,[CAR],that's right.,,,25.0
8915717,24640,[CAR],are you going to ask Dipsy how he is?,,,25.0
8915735,24640,[CAR],say hello Dipsy how are you.,,,25.0
8915755,24640,[CAR],that's right.,,,25.0
8915770,24640,[CAR],you've given them all a kiss.,,,25.0
8915783,24640,[CAR],that's nice.,,,25.0
8915801,24640,[CAR],are you going to ask them how they are?,,,25.0
8915814,24640,[CHI],help help.,1.0,,25.0
8915823,24640,[CAR],help help.,,,25.0
8915834,24640,[CAR],do you want some help?,,,25.0
8915852,24640,[CAR],are they hurt?,,,25.0
8915869,24640,[CHI],no.,,,25.0
8915880,24640,[CAR],but you need a bit of help because they've fallen over.,,,25.0
8915897,24640,[CHI],help help help help.,1.0,,25.0
8915927,24640,[CHI],Nin_Nin.,0.0,,25.0
8915945,24640,[CAR],yes.,,,25.0
8915973,24640,[CHI],help help.,0.0,,25.0
8915986,24640,[CAR],help help.,,,25.0
8916010,24640,[CHI],oh dear.,1.0,,25.0
8916025,24640,[CAR],oh dear.,,,25.0
8916044,24640,[CAR],shall we get the brush out and sweep some of these crumbs up?,,,25.0
8916057,24640,[CHI],oh.,,,25.0
8916070,24640,[CAR],would you like to help with the brush?,,,25.0
8916084,24640,[CHI],a there.,,,25.0
8916096,24640,[CHI],a there.,,,25.0
8916113,24640,[CAR],alright.,,,25.0
8916127,24640,[CAR],just let Mummy do the main ones first then you can go round afterwards.,,,25.0
8916146,24640,[CAR],look.,,,25.0
8916164,24640,[CAR],the crumbs have all gone.,,,25.0
8916189,24640,[CAR],look.,,,25.0
8916208,24640,[CAR],that's clever isn't it?,,,25.0
8916224,24640,[CAR],that's a clever sweeper Thomas.,,,25.0
8916241,24640,[CAR],look at the brushes.,,,25.0
8916258,24640,[CAR],the brushes are going round and round and all the crumbs have disappeared.,,,25.0
8916268,24640,[CAR],you clean with the.,,,25.0
8916282,24640,[CAR],oops.,,,25.0
8916295,24640,[CAR],all the crumbs fell out didn't they.,,,25.0
8916309,24640,[CHI],oh dear.,1.0,,25.0
8916328,24640,[CAR],oh dear.,,,25.0
8916343,24640,[CAR],there we are.,,,25.0
8916365,24640,[CAR],that soon cleaned that up didn't it?,,,25.0
8916380,24640,[CHI],Nin_Nin.,0.0,,25.0
8916392,24640,[CAR],there isn't a mess anymore is there?,,,25.0
8916407,24640,[CAR],all gone.,,,25.0
8916419,24640,[CHI],Nin_Nin.,0.0,,25.0
8916432,24640,[CHI],Nin_Nin.,0.0,,25.0
8916439,24640,[CAR],yeah.,,,25.0
8916449,24640,[CAR],the dustbin.,,,25.0
8916465,24640,[CAR],are you emptying the crumbs into the dustbin?,,,25.0
8916475,24640,[CHI],a there.,,,25.0
8916496,24640,[CAR],there you are.,,,25.0
8916507,24640,[CAR],you do some sweeping round.,,,25.0
8916522,24640,[CAR],just drag it on the carpet.,,,25.0
8916537,24640,[CAR],that's right.,,,25.0
8916551,24640,[CAR],right.,,,25.0
8916563,24640,[CAR],have we finished now?,,,25.0
8916585,24640,[CAR],put them away.,,,25.0
8916603,24640,[CAR],that's good isn't it?,,,25.0
8916621,24640,[CAR],you're a clever boy for helping Mummy clean the carpet.,,,25.0
8916648,24640,[CHI],no.,,,25.0
8916669,24640,[CHI],a there.,,,25.0
8916681,24640,[CHI],byebye.,,,25.0
8916697,24640,[CHI],see you.,1.0,,25.0
8916712,24640,[CAR],oh byebye.,,,25.0
8916727,24640,[CAR],yes.,,,25.0
8916738,24640,[CAR],that's right.,,,25.0
8916749,24640,[CAR],it has gone away now until the morning.,,,25.0
8916765,24640,[CAR],we'll probably hafta get it out at breakfast won't we?,,,25.0
8916787,24640,[CAR],when you've made a few crumbs on the floor with some toast.,,,25.0
8916808,24640,[CHI],oh.,,,25.0
8916828,24640,[CHI],Nin_Nin.,0.0,,25.0
8916845,24640,[CAR],yes.,,,25.0
8916873,24640,[CHI],a this?,,,25.0
8916892,24640,[CAR],oh those are your new sunglasses.,,,25.0
8916932,24640,[CAR],let Mummy just pour herself a cup of tea and then we'll sit down together and have a look at them.,,,25.0
8916949,24640,[CHI],no.,,,25.0
8916971,24640,[CAR],is that not what you wanted?,,,25.0
8916997,24640,[CHI],Nin_Nin.,0.0,,25.0
8917015,24640,[CAR],yes.,,,25.0
8917027,24640,[CAR],coming.,,,25.0
8917039,24640,[CAR],you're a very clever boy.,,,25.0
8917055,24640,[CAR],you've got the table and chairs ready.,,,25.0
8917072,24640,[CHI],Nin_Nin chair.,-1.0,possessive,25.0
8917093,24640,[CHI],Nin_Nin chair.,-1.0,possessive,25.0
8917117,24640,[CHI],Nin_Nin chair.,-1.0,possessive,25.0
8917132,24640,[CAR],yes.,,,25.0
8917146,24640,[CAR],okay.,,,25.0
8917168,24640,[CAR],I'm coming.,,,25.0
8917189,24640,[CAR],you're a very clever boy.,,,25.0
8917207,24640,[CHI],Nin_Nin a tea.,0.0,,25.0
8917223,24640,[CAR],yes.,,,25.0
8917238,24640,[CAR],Mummy has poured a cup of tea.,,,25.0
8917259,24640,[CAR],just put it up here because it's quite hot isn't it?,,,25.0
8917278,24640,[CHI],no.,,,25.0
8917300,24640,[CAR],don't want you getting burnt.,,,25.0
8917321,24640,[CAR],I'm just going to get a pair of scissors.,,,25.0
8917345,24640,[CAR],then we can cut the tags off.,,,25.0
8917373,24640,[CHI],oh these.,1.0,,25.0
8917398,24640,[CHI],oh.,,,25.0
8917422,24640,[CHI],Nin_Nin.,0.0,,25.0
8917443,24640,[CHI],these.,,,25.0
8917464,24640,[CAR],I'm going to snip snip with the scissors.,,,25.0
8917486,24640,[CHI],a snip snip.,0.0,,25.0
8917508,24640,[CHI],a snip snip.,0.0,,25.0
8917528,24640,[CAR],you really are a clever boy Thomas.,,,25.0
8917545,24640,[CAR],getting the table ready.,,,25.0
8917560,24640,[CAR],I'm very impressed with that.,,,25.0
8917577,24640,[CAR],look at these sunglasses.,,,25.0
8917595,24640,[CAR],they're from Mothercare.,,,25.0
8917614,24640,[CAR],and it says baby sunglasses.,,,25.0
8917642,24640,[CAR],oh no.,,,25.0
8917660,24640,[CAR],Mummy has got to hold the scissors darling.,,,25.0
8917679,24640,[CAR],no.,,,25.0
8917701,24640,[CHI],snip snip.,0.0,,25.0
8917721,24640,[CAR],snip snip.,,,25.0
8917736,24640,[CAR],but they'll cut if you have them.,,,25.0
8917755,24640,[CAR],look.,,,25.0
8917777,24640,[CAR],they're in a little white case.,,,25.0
8917795,24640,[CAR],and they have fish.,,,25.0
8917809,24640,[CAR],there are three fish swimming on the case.,,,25.0
8917820,24640,[CHI],Nin_Nin.,0.0,,25.0
8917837,24640,[CAR],that's right.,,,25.0
8917862,24640,[CAR],let's turn them round.,,,25.0
8917881,24640,[CHI],no.,,,25.0
8917899,24640,[CAR],there's a label on them and it says UV protection.,,,25.0
8917916,24640,[CAR],that just means your eyes won't be damaged by the sun.,,,25.0
8917939,24640,[CAR],oh.,,,25.0
8917958,24640,[CAR],aren't they lovely?,,,25.0
8917974,24640,[CAR],they've got green sides and blue frames.,,,25.0
8917992,24640,[CAR],now don't bend them backwards.,,,25.0
8918008,24640,[CAR],you don't do that.,,,25.0
8918024,24640,[CAR],you just keep them as they are.,,,25.0
8918041,24640,[CAR],over your ears.,,,25.0
8918058,24640,[CAR],look at you.,,,25.0
8918070,24640,[CAR],what a smart boy.,,,25.0
8918086,24640,[CAR],has everything gone dark?,,,25.0
8918097,24640,[CAR],has it all gone dark?,,,25.0
8918116,24640,[CHI],and this?,1.0,,25.0
8918134,24640,[CAR],would you like to go and have a look in the mirror?,,,25.0
8918150,24640,[CAR],come on.,,,25.0
8918167,24640,[CAR],let's go to the mirror.,,,25.0
8918184,24640,[CAR],and have a look and see what you look like.,,,25.0
8918222,24640,[CAR],that's right.,,,25.0
8918238,24640,[CAR],the handles go on top of your ears.,,,25.0
8918262,24640,[CAR],that's right.,,,25.0
8918280,24640,[CAR],now you've got some glasses like Mummy haven't you?,,,25.0
8918304,24640,[CAR],it means you can go out in the sun.,,,25.0
8918321,24640,[CHI],Nin_Nin.,0.0,,25.0
8918338,24640,[CHI],Dadda.,,,25.0
8918374,24640,[CAR],hello.,,,25.0
8918393,24640,[CHI],look.,,,25.0
8918445,24640,[CAR],oh no.,,,25.0
8918466,24640,[CAR],just because you've got your sunglasses on doesn't mean we're going for a walk.,,,25.0
8918490,24640,[CAR],there's no sun anyway.,,,25.0
8918507,24640,[CAR],right.,,,25.0
8918517,24640,[CAR],let me lift you up to the mirror.,,,25.0
8918546,24640,[CAR],look at that boy there.,,,25.0
8918572,24640,[CAR],who's that?,,,25.0
8918593,24640,[CAR],what are they Thomas?,,,25.0
8918607,24640,[CHI],blue.,,,25.0
8918621,24640,[CAR],blue.,,,25.0
8918638,24640,[CAR],what are they?,,,25.0
8918651,24640,[CAR],are they sunglasses?,,,25.0
8918673,24640,[CAR],well you've got to take very good care of them haven't you?,,,25.0
8918691,24640,[CHI],no.,,,25.0
8918703,24640,[CAR],and when you've and when you're not wearing them they hafta go back in the case.,,,25.0
8918731,24640,[CAR],let's put them away now.,,,25.0
8918763,24640,[CAR],when we put them on keep them on.,,,25.0
8918788,24640,[CAR],that's it.,,,25.0
8918804,24640,[CAR],oh you do look smart.,,,25.0
8918821,24640,[CAR],you do look smart.,,,25.0
8918839,24640,[CAR],aah.,,,25.0
8918856,24640,[CHI],oh dear.,1.0,,25.0
8918872,24640,[CAR],oh dear.,,,25.0
8918885,24640,[CHI],a this?,,,25.0
8918899,24640,[CAR],right.,,,25.0
8918914,24640,[CAR],be very gentle with them won't you?,,,25.0
8918934,24640,[CHI],no.,,,25.0
8918954,24640,[CAR],that's right.,,,25.0
8918966,24640,[CAR],now let's fold them up and put them away in the case shall we?,,,25.0
8918979,24640,[CAR],I like those.,,,25.0
8918993,24640,[CAR],what a smart boy.,,,25.0
8919014,24640,[CHI],night_night.,1.0,,25.0
8919032,24640,[CHI],see you.,1.0,,25.0
8919045,24640,[CAR],night_night.,,,25.0
8919058,24640,[CAR],are you going to put them away in the case?,,,25.0
8919073,24640,[CAR],well you're fascinated with those aren't you?,,,25.0
8919088,24640,[CHI],no.,,,25.0
8919101,24640,[CAR],you look lovely.,,,25.0
8919121,24640,[CHI],no.,,,25.0
8919133,24640,[CAR],are they comfortable?,,,25.0
8919147,24640,[CAR],Thomas no-no.,,,25.0
8919160,24640,[CAR],don't don't don't do that Thomas.,,,25.0
8919180,24640,[CAR],you'll break them.,,,25.0
8919194,24640,[CAR],look at Mummy's glasses.,,,25.0
8919213,24640,[CAR],right.,,,25.0
8919243,24640,[CAR],those are Mummy's glasses.,,,25.0
8919268,24640,[CAR],those are Thomas's glasses.,,,25.0
8919301,24640,[CAR],no no.,,,25.0
8919313,24640,[CAR],you've got to treat them very very gently Thomas.,,,25.0
8919335,24640,[CAR],you only fold the arms that way.,,,25.0
8919352,24640,[CAR],yes.,,,25.0
8919366,24640,[CAR],just fold the arms that way.,,,25.0
8919373,24640,[CAR],you do what Mummy's doing.,,,25.0
8919392,24640,[CAR],Mummy can't really see what she's doing because she has taken her glasses off.,,,25.0
8919426,24640,[CAR],that's right.,,,25.0
8919448,24640,[CAR],Mummy will put them on.,,,25.0
8919465,24640,[CAR],there.,,,25.0
8919484,24640,[CAR],how's that?,,,25.0
8919512,24640,[CAR],and you put Mummy's on.,,,25.0
8919532,24640,[CAR],Thomas you mustn't bend the sides.,,,25.0
8919552,24640,[CAR],just keep them straight.,,,25.0
8919573,24640,[CAR],there.,,,25.0
8919595,24640,[CAR],you've got Mummy's glasses on.,,,25.0
8919612,24640,[CAR],I bet they make your eyes feel funny though don't they?,,,25.0
8919629,24640,[CHI],some more.,-1.0,subject,25.0
8919645,24640,[CAR],some more.,,,25.0
8919661,24640,[CAR],you wanna put them on again.,,,25.0
8919678,24640,[CAR],that's right.,,,25.0
8919698,24640,[CAR],put them over your ears like that.,,,25.0
8919726,24640,[CAR],there we are.,,,25.0
8919746,24640,[CAR],over your ears.,,,25.0
8919764,24640,[CAR],you do look nice.,,,25.0
8919784,24640,[CAR],what else did you get today?,,,25.0
8919803,24640,[CAR],a new sunhat.,,,25.0
8919822,24640,[CAR],oh look at this.,,,25.0
8919845,24640,[CHI],hat.,,,25.0
8919863,24640,[CAR],it's a hat.,,,25.0
8919878,24640,[CAR],and guess who it has got on the front?,,,25.0
8919900,24640,[CHI],choo_choos.,0.0,,25.0
8919921,24640,[CAR],choo_choos.,,,25.0
8919944,24640,[CAR],it has got a picture of Thomas_The_Tank_Engine.,,,25.0
8919966,24640,[CAR],it says Thomas_The_Tank_Engine rolling along peep_peep.,,,25.0
8919984,24640,[CAR],that's nice.,,,25.0
8920009,24640,[CHI],choo_choo.,0.0,,25.0
8920029,24640,[CAR],yes.,,,25.0
8920046,24640,[CAR],yes.,,,25.0
8920065,24640,[CAR],you'll be set for your holidays now won't you?,,,25.0
8920084,24640,[CAR],some swimming+trunks and some shorts and some t+shirts.,,,25.0
8920106,24640,[CAR],some suntan cream.,,,25.0
8920122,24640,[CAR],a hat.,,,25.0
8920137,24640,[CAR],and some sunglasses.,,,25.0
8920152,24640,[CAR],let's put your hat on.,,,25.0
8920166,24640,[CAR],that's very trendy wearing your sunglasses on your head.,,,25.0
8920177,24640,[CHI],Nin_Nin.,0.0,,25.0
8920201,24640,[CHI],more.,,,25.0
8920223,24640,[CAR],let's put your hat on.,,,25.0
8920242,24640,[CHI],Nin_Nin.,0.0,,25.0
8920261,24640,[CAR],yes.,,,25.0
8920274,24640,[CAR],steady now.,,,25.0
8920295,24640,[CAR],steady.,,,25.0
8920320,24640,[CAR],right.,,,25.0
8920342,24640,[CHI],Nin_Nin.,0.0,,25.0
8920356,24640,[CAR],Thomas look at that.,,,25.0
8920373,24640,[CAR],that's a smart hat.,,,25.0
8920399,24640,[CAR],it's blue and yellow.,,,25.0
8920417,24640,[CAR],sunglasses are blue and green.,,,25.0
8920439,24640,[CAR],and the hat's blue and yellow.,,,25.0
8920460,24640,[CAR],we'll see you coming won't we?,,,25.0
8920479,24640,[CAR],keep your hat on.,,,25.0
8920495,24640,[CAR],Daddy's coming for a look.,,,25.0
8920510,24640,[CHI],Dadda.,,,25.0
8920529,24640,[CAR],no.,,,25.0
8920546,24640,[CAR],he's not coming downstairs.,,,25.0
8920560,24640,[CAR],come to the bottom of the stairs and show Daddy.,,,25.0
8920580,24640,[CAR],show Daddy what you look like.,,,25.0
8920604,24640,[CAR],right.,,,25.0
8920620,24640,[CAR],have a look at Daddy.,,,25.0
8920643,24640,[CAR],he's here.,,,25.0
8920665,24640,[CAR],oh you look smart.,,,25.0
8920689,24640,[CAR],got your sunglasses on your hat.,,,25.0
8920705,24640,[CAR],oh now what have I said about being gentle?,,,25.0
8920726,24640,[CHI],Nin_Nin chair.,-1.0,possessive,25.0
8920750,24640,[CHI],Nin_Nin chair.,-1.0,possessive,25.0
8920776,24640,[CAR],do you want me to sit back down on the chair?,,,25.0
8920804,24640,[CHI],oh dear.,1.0,,25.0
8920819,24640,[CAR],oh dear.,,,25.0
8920844,24640,[CHI],Nin_Nin chair.,-1.0,possessive,25.0
8920863,24640,[CAR],it's alright.,,,25.0
8920877,24640,[CAR],Mummy is just going to put these labels in the bin or the tags.,,,25.0
8920895,24640,[CAR],and pop the scissors away in the draw.,,,25.0
8920920,24640,[CHI],scissors all done.,-1.0,verb,25.0
8920939,24640,[CAR],that's right.,,,25.0
8920964,24640,[CAR],scissors all done.,,,25.0
8920983,24640,[CHI],a Nin_Nin chair.,-1.0,possessive,25.0
8920998,24640,[CAR],you're going to hafta wear your sunglasses now all day every day.,,,25.0
8921016,24640,[CHI],Nin_Nin.,0.0,,25.0
8921040,24640,[CAR],yes.,,,25.0
8921062,24640,[CHI],Nin_Nin chair.,-1.0,possessive,25.0
8921079,24640,[CAR],Nin_Nin chair.,,,25.0
8921099,24640,[CAR],Mummy will sit back on a chair.,,,25.0
8921116,24640,[CAR],that's alright.,,,25.0
8921134,24640,[CAR],yes.,,,25.0
8921152,24640,[CAR],that's fine.,,,25.0
8921172,24640,[CAR],come round here.,,,25.0
8921192,24640,[CAR],now you've got to be very gentle with those glasses haven't you?,,,25.0
8921211,24640,[CHI],no.,,,25.0
8921226,24640,[CAR],Thomas.,,,25.0
8921241,24640,[CAR],no.,,,25.0
8921262,24640,[CAR],just watch.,,,25.0
8921280,24640,[CAR],no.,,,25.0
8921301,24640,[CAR],that's good.,,,25.0
8921364,24640,[CAR],oh no.,,,25.0
8921385,24640,[CAR],mustn't bend them out.,,,25.0
8921404,24640,[CAR],mustn't bend them out like that.,,,25.0
8921429,24640,[CHI],no.,,,25.0
8921457,24640,[CAR],no.,,,25.0
8921475,24640,[CAR],you must be very gentle with the sides.,,,25.0
8921505,24640,[CAR],who's a smart boy.,,,25.0
8921523,24640,[CAR],who's a smart boy.,,,25.0
8921538,24640,[CAR],what are they?,,,25.0
8921563,24640,[CAR],glasses?,,,25.0
8921578,24640,[CAR],sunglasses?,,,25.0
8921597,24640,[CHI],oh dear.,1.0,,25.0
8921615,24640,[CAR],where are they?,,,25.0
8921633,24640,[CAR],have you put them somewhere safe?,,,25.0
8921658,24640,[CAR],can I show you something else you've got to be gentle with Thomas?,,,25.0
8921681,24640,[CHI],Nin_Nin.,0.0,,25.0
8921710,24640,[CAR],who's that?,,,25.0
8921728,24640,[CAR],that's the toy pussy+cat isn't it?,,,25.0
8921746,24640,[CAR],and let's look at the pussy+cat.,,,25.0
8921767,24640,[CAR],she has got two eyes.,,,25.0
8921785,24640,[CAR],and a nose.,,,25.0
8921800,24640,[CAR],two ears.,,,25.0
8921811,24640,[CAR],a head.,,,25.0
8921824,24640,[CAR],four legs.,,,25.0
8921844,24640,[CAR],and a tail.,,,25.0
8921869,24640,[CAR],now that's right.,,,25.0
8921888,24640,[CAR],you're kissing her now.,,,25.0
8921904,24640,[CHI],aah.,,,25.0
8921920,24640,[CAR],but you've got to be very very gentle.,,,25.0
8921939,24640,[CAR],this is like Purdie.,,,25.0
8921961,24640,[CAR],now that's her tail.,,,25.0
8921976,24640,[CAR],this is her tail.,,,25.0
8921997,24640,[CAR],this is her tail.,,,25.0
8922019,24640,[CAR],and you don't pull her tail.,,,25.0
8922043,24640,[CHI],no.,,,25.0
8922063,24640,[CAR],no.,,,25.0
8922081,24640,[CAR],that's right.,,,25.0
8922096,24640,[CAR],you kiss her gently.,,,25.0
8922109,24640,[CAR],Thomas that's her tail and you don't pull her tail do you?,,,25.0
8922129,24640,[CHI],no.,,,25.0
8922145,24640,[CAR],no.,,,25.0
8922158,24640,[CAR],because it'll hurt her won't it?,,,25.0
8922173,24640,[CAR],okay.,,,25.0
8922182,24640,[CAR],just stroke her.,,,25.0
8922201,24640,[CAR],you pretend that's Purdie.,,,25.0
8922215,24640,[CAR],and you just stroke the top of her head.,,,25.0
8922235,24640,[CAR],aah Purdie.,,,25.0
8922254,24640,[CAR],aah Purdie.,,,25.0
8922270,24640,[CAR],I think if you did that with Purdie she would probably scratch you.,,,25.0
8922317,24640,[CAR],if you picked her up by her tail and did that?,,,25.0
8922342,24640,[CAR],oh poor pussy+cat.,,,25.0
8922361,24640,[CAR],poor pussy+cat.,,,25.0
8922378,24640,[CAR],go and get her.,,,25.0
8922403,24640,[CAR],go and get the pussy+cat and we'll talk about her again.,,,25.0
8922423,24640,[CAR],just listen.,,,25.0
8922438,24640,[CAR],Purdie stays upstairs most of the time doesn't she?,,,25.0
8922460,24640,[CAR],because sometimes you scream a bit and I think you frighten her.,,,25.0
8922494,24640,[CAR],yes.,,,25.0
8922511,24640,[CAR],you do that and it's it's a frightening noise for a pussy+cat.,,,25.0
8922531,24640,[CAR],and I think Purdie wants to be your friend because she doesn't run away when you come down does she?,,,25.0
8922556,24640,[CHI],no.,,,25.0
8922574,24640,[CAR],no.,,,25.0
8922591,24640,[CAR],she stays.,,,25.0
8922606,24640,[CAR],and she'd like to be your friend.,,,25.0
8922622,24640,[CAR],but sometimes you just squeal and she doesn't like it.,,,25.0
8922649,24640,[CAR],so if you can just learn to stroke his head.,,,25.0
8922676,24640,[CAR],just her head.,,,25.0
8922696,24640,[CAR],can you hear her purring?,,,25.0
8922716,24640,[CAR],yes.,,,25.0
8922734,24640,[CAR],if you could just learn to stroke Purdie very gently like that.,,,25.0
8922764,24640,[CAR],she'd purr like this toy cat purrs.,,,25.0
8922785,24640,[CAR],oh you've found the sunglasses again.,,,25.0
8922805,24640,[CAR],they're nice aren't they?,,,25.0
8922822,24640,[CHI],oh.,,,25.0
8922837,24640,[CAR],oh look at you.,,,25.0
8922857,24640,[CAR],what do you think Dipsy looks like with his sunglasses?,,,25.0
8922876,24640,[CAR],are you going to go and try them on Dipsy?,,,25.0
8922896,24640,[CAR],the other way.,,,25.0
8922914,24640,[CAR],other way.,,,25.0
8922933,24640,[CAR],turn the glasses round the other way Thomas.,,,25.0
8922945,24640,[CHI],uhoh.,,,25.0
8922963,24640,[CAR],do you see Dipsy.,,,25.0
8922976,24640,[CHI],oh dear.,1.0,,25.0
8922996,24640,[CAR],you've pressed Dipsy's tummy and he has started to talk hasn't he?,,,25.0
8923020,24640,[CAR],and now you've pressed Po's tummy and she's talking.,,,25.0
8923039,24640,[CAR],they're both talking aren't they?,,,25.0
8923055,24640,[CAR],what were the teletubbies saying to you?,,,25.0
8923099,24640,[CAR],that's right you put the sunglasses on Po.,,,25.0
8923119,24640,[CAR],let Po sit on Mummy's knee.,,,25.0
8923141,24640,[CAR],that's right.,,,25.0
8923156,24640,[CAR],Po can sit on Mummy's knee.,,,25.0
8923172,24640,[CAR],and you put the sunglasses on her very gently.,,,25.0
8923255,24640,[CAR],that's right.,,,25.0
8923281,24640,[CAR],look.,,,25.0
8923297,24640,[CAR],the sides go over her ears.,,,25.0
8923316,24640,[CAR],and that sits on her head.,,,25.0
8923337,24640,[CAR],look at Po with glasses on.,,,25.0
8923359,24640,[CAR],now Po can go out in the sun can't she?,,,25.0
8923377,24640,[CAR],they're upside down Thomas.,,,25.0
8923411,24640,[CAR],they're upside down.,,,25.0
8923467,24640,[CAR],they're upside down.,,,25.0
8923483,24640,[CAR],there we are.,,,25.0
8923498,24640,[CAR],what have you got.,,,25.0
8923515,24640,[CAR],oh two yoghurt pots.,,,25.0
8923530,24640,[CAR],are you bashing them together?,,,25.0
8923549,24640,[CAR],mm.,,,25.0
8923565,24640,[CHI],Nin_Nin.,0.0,,25.0
8923587,24640,[CAR],yes.,,,25.0
8923602,24640,[CAR],oh what a noise.,,,25.0
8923625,24640,[CAR],what a noise.,,,25.0
8923639,24640,[CAR],what a noise.,,,25.0
8923661,24640,[CAR],Mummy is going to sit and have a cup of tea now.,,,25.0
8923680,24640,[CHI],Nin_Nin.,0.0,,25.0
8923696,24640,[CHI],Nin_Nin.,0.0,,25.0
8923717,24640,[CHI],Nin_Nin.,0.0,,25.0
8923737,24640,[CAR],is that your hairbrush?,,,25.0
8923758,24640,[CHI],brush.,,,25.0
8923773,24640,[CAR],your hairbrush.,,,25.0
8923791,24640,[CAR],and what color is the hairbrush?,,,25.0
8923813,24640,[CHI],yellow and blue.,1.0,,25.0
8923834,24640,[CAR],yellow and blue.,,,25.0
8923853,24640,[CAR],good boy.,,,25.0
8923885,24640,[CAR],I think if you start brushing your balloon with the hairbrush it will go pop won't it?,,,25.0
8923917,24640,[CHI],pop.,,,25.0
8923931,24640,[CHI],oh oh.,1.0,,25.0
8923954,24640,[CAR],I think it will go pop.,,,25.0
8923974,24640,[CAR],we've got one more box to open haven't we?,,,25.0
8923996,24640,[CAR],we've opened the sunglasses and we've taken the label off the hat.,,,25.0
8924019,24640,[CAR],what else have we got?,,,25.0
8924037,24640,[CAR],that's right.,,,25.0
8924054,24640,[CAR],are you clearing a space?,,,25.0
8924075,24640,[CAR],clear a space and you'll get them on the floor.,,,25.0
8924093,24640,[CHI],snip snip.,0.0,,25.0
8924120,24640,[CAR],snip snip.,,,25.0
8924138,24640,[CAR],yes.,,,25.0
8924161,24640,[CAR],we don't need the scissors to open this do we?,,,25.0
8924192,24640,[CHI],no.,,,25.0
8924205,24640,[CAR],this isn't really very exciting for you Thomas.,,,25.0
8924227,24640,[CHI],what's dis?,1.0,,25.0
8924251,24640,[CAR],there's the box.,,,25.0
8924267,24640,[CAR],but it's quite exciting for Mummy.,,,25.0
8924293,24640,[CAR],because this is something that Mummy can stick on the patio door.,,,25.0
8924317,24640,[CAR],so that when the doors open if it happens to be pulled by you it isn't going to trap your fingers is it?,,,25.0
8924345,24640,[CHI],Nin_Nin.,0.0,,25.0
8924358,24640,[CAR],now let's see what it says.,,,25.0
8924378,24640,[CAR],because I'm not sure how to do it.,,,25.0
8924401,24640,[CAR],now you see I don't think you found that very exciting did you?,,,25.0
8924426,24640,[CHI],no.,,,25.0
8924443,24640,[CAR],no.,,,25.0
8924460,24640,[CAR],but Mummy did.,,,25.0
8924499,24640,[CAR],no.,,,25.0
8924521,24640,[CAR],I don't think the box makes a good hat for Mummy's head do you?,,,25.0
8924540,24640,[CAR],is that what you were trying to do?,,,25.0
8924561,24640,[CAR],put it on Mummy's head.,,,25.0
8924604,24640,[CHI],no.,,,25.0
8924618,24640,[CHI],uhoh.,,,25.0
8924634,24640,[CAR],I think your friend Daniel's Mummy wanted some for her door as well.,,,25.0
8924656,24640,[CAR],so if this works we'll hafta tell them all about it won't we?,,,25.0
8924681,24640,[CHI],Nin_Nin.,0.0,,25.0
8924700,24640,[CAR],yes.,,,25.0
8924721,24640,[CHI],Nin_Nin.,0.0,,25.0
8924743,24640,[CAR],yes.,,,25.0
8924763,24640,[CAR],are you making Po talk?,,,25.0
8924777,24640,[CHI],Nin_Nin.,0.0,,25.0
8924789,24640,[CAR],are you going to talk back to Po?,,,25.0
8924810,24640,[CHI],uhoh.,,,25.0
8924834,24640,[CHI],ooh nice.,1.0,,25.0
8924857,24640,[CAR],oh thank you.,,,25.0
8924875,24640,[CAR],does Mummy smell nice?,,,25.0
8924895,24640,[CAR],does Mummy smell nice?,,,25.0
8924920,24640,[CHI],oh.,,,25.0
8924944,24640,[CAR],no.,,,25.0
8924960,24640,[CAR],don't touch the fire guard.,,,25.0
8924984,24640,[CHI],no.,,,25.0
8924997,24640,[CAR],would you like a sip of tea?,,,25.0
8925015,24640,[CAR],mm.,,,25.0
8925026,24640,[CAR],oh was that good?,,,25.0
8925043,24640,[CAR],what are you drinking Thomas?,,,25.0
8925059,24640,[CAR],what are you drinking?,,,25.0
8925077,24640,[CAR],no.,,,25.0
8925098,24640,[CHI],more tea.,1.0,,25.0
8925110,24640,[CAR],tea.,,,25.0
8925126,24640,[CAR],more tea.,,,25.0
8925143,24640,[CAR],steady now.,,,25.0
8925157,24640,[CAR],steady.,,,25.0
8925174,24640,[CAR],you're going to spill it.,,,25.0
8925199,24640,[CHI],Nin_Nin shoe.,0.0,,25.0
8925223,24640,[CHI],Nin_Nin shoe.,0.0,,25.0
8925241,24640,[CAR],yes.,,,25.0
8925262,24640,[CAR],Nin_Nin's shoes.,,,25.0
8925282,24640,[CAR],yes.,,,25.0
8925298,24640,[CAR],we've got a little drop of tea on Mummy's shoes.,,,25.0
8925318,24640,[CAR],that's it.,,,25.0
8925337,24640,[CAR],gently.,,,25.0
8925353,24640,[CAR],little sips.,,,25.0
8925367,24640,[CAR],is that nice?,,,25.0
8925387,24640,[CAR],are you going to sit on the floor and read your book?,,,25.0
8925400,24640,[CHI],moo.,,,25.0
8925412,24640,[CAR],are there some cows?,,,25.0
8925421,24640,[CHI],no.,,,25.0
8925440,24640,[CAR],you show Mummy what's in the book.,,,25.0
8925464,24640,[CHI],oh mess.,-1.0,determiner,25.0
8925488,24640,[CAR],a mess.,,,25.0
8925506,24640,[CAR],oh dear.,,,25.0
8925522,24640,[CAR],I don't think he's a mess really.,,,25.0
8925545,24640,[CAR],I think he has just had his face painted.,,,25.0
8925562,24640,[CAR],he does look a bit strange I admit.,,,25.0
8925587,24640,[CAR],what else is in the book.,,,25.0
8925603,24640,[CHI],a this?,,,25.0
8925621,24640,[CHI],oh.,,,25.0
8925644,24640,[CAR],those are some people aren't they?,,,25.0
8925664,24640,[CHI],oh.,,,25.0
8925680,24640,[CAR],what can you see?,,,25.0
8925697,24640,[CAR],what can Thomas see?,,,25.0
8925713,24640,[CHI],oh.,,,25.0
8925732,24640,[CHI],oh this.,1.0,,25.0
8925748,24640,[CHI],Nin_Nin.,0.0,,25.0
8925761,24640,[CHI],Nin_Nin.,0.0,,25.0
8925775,24640,[CAR],yes.,,,25.0
8925795,24640,[CHI],blue.,,,25.0
8925808,24640,[CHI],a blue ball.,1.0,,25.0
8925828,24640,[CHI],a blue ball.,1.0,,25.0
8925844,24640,[CHI],blue ball.,-1.0,determiner,25.0
8925859,24640,[CHI],ball.,,,25.0
8925876,24640,[CAR],what can you see?,,,25.0
8925896,24640,[CAR],what can you see Thomas?,,,25.0
8925914,24640,[CAR],what can you see out of the window?,,,25.0
8925934,24640,[CHI],Nin_Nin.,0.0,,25.0
8925954,24640,[CHI],knock knock who's there?,1.0,,25.0
8925982,24640,[CAR],knock knock who's there?,,,25.0
8925998,24640,[CAR],are you knocking on the window?,,,25.0
8926013,24640,[CAR],I don't think there's anybody there is there?,,,25.0
8926035,24640,[CHI],oh.,,,25.0
8926049,24640,[CHI],Nin_Nin.,0.0,,25.0
8926074,24640,[CAR],we'll show Daddy the when he comes down.,,,25.0
8926095,24640,[CAR],he can fit it can't he?,,,25.0
8926114,24640,[CHI],oh.,,,25.0
8926134,24640,[CHI],Nin_Nin.,0.0,,25.0
8926150,24640,[CHI],Nin_Nin.,0.0,,25.0
8926170,24640,[CAR],yes.,,,25.0
8926194,24640,[CAR],are you making a rocking+chair rock?,,,25.0
8926214,24640,[CHI],Nin_Nin.,0.0,,25.0
8926230,24640,[CAR],someone's making the rocking+chair rock.,,,25.0
8926264,24640,[CAR],are you having a rock?,,,25.0
8926277,24640,[CHI],what's dis?,1.0,,25.0
8926292,24640,[CAR],that's a book.,,,25.0
8926306,24640,[CHI],book.,,,25.0
8926326,24640,[CHI],a this?,,,25.0
8926340,24640,[CAR],a book.,,,25.0
8926363,24640,[CAR],look at the children.,,,25.0
8926394,24640,[CAR],what's the little boy holding?,,,25.0
8926420,24640,[CHI],football.,,,25.0
8926431,24640,[CAR],a football.,,,25.0
8926451,24640,[CAR],lots_of children aren't there?,,,25.0
8926469,24640,[CAR],are they children or are they babies.,,,25.0
8926491,24640,[CHI],poo.,,,25.0
8926510,24640,[CHI],Nin_Nin.,0.0,,25.0
8926524,24640,[CAR],yes.,,,25.0
8926548,24640,[CHI],poo.,,,25.0
8926568,24640,[CAR],poo.,,,25.0
8926595,24640,[CAR],what's poo?,,,25.0
8926604,24640,[CHI],poo.,,,25.0
8926625,24640,[CAR],you mean Po because it's red.,,,25.0
8926645,24640,[CHI],poo.,,,25.0
8926660,24640,[CAR],oh does she not smell very nice?,,,25.0
8926683,24640,[CHI],no.,,,25.0
8926702,24640,[CAR],oh.,,,25.0
8926723,24640,[CHI],Nin_Nin.,0.0,,25.0
8926731,24640,[CAR],oh look at the picture of some children making pictures.,,,25.0
8926751,24640,[CAR],now you do that don't you?,,,25.0
8926769,24640,[CHI],Nin_Nin.,0.0,,25.0
8926790,24640,[CHI],a this?,,,25.0
8926811,24640,[CAR],that's paint.,,,25.0
8926824,24640,[CAR],what does Thomas do?,,,25.0
8926842,24640,[CAR],we put some aprons on him.,,,25.0
8926856,24640,[CAR],and some paint in your hands and you make finger paints don't you?,,,25.0
8926880,24640,[CHI],a this?,,,25.0
8926899,24640,[CHI],a this?,,,25.0
8926913,24640,[CHI],big splash.,-1.0,determiner,25.0
8926930,24640,[CAR],that's right.,,,25.0
8926945,24640,[CAR],it's a big splash.,,,25.0
8926959,24640,[CAR],some children playing in the bath.,,,25.0
8926976,24640,[CHI],big splash.,-1.0,determiner,25.0
8926988,24640,[CHI],two babies.,0.0,,25.0
8927001,24640,[CAR],two babies.,,,25.0
8927016,24640,[CAR],that's a little girl giving her doll a bath.,,,25.0
8927031,24640,[CAR],are you saying it's two babies?,,,25.0
8927055,24640,[CAR],it's a little girl bathing her dolly.,,,25.0
8927078,24640,[CAR],look.,,,25.0
8927094,24640,[CAR],it shows you all the things you can do in a bath.,,,25.0
8927112,24640,[CAR],you can scrub your nails with the nail brush.,,,25.0
8927129,24640,[CAR],you can sail a boat on a bubbly sea.,,,25.0
8927145,24640,[CAR],you can blow some foamy bubbles.,,,25.0
8927164,24640,[CAR],and you can give dolly a bath too.,,,25.0
8927184,24640,[CAR],look at all these clean.,,,25.0
8927201,24640,[CAR],would you like to come and sit on Mummy's knee and.,,,25.0
8927220,24640,[CHI],a sit Nin_Nin's knee now.,-1.0,"subject, tense_aspect",25.0
8927234,24640,[CAR],would you like to sit on Mummy's knee?,,,25.0
8927253,24640,[CHI],brush.,,,25.0
8927269,24640,[CHI],brush.,,,25.0
8927284,24640,[CAR],that's right.,,,25.0
8927310,24640,[CAR],it's a brush for cleaning up.,,,25.0
8927324,24640,[CAR],that little girl's tidying up her toy+box.,,,25.0
8927345,24640,[CAR],that's what you can do in a few minutes.,,,25.0
8927368,24640,[CAR],aah and she's putting away her books.,,,25.0
8927388,24640,[CAR],look.,,,25.0
8927407,24640,[CAR],that little boy is dusting his train.,,,25.0
8927422,24640,[CAR],and that little boy's sweeping up with the dustpan and brush.,,,25.0
8927442,24640,[CAR],and that little girl is sweeping the floor with a long handled broom.,,,25.0
8927473,24640,[CAR],and this little girl washing her dolly's clothes.,,,25.0
8927492,24640,[CAR],we've got to wash our clothes tomorrow haven't we?,,,25.0
8927509,24640,[CHI],Nin_Nin.,0.0,,25.0
8927524,24640,[CAR],that's a vacuum+cleaner.,,,25.0
8927557,24640,[CAR],what do you call a vacuum+cleaner?,,,25.0
8927580,24640,[CAR],what do you call a vacuum+cleaner?,,,25.0
8927598,24640,[CAR],you say Noo_Noo don't you?,,,25.0
8927627,24640,[CHI],Noo_Noo.,0.0,,25.0
8927645,24640,[CAR],Noo_Noo.,,,25.0
8927657,24640,[CHI],Nin_Nin.,0.0,,25.0
8927666,24640,[CAR],yes.,,,25.0
8927679,24640,[CHI],a this.,,,25.0
8927689,24640,[CHI],a this.,,,25.0
8927702,24640,[CHI],juice.,,,25.0
8927713,24640,[CAR],juice.,,,25.0
8927734,24640,[CAR],can you see some juice?,,,25.0
8927750,24640,[CHI],balloon.,,,25.0
8927767,24640,[CAR],a balloon.,,,25.0
8927779,24640,[CAR],they're flying a balloon aren't they?,,,25.0
8927797,24640,[CHI],a there.,,,25.0
8927813,24640,[CAR],that's a red balloon.,,,25.0
8927836,24640,[CHI],a this?,,,25.0
8927857,24640,[CHI],a this?,,,25.0
8927877,24640,[CHI],a this?,,,25.0
8927897,24640,[CHI],a this?,,,25.0
8927920,24640,[CAR],that's a little boy digging in the sand.,,,25.0
8927940,24640,[CAR],now we've just been talking about Summer holidays haven't we?,,,25.0
8927953,24640,[CAR],because if your remember Mummy said you have shorts and a t+shirt like these children are wearing.,,,25.0
8927972,24640,[CAR],and sunglasses.,,,25.0
8927988,24640,[CAR],look at that little boy with his sunglasses.,,,25.0
8928016,24640,[CAR],and all the children are wearing hats.,,,25.0
8928028,24640,[CHI],a this?,,,25.0
8928041,24640,[CHI],a this?,,,25.0
8928057,24640,[CHI],a this?,,,25.0
8928074,24640,[CAR],that's a little boy wearing sunglasses.,,,25.0
8928092,24640,[CHI],a this?,,,25.0
8928099,24640,[CAR],have you noticed when he has got his sunglasses on he's just leaving them where they are isn't he?,,,25.0
8928135,24640,[CHI],a this?,,,25.0
8928139,24640,[CAR],he's not taking them on and off.,,,25.0
8928158,24640,[CHI],a this?,,,25.0
8928171,24640,[CAR],that's a white mark on his face because Daddy's dabbing some sun cream on the little boy's nose.,,,25.0
8928186,24640,[CAR],because otherwise he might get burnt with the sun.,,,25.0
8928198,24640,[CAR],when we go out in the sun we dab sun cream on your nose don't we?,,,25.0
8928216,24640,[CAR],and where's the picture of the ice+cream?,,,25.0
8928225,24640,[CHI],oh it's there.,1.0,,25.0
8928245,24640,[CAR],aah I thought you might spot that one.,,,25.0
8928265,24640,[CHI],what's dis?,1.0,,25.0
8928271,24640,[CAR],that's some children dressing up.,,,25.0
8928292,24640,[CHI],vroom_vroom.,0.0,,25.0
8928306,24640,[CAR],yes.,,,25.0
8928316,24640,[CAR],she's riding her bicycle isn't she?,,,25.0
8928333,24640,[CHI],that.,,,25.0
8928358,24640,[CHI],a this?,,,25.0
8928368,24640,[CAR],can you see a picture of Dobbin?,,,25.0
8928392,24640,[CAR],can you see a little girl riding a horse like your Dobbin?,,,25.0
8928412,24640,[CHI],a this?,,,25.0
8928427,24640,[CAR],there's Dobbin.,,,25.0
8928436,24640,[CHI],a this?,,,25.0
8928461,24640,[CAR],there's Dobbin.,,,25.0
8928480,24640,[CHI],and this?,1.0,,25.0
8928495,24640,[CHI],and this?,1.0,,25.0
8928510,24640,[CAR],that's a tricycle.,,,25.0
8928524,24640,[CHI],a this?,,,25.0
8928542,24640,[CHI],Nin_Nin.,0.0,,25.0
8928564,24640,[CAR],there is some girls dancing.,,,25.0
8928582,24640,[CAR],this is an action song.,,,25.0
8928597,24640,[CAR],she's saying I'm a little teapot short and stout.,,,25.0
8928614,24640,[CAR],we sang that actually at nursery didn't we?,,,25.0
8928640,24640,[CAR],a couple of weeks ago.,,,25.0
8928654,24640,[CAR],do you remember the teapot song?,,,25.0
8928666,24640,[CHI],a this?,,,25.0
8928680,24640,[CAR],that's the picture of the donkey.,,,25.0
8928695,24640,[CHI],moo.,,,25.0
8928711,24640,[CHI],moo.,,,25.0
8928729,24640,[CHI],Nin_Nin.,0.0,,25.0
8928740,24640,[CAR],there's some children playing in the water.,,,25.0
8928757,24640,[CAR],there's an umbrella.,,,25.0
8928773,24640,[CAR],the umbrella's stopping the rain water from falling on the children's head.,,,25.0
8928791,24640,[CAR],and the Wellingtons are stopping the little girl's feet from getting wet when she's splashing in the puddles.,,,25.0
8928811,24640,[CAR],look.,,,25.0
8928836,24640,[CAR],she says splish splash splosh.,,,25.0
8928853,24640,[CAR],splish splosh splash.,,,25.0
8928867,24640,[CHI],big splash.,-1.0,determiner,25.0
8928882,24640,[CAR],big splash.,,,25.0
8928897,24640,[CAR],and those children are in a paddling pool playing with a bucket aren't they?,,,25.0
8928918,24640,[CAR],and that little girl has got a yellow watering can like yours exactly like yours.,,,25.0
8928936,24640,[CAR],and she's watering the plants.,,,25.0
8928950,24640,[CAR],look at these children dancing.,,,25.0
8928964,24640,[CAR],do you think they're dancing and singing?,,,25.0
8928981,24640,[CHI],a this?,,,25.0
8928997,24640,[CHI],a this?,,,25.0
8929015,24640,[CAR],those are some children helping in the kitchen aren't they?,,,25.0
8929032,24640,[CAR],there's the little boy.,,,25.0
8929048,24640,[CAR],he's helping his Daddy to do the washing+up.,,,25.0
8929064,24640,[CAR],and this little girl is helping Daddy dry up the dishes.,,,25.0
8929082,24640,[CAR],and that little boy has been rolling some pastry with the rolling+pin.,,,25.0
8929100,24640,[CAR],and he's cutting out some shapes.,,,25.0
8929118,24640,[CAR],you do that with your Play_Doh don't you?,,,25.0
8929142,24640,[CHI],what's this?,1.0,,25.0
8929159,24640,[CAR],that little boy's helping his Mummy mix a cake.,,,25.0
8929179,24640,[CHI],what's dis?,1.0,,25.0
8929198,24640,[CAR],that's the little boy helping his Mummy.,,,25.0
8929223,24640,[CAR],did you help your Mummy in the kitchen with a wooden spoon and a bowl?,,,25.0
8929244,24640,[CHI],what's dis?,1.0,,25.0
8929260,24640,[CAR],do you remember making those chocolate crispie cakes a few weeks ago?,,,25.0
8929277,24640,[CAR],ooh you're a lovely boy aren't you?,,,25.0
8929292,24640,[CHI],what's dis?,1.0,,25.0
8929310,24640,[CHI],a this?,,,25.0
8929340,24640,[CAR],that's the little boy helping his Daddy wash up.,,,25.0
8929363,24640,[CHI],a this?,,,25.0
8929398,24640,[CHI],a this?,,,25.0
8929407,24640,[CHI],what's dis?,1.0,,25.0
8929429,24640,[CAR],that's a little girl playing with her Mummy.,,,25.0
8929455,24640,[CHI],and this?,1.0,,25.0
8929470,24640,[CAR],she's probably holding her Mummy's hand and then they are going to do some jumping.,,,25.0
8929490,24640,[CAR],you do some jumping don't you?,,,25.0
8929514,24640,[CHI],a bump.,,,25.0
8929525,24640,[CHI],bump.,,,25.0
8929541,24640,[CHI],Nin_Nin.,0.0,,25.0
8929555,24640,[CAR],yes.,,,25.0
8929574,24640,[CHI],bump.,,,25.0
8929585,24640,[CAR],bump.,,,25.0
8929608,24640,[CHI],what's dis?,1.0,,25.0
8929624,24640,[CHI],what's dis?,1.0,,25.0
8929633,24640,[CAR],that's a red bean+bag.,,,25.0
8929649,24640,[CHI],a this.,,,25.0
8929668,24640,[CHI],boo boo.,0.0,,25.0
8929698,24640,[CHI],Nin_Nin.,0.0,,25.0
8929712,24640,[CAR],yes.,,,25.0
8929727,24640,[CHI],boo.,,,25.0
8929741,24640,[CAR],are you playing peepo with the people in the book?,,,25.0
8929770,24640,[CHI],peepo.,,,25.0
8929784,24640,[CAR],peepo.,,,25.0
8929803,24640,[CAR],are you hiding your face?,,,25.0
8929828,24640,[CHI],peepo.,,,25.0
8929846,24640,[CAR],peepo.,,,25.0
8929864,24640,[CHI],peepo.,,,25.0
8929882,24640,[CAR],peepo.,,,25.0
8929895,24640,[CAR],are we going to go now?,,,25.0
8929913,24640,[CHI],Nin_Nin.,0.0,,25.0
8929955,24640,[CAR],are you going to say byebye?,,,25.0
8929971,24640,[CAR],are you going to say byebye to the children in the book?,,,25.0
8929988,24640,[CHI],byebye.,,,25.0
8930001,24640,[CHI],see you.,1.0,,25.0
8930030,24640,[CAR],thank you.,,,25.0
8930043,24640,[CAR],have we finished with the book.,,,25.0
8930065,24640,[CHI],a Bow.,,,25.0
8930086,24640,[CAR],yes.,,,25.0
8930116,24640,[CAR],it's Purdie.,,,25.0
8930128,24640,[CAR],that's right.,,,25.0
8930145,24640,[CAR],you put the book back where we found it.,,,25.0
8930162,24640,[CAR],that's a good boy.,,,25.0
8930178,24640,[CAR],that's a clever boy.,,,25.0
8930204,24640,[CAR],thank you very much.,,,25.0
8930225,24640,[CAR],thank you.,,,25.0
8930250,24640,[CAR],good boy.,,,25.0
8930265,24640,[CHI],Nin_Nin.,0.0,,25.0
8930282,24640,[CHI],byebye.,,,25.0
8930297,24640,[CHI],see you.,1.0,,25.0
8930313,24640,[CAR],byebye book.,,,25.0
8930334,24640,[CAR],now we're just going to let Purdie out.,,,25.0
8930349,24640,[CAR],do you wanna come up Poppet?,,,25.0
8930391,24640,[CAR],now we don't touch her tail do we?,,,25.0
8930409,24640,[CAR],what did Mummy just say about tails?,,,25.0
8930429,24640,[CHI],no.,,,25.0
8930447,24640,[CAR],no.,,,25.0
8930458,24640,[CAR],we don't touch tails.,,,25.0
8930476,24640,[CAR],if you do touch her you just touch her very very gently to give her a stroke.,,,25.0
8930493,24640,[CAR],no Thomas.,,,25.0
8930513,24640,[CAR],no.,,,25.0
8930529,24640,[CAR],the only type of stroke you'll give Purdie is not a very nice stroke the way you're going.,,,25.0
8930549,24640,[CAR],because you'll frighten her.,,,25.0
8930577,24640,[CAR],no.,,,25.0
8930591,24640,[CAR],leave her leave her.,,,25.0
8930618,24640,[CAR],right.,,,25.0
8930631,24640,[CAR],let Purdie eat her food Thomas.,,,25.0
8930670,24640,[CAR],mm nice.,,,25.0
8930681,24640,[CHI],mm nice.,1.0,,25.0
8930695,24640,[CAR],we'll leave Purdie to eat her dinner in peace shall we?,,,25.0
8930712,24640,[CAR],just leave Purdie a few moments darling.,,,25.0
8930742,24640,[CHI],oh dear.,1.0,,25.0
8930757,24640,[CHI],what's dis?,1.0,,25.0
8930774,24640,[CAR],this is just something Mummy is turning off.,,,25.0
9189057,24830,[CHI],not going yet.,-1.0,"subject, present_progressive",34.0
9189072,24830,[CAR],that was quick wasn't it?,,,34.0
9189092,24830,[CAR],I've just been outside Thomas.,,,34.0
9189107,24830,[CHI],yes.,,,34.0
9189121,24830,[CAR],and the man wasn't there then was he?,,,34.0
9189143,24830,[CHI],no.,,,34.0
9189158,24830,[CAR],I wonder which way he came from today.,,,34.0
9189178,24830,[CAR],I didn't even hear the lorry coming.,,,34.0
9189200,24830,[CHI],no.,,,34.0
9189219,24830,[CAR],he's waving.,,,34.0
9189236,24830,[CHI],he's waving.,1.0,,34.0
9189253,24830,[CAR],the man's waving at you.,,,34.0
9189267,24830,[CAR],look.,,,34.0
9189280,24830,[CAR],can you wave?,,,34.0
9189293,24830,[CAR],can you see him?,,,34.0
9189308,24830,[CAR],there you are.,,,34.0
9189319,24830,[CAR],two men waving at you today.,,,34.0
9189340,24830,[CHI],yes.,,,34.0
9189358,24830,[CAR],the man who brought the clean bin bags round for next week.,,,34.0
9189381,24830,[CAR],and the man who loaded up the dirty rubbish.,,,34.0
9189403,24830,[CAR],they both turned round and waved.,,,34.0
9189420,24830,[CAR],there's Sue's rubbish going in the bin.,,,34.0
9189453,24830,[CAR],how many men are putting rubbish in today?,,,34.0
9189466,24830,[CHI],there's two.,0.0,,34.0
9189488,24830,[CAR],no.,,,34.0
9189498,24830,[CAR],there's how many?,,,34.0
9189512,24830,[CHI],a lot.,1.0,,34.0
9189528,24830,[CAR],a lot.,,,34.0
9189545,24830,[CAR],there's one two.,,,34.0
9189561,24830,[CHI],three.,,,34.0
9189576,24830,[CAR],three.,,,34.0
9189590,24830,[CAR],three men.,,,34.0
9189606,24830,[CAR],and I can see another man walking in the opposite direction.,,,34.0
9189630,24830,[CAR],and that's the driver got into his cab.,,,34.0
9189651,24830,[CAR],right.,,,34.0
9189667,24830,[CAR],that's.,,,34.0
9189686,24830,[CHI],yellow trousers walking.,-1.0,"determiner, present_progressive",34.0
9189703,24830,[CAR],yellow trousers walking.,,,34.0
9189719,24830,[CAR],oh I don't think he is the dustbin man.,,,34.0
9189741,24830,[CAR],I think he has got the same colored trousers.,,,34.0
9189764,24830,[CAR],oh perhaps he has.,,,34.0
9189778,24830,[CHI],look like a dustbin man.,-1.0,"subject, sv_agreement",34.0
9189801,24830,[CAR],he does look like a dustbin man.,,,34.0
9189819,24830,[CAR],he has got green and yellow trousers like the dustbin man but he looks like he's pushing something through peoples letterboxes.,,,34.0
9189845,24830,[CHI],by me.,-1.0,"subject, verb",34.0
9189864,24830,[CHI],by my house.,-1.0,"subject, verb",34.0
9189879,24830,[CAR],well we'll see in a minute because he's bound to put something in ours isn't he?,,,34.0
9189894,24830,[CAR],right.,,,34.0
9189914,24830,[CHI],where dustbin man.,-1.0,"verb, determiner",34.0
9189929,24830,[CAR],yes.,,,34.0
9189943,24830,[CAR],and there's Stephen.,,,34.0
9189962,24830,[CAR],he must be going to collect Liam from school I think.,,,34.0
9189983,24830,[CHI],where's Stephen.,1.0,,34.0
9190021,24830,[CAR],that was a surprise.,,,34.0
9190033,24830,[CAR],hello Purdie.,,,34.0
9190046,24830,[CHI],hello.,,,34.0
9190059,24830,[CHI],don't spill my juice.,1.0,,34.0
9190075,24830,[CAR],I think?,,,34.0
9190091,24830,[CAR],yes.,,,34.0
9190100,24830,[CAR],Purdie jumped over your juice to get into the window didn't she?,,,34.0
9190114,24830,[CHI],sorry Purd.,1.0,,34.0
9190128,24830,[CHI],I not mean.,-1.0,auxiliary,34.0
9190144,24830,[CHI],Purdie jump over your window.,-1.0,sv_agreement,34.0
9190161,24830,[CAR],oh she has come to watch the dustbin men and she has missed them.,,,34.0
9190182,24830,[CAR],they've gone haven't they?,,,34.0
9190198,24830,[CHI],um.,,,34.0
9190219,24830,[CHI],sorry Purdie.,1.0,,34.0
9190231,24830,[CHI],dustbin men gone now round corner.,-1.0,tense_aspect,34.0
9190244,24830,[CHI],your missed them now.,1.0,,34.0
9190258,24830,[CAR],that's right.,,,34.0
9190301,24830,[CAR],the dustbin men have gone round the corner.,,,34.0
9190313,24830,[CAR],you've missed them now Purdie.,,,34.0
9190330,24830,[CHI],next time your see them Purdie.,-1.0,"subject, possessive, tense_aspect",34.0
9190348,24830,[CAR],next time she'll see them will she?,,,34.0
9190359,24830,[CAR],next Monday.,,,34.0
9190370,24830,[CAR],next week.,,,34.0
9190395,24830,[CHI],Monday get it Purdie.,-1.0,"tense_aspect, subject",34.0
9190414,24830,[CAR],next Monday.,,,34.0
9190426,24830,[CAR],Mummy has got to go to work next Monday Thomas.,,,34.0
9190446,24830,[CAR],so either Nana or Grandad will be here or Daddy.,,,34.0
9190461,24830,[CAR],somebody will be here to look after you.,,,34.0
9190505,24830,[CHI],Purdie's hot.,1.0,,34.0
9190521,24830,[CAR],she is hot because the sun's shining on her.,,,34.0
9190538,24830,[CAR],it has been an awful morning.,,,34.0
9190557,24830,[CAR],raining and windy.,,,34.0
9190573,24830,[CAR],and suddenly the sun has come out.,,,34.0
9190597,24830,[CAR],can you see the clouds in the sky Thomas?,,,34.0
9190611,24830,[CAR],just look at those big clouds.,,,34.0
9190626,24830,[CAR],watching them?,,,34.0
9190641,24830,[CAR],watch them go past.,,,34.0
9190660,24830,[CAR],can you see them?,,,34.0
9190675,24830,[CHI],I stand up again.,-1.0,tense_aspect,34.0
9190691,24830,[CAR],you can stand up again can't you?,,,34.0
9190706,24830,[CAR],oh.,,,34.0
9190737,24830,[CAR],there we are.,,,34.0
9190752,24830,[CHI],I just heard the dustbin men coming round.,1.0,,34.0
9190768,24830,[CAR],yes.,,,34.0
9190782,24830,[CAR],I can still hear them.,,,34.0
9190797,24830,[CAR],look at the clouds.,,,34.0
9190813,24830,[CAR],can you see them blowing?,,,34.0
9190902,24830,[CHI],which way they going?,-1.0,present_progressive,34.0
9190919,24830,[CAR],which way are they going?,,,34.0
9190934,24830,[CAR],they're going that way.,,,34.0
9190950,24830,[CAR],they're going towards the left.,,,34.0
9190966,24830,[CAR],look at this big one coming up now.,,,34.0
9190984,24830,[CHI],look like a crocodile.,-1.0,"subject, sv_agreement",34.0
9190993,24830,[CAR],is it like a crocodile?,,,34.0
9191028,24830,[CHI],eating eating Purdie.,-1.0,"subject, present_progressive",34.0
9191041,24830,[CAR],oh it better not eat Purdie.,,,34.0
9191048,24830,[CHI],yes.,,,34.0
9191061,24830,[CAR],but you can often see shapes in the clouds if you look can't you?,,,34.0
9191076,24830,[CHI],um.,,,34.0
9191087,24830,[CAR],that one looks like a duck to me because it has got a quack quack.,,,34.0
9191115,24830,[CAR],can you see?,,,34.0
9191131,24830,[CAR],it looks like a beak.,,,34.0
9191145,24830,[CHI],more like a crocodile.,1.0,,34.0
9191164,24830,[CAR],you think it's like a crocodile do you?,,,34.0
9191180,24830,[CHI],look.,,,34.0
9191195,24830,[CHI],a big tail like Purdie has.,1.0,,34.0
9191213,24830,[CAR],it does look a bit like Purdie's tail.,,,34.0
9191228,24830,[CAR],yes.,,,34.0
9191238,24830,[CAR],nice and fluffy.,,,34.0
9191255,24830,[CAR],that's right.,,,34.0
9191271,24830,[CAR],it looks like cotton wool doesn't it?,,,34.0
9191297,24830,[CAR],in the sky.,,,34.0
9191317,24830,[CHI],more like lotion.,1.0,,34.0
9191342,24830,[CAR],more like lotion.,,,34.0
9191359,24830,[CAR],no.,,,34.0
9191374,24830,[CAR],it doesn't.,,,34.0
9191387,24830,[CAR],no.,,,34.0
9191401,24830,[CHI],yes.,,,34.0
9191413,24830,[CAR],no.,,,34.0
9191426,24830,[CHI],more like pepper.,1.0,,34.0
9191445,24830,[CAR],more like what?,,,34.0
9191460,24830,[CHI],uh like salt.,1.0,,34.0
9191470,24830,[CAR],like salt.,,,34.0
9191491,24830,[CHI],yes.,,,34.0
9191511,24830,[CAR],did you say pepper?,,,34.0
9191531,24830,[CHI],pepper.,,,34.0
9191543,24830,[CHI],yes.,,,34.0
9191555,24830,[CAR],salt and pepper.,,,34.0
9191568,24830,[CHI],um.,,,34.0
9191583,24830,[CAR],it doesn't look anything like salt and pepper.,,,34.0
9191602,24830,[CHI],yes.,,,34.0
9191617,24830,[CAR],silly_billy.,,,34.0
9191631,24830,[CAR],right Thomas_Henry.,,,34.0
9191641,24830,[CAR],we've got to go now.,,,34.0
9191660,24830,[CAR],do you know where we've got go?,,,34.0
9191673,24830,[CHI],uhoh.,,,34.0
9191688,24830,[CAR],do you know where we're going?,,,34.0
9191701,24830,[CHI],no.,,,34.0
9191715,24830,[CHI],I not need a go.,-1.0,auxiliary,34.0
9191727,24830,[CAR],you don't needta go.,,,34.0
9191752,24830,[CAR],we've got to go into Didsbury because we've got buy Daddy a Valentines card.,,,34.0
9191774,24830,[CAR],because it's Valentines_Day today.,,,34.0
9191802,24830,[CAR],and I don't know what we're going to buy for a present because he's on a diet.,,,34.0
9191822,24830,[CAR],and he's not eating chocolate or drinking anything.,,,34.0
9191838,24830,[CAR],perhaps we'll buy him some nice aftershave shall we?,,,34.0
9191851,24830,[CHI],buy some chocolates for him.,0.0,,34.0
9191863,24830,[CAR],no.,,,34.0
9191876,24830,[CAR],but he's on a diet.,,,34.0
9191890,24830,[CAR],we normally would get him chocolates but he can't have chocolates this year.,,,34.0
9191903,24830,[CAR],we'll either buy him some cufflinks or some aftershave.,,,34.0
9191918,24830,[CAR],what do you think?,,,34.0
9191929,24830,[CHI],um chocolate sweets.,0.0,,34.0
9191945,24830,[CAR],chocolate sweets.,,,34.0
9191957,24830,[CAR],well if I find a nice little red heart chocolate I shall buy it for you because you're my sweetheart aren't you?,,,34.0
9191972,24830,[CHI],wanna buy a chocolate now.,0.0,,34.0
9191985,24830,[CAR],oh suddenly you wanna go to Didsbury don't you?,,,34.0
9192003,24830,[CHI],no.,,,34.0
9192016,24830,[CAR],oh I just thought you'd perked up them when you thought there was something in it for you.,,,34.0
9192030,24830,[CHI],my big fire engine there.,-1.0,verb,34.0
9192048,24830,[CHI],I fireman.,-1.0,verb,34.0
9192063,24830,[CAR],you're a fireman are you?,,,34.0
9192072,24830,[CHI],and you're not a dustbin.,1.0,,34.0
9192083,24830,[CHI],you're not.,0.0,,34.0
9192096,24830,[CAR],what am I?,,,34.0
9192105,24830,[CHI],you're.,,,34.0
9192118,24830,[CHI],you're not?,-1.0,object,34.0
9192132,24830,[CHI],you're a lady.,1.0,,34.0
9192144,24830,[CAR],I'm a lady am I?,,,34.0
9192156,24830,[CHI],yes.,,,34.0
9192167,24830,[CAR],ah.,,,34.0
9192179,24830,[CHI],you're not dustbin wagon.,1.0,,34.0
9192193,24830,[CHI],you're a fire engine.,1.0,,34.0
9192209,24830,[CAR],am I?,,,34.0
9192232,24830,[CAR],look.,,,34.0
9192258,24830,[CAR],look at this.,,,34.0
9192269,24830,[CHI],yes.,,,34.0
9192282,24830,[CAR],what's this?,,,34.0
9192301,24830,[CHI],I wanna jump out my fire engine.,-1.0,preposition,34.0
9192314,24830,[CAR],you wanna jump out of your fire engine.,,,34.0
9192327,24830,[CHI],yes.,,,34.0
9192338,24830,[CAR],I was going to show you this.,,,34.0
9192360,24830,[CHI],yes.,,,34.0
9192369,24830,[CAR],do you know what that is?,,,34.0
9192381,24830,[CHI],yes.,,,34.0
9192395,24830,[CAR],it's a Valentines card.,,,34.0
9192416,24830,[CAR],and that's from Daddy to Mummy.,,,34.0
9192431,24830,[CHI],wanna hold it.,-1.0,subject,34.0
9192446,24830,[CAR],hold it gently.,,,34.0
9192466,24830,[CHI],fire engine.,-1.0,determiner,34.0
9192476,24830,[CAR],can you see the red heart on the cover?,,,34.0
9192490,24830,[CAR],on the front.,,,34.0
9192504,24830,[CHI],yes.,,,34.0
9192517,24830,[CAR],where's the heart?,,,34.0
9192525,24830,[CHI],there.,,,34.0
9192545,24830,[CAR],that's a heart.,,,34.0
9192558,24830,[CAR],and that says love.,,,34.0
9192572,24830,[CAR],l o v e.,,,34.0
9192585,24830,[CAR],love.,,,34.0
9192598,24830,[CAR],and what did Daddy buy Mummy?,,,34.0
9192611,24830,[CHI],new ring.,-1.0,determiner,34.0
9192622,24830,[CAR],a new ring.,,,34.0
9192633,24830,[CAR],no.,,,34.0
9192647,24830,[CHI],yes.,,,34.0
9192658,24830,[CHI],where's it now?,1.0,,34.0
9192673,24830,[CAR],no.,,,34.0
9192688,24830,[CAR],he bought me a ring at Christmas.,,,34.0
9192709,24830,[CAR],that's upstairs in the bathroom.,,,34.0
9192720,24830,[CAR],he bought me a box to put rings in didn't he?,,,34.0
9192742,24830,[CAR],a nice jewelery box.,,,34.0
9192774,24830,[CAR],shall we show Purdie the jewelery box?,,,34.0
9192789,24830,[CHI],okay.,,,34.0
9192800,24830,[CHI],box upstairs.,-1.0,determiner,34.0
9192810,24830,[CHI],box upstairs.,-1.0,determiner,34.0
9192828,24830,[CAR],the box.,,,34.0
9192852,24830,[CAR],no.,,,34.0
9192873,24830,[CAR],I think it's here.,,,34.0
9192895,24830,[CAR],look.,,,34.0
9192905,24830,[CAR],look at this.,,,34.0
9192917,24830,[CAR],it's a nice leather box.,,,34.0
9192933,24830,[CHI],look Purdy.,1.0,,34.0
9192940,24830,[CHI],it's a big?,-1.0,object,34.0
9192951,24830,[CHI],Mummy's bringing the big box.,1.0,,34.0
9192964,24830,[CHI],yes.,,,34.0
9192974,24830,[CAR],Mummy's Mummy's bringing the big box to show Purdie isn't she?,,,34.0
9192991,24830,[CAR],do you want Mummy to open it?,,,34.0
9193004,24830,[CHI],yes.,,,34.0
9193015,24830,[CHI],it's surprise.,-1.0,determiner,34.0
9193025,24830,[CAR],it's a surprise is it?,,,34.0
9193036,24830,[CHI],it's surprise Purdie.,-1.0,determiner,34.0
9193055,24830,[CAR],that's it.,,,34.0
9193066,24830,[CAR],open the lid.,,,34.0
9193078,24830,[CHI],here you are Purd.,1.0,,34.0
9193101,24830,[CHI],this is nice.,1.0,,34.0
9193109,24830,[CAR],is it nice?,,,34.0
9193125,24830,[CAR],this is nice.,,,34.0
9193139,24830,[CHI],something in here.,-1.0,verb,34.0
9193155,24830,[CHI],something in there.,-1.0,verb,34.0
9193170,24830,[CAR],yes.,,,34.0
9193188,24830,[CHI],it's a piece of paper.,1.0,,34.0
9193212,24830,[CAR],it's something that they put in things like bags and boxes and shoes just so that they they stay nice and fresh.,,,34.0
9193229,24830,[CAR],look.,,,34.0
9193237,24830,[CAR],there's a little tray there for rings.,,,34.0
9193252,24830,[CAR],can you see?,,,34.0
9193267,24830,[CAR],you slot your rings in there.,,,34.0
9193294,24830,[CAR],and all sorts.,,,34.0
9193310,24830,[CAR],well there's no jewelery in it at the moment.,,,34.0
9193324,24830,[CAR],and all sorts of different compartments.,,,34.0
9193338,24830,[CAR],look.,,,34.0
9193349,24830,[CAR],and this is called the jewelery roll.,,,34.0
9193365,24830,[CAR],when we go on holiday Mummy can put rings and ear+rings and some necklaces in there.,,,34.0
9193383,24830,[CAR],doesn't it feel nice and soft?,,,34.0
9193396,24830,[CHI],yes.,,,34.0
9193405,24830,[CHI],this is a hose pipe.,1.0,,34.0
9193419,24830,[CHI],this a fire engine's hosepipe.,-1.0,verb,34.0
9193427,24830,[CAR],it's a fire engine's hose pipe is it?,,,34.0
9193441,24830,[CAR],look.,,,34.0
9193457,24830,[CAR],there's even a mirror.,,,34.0
9193470,24830,[CHI],look.,,,34.0
9193483,24830,[CHI],that's my fire engine.,1.0,,34.0
9193498,24830,[CAR],look at all these different compartments.,,,34.0
9193512,24830,[CAR],you can put ear+rings in there.,,,34.0
9193529,24830,[CHI],no no.,1.0,,34.0
9193559,24830,[CHI],it's my fire engine.,1.0,,34.0
9193573,24830,[CAR],is it?,,,34.0
9193584,24830,[CHI],yes.,,,34.0
9193597,24830,[CAR],oh no.,,,34.0
9193611,24830,[CAR],you mustn't take it away Thomas.,,,34.0
9193623,24830,[CAR],no no no.,,,34.0
9193638,24830,[CHI],I put it in my fire engine.,1.0,,34.0
9193664,24830,[CAR],and you can put necklaces and bracelets.,,,34.0
9193685,24830,[CAR],and look.,,,34.0
9193699,24830,[CAR],can you see yourself in the mirror?,,,34.0
9193713,24830,[CHI],I like these buttons.,1.0,,34.0
9193740,24830,[CHI],I somebody.,-1.0,verb,34.0
9193753,24830,[CAR],who are you?,,,34.0
9193764,24830,[CHI],I be a postman.,-1.0,tense_aspect,34.0
9193779,24830,[CHI],I Postman_Pat.,-1.0,verb,34.0
9193807,24830,[CAR],right.,,,34.0
9193819,24830,[CAR],well shall we put them back now one at a time?,,,34.0
9193837,24830,[CAR],right.,,,34.0
9193852,24830,[CHI],sixteen.,,,34.0
9193864,24830,[CAR],right.,,,34.0
9193878,24830,[CAR],that one goes in the middle there.,,,34.0
9193894,24830,[CAR],that's it.,,,34.0
9193906,24830,[CAR],lower down.,,,34.0
9193916,24830,[CAR],a little bit lower down.,,,34.0
9193934,24830,[CAR],that's it.,,,34.0
9193945,24830,[CAR],that one goes at the bottom.,,,34.0
9193974,24830,[CAR],like that.,,,34.0
9193987,24830,[CAR],gently Tom.,,,34.0
9194000,24830,[CAR],gently gently.,,,34.0
9194010,24830,[CAR],right.,,,34.0
9194026,24830,[CAR],and that tray goes at the top.,,,34.0
9194044,24830,[CHI],the top.,1.0,,34.0
9194057,24830,[CAR],I thought it was black but I think it's actually navy blue.,,,34.0
9194072,24830,[CAR],it's very dark navy blue isn't it?,,,34.0
9194081,24830,[CHI],I open it for you Puss.,-1.0,tense_aspect,34.0
9194095,24830,[CAR],I'm not I'm not quite sure what this is Thomas.,,,34.0
9194109,24830,[CAR],look.,,,34.0
9194120,24830,[CAR],what do you think that is?,,,34.0
9194136,24830,[CHI],a knicknack.,1.0,,34.0
9194146,24830,[CAR],a knicknack.,,,34.0
9194159,24830,[CAR],it's like a little secret tray isn't it?,,,34.0
9194178,24830,[CAR],but I thought it's the bottom but it's not.,,,34.0
9194191,24830,[CAR],look.,,,34.0
9194202,24830,[CAR],we could put something.,,,34.0
9194212,24830,[CHI],I'm going to show Purdie.,1.0,,34.0
9194221,24830,[CAR],you're going to show Purdie are you?,,,34.0
9194232,24830,[CHI],hello Puss.,1.0,,34.0
9194253,24830,[CHI],got something.,-1.0,subject,34.0
9194262,24830,[CHI],I show at you.,-1.0,preposition,34.0
9194282,24830,[CHI],yes.,,,34.0
9194294,24830,[CHI],I like your ears Purdie.,1.0,,34.0
9194309,24830,[CAR],what are you telling Purdie you like?,,,34.0
9194327,24830,[CHI],like your ears Purdie.,-1.0,subject,34.0
9194341,24830,[CAR],oh you like your ears Purdie.,,,34.0
9194372,24830,[CHI],okay.,,,34.0
9194385,24830,[CHI],Purdie see something.,-1.0,tense_aspect,34.0
9194406,24830,[CAR],ah that's nice.,,,34.0
9194417,24830,[CAR],you're using it to stroke Purdie with are you?,,,34.0
9194435,24830,[CAR],right.,,,34.0
9194446,24830,[CAR],shall we pop it back in the box?,,,34.0
9194460,24830,[CHI],uh where's the box?,1.0,,34.0
9194492,24830,[CAR],oh look.,,,34.0
9194505,24830,[CAR],there's even a key with a little tassel on it Thomas.,,,34.0
9194517,24830,[CAR],can you see that?,,,34.0
9194530,24830,[CAR],I could do with some scissors to cut it.,,,34.0
9194546,24830,[CAR],there we are.,,,34.0
9194559,24830,[CAR],we've managed without.,,,34.0
9194567,24830,[CHI],I Postman_Pat jump.,-1.0,"verb, other",34.0
9194577,24830,[CAR],oh darling be careful.,,,34.0
9194589,24830,[CHI],sorry.,,,34.0
9194606,24830,[CAR],right.,,,34.0
9194617,24830,[CAR],shall we close it up and lock it with the key?,,,34.0
9194629,24830,[CAR],right.,,,34.0
9194636,24830,[CAR],shut the lid.,,,34.0
9194653,24830,[CAR],that's it.,,,34.0
9194666,24830,[CHI],no.,,,34.0
9194678,24830,[CHI],it's?,,,34.0
9194704,24830,[CAR],there we are.,,,34.0
9194715,24830,[CAR],shall we lock it?,,,34.0
9194728,24830,[CAR],pop the key in here.,,,34.0
9194740,24830,[CHI],open.,,,34.0
9194752,24830,[CAR],look.,,,34.0
9194768,24830,[CHI],key on key on your ring.,-1.0,"determiner, verb",34.0
9194781,24830,[CHI],finding a poke it on Purdie's fur.,-1.0,"other, subject",34.0
9194801,24830,[CAR],oh don't poke Purdie with the key.,,,34.0
9194811,24830,[CAR],that's not nice.,,,34.0
9194826,24830,[CAR],right.,,,34.0
9194839,24830,[CHI],put it in.,0.0,,34.0
9194853,24830,[CAR],no.,,,34.0
9194864,24830,[CAR],it goes in the lock there.,,,34.0
9194881,24830,[CAR],look.,,,34.0
9194894,24830,[CAR],can you see?,,,34.0
9194913,24830,[CAR],that's it.,,,34.0
9194927,24830,[CAR],gently.,,,34.0
9194942,24830,[CAR],that way.,,,34.0
9194968,24830,[CAR],that's it.,,,34.0
9194982,24830,[CAR],does it fit in there?,,,34.0
9194997,24830,[CHI],no.,,,34.0
9195011,24830,[CAR],steady.,,,34.0
9195024,24830,[CAR],you try it again.,,,34.0
9195044,24830,[CAR],we'll turn the key upside down and try another way shall we?,,,34.0
9195059,24830,[CHI],no Mummy.,1.0,,34.0
9195072,24830,[CHI],I pushing it out.,-1.0,present_progressive,34.0
9195084,24830,[CAR],ah I've worked out why we can't do it.,,,34.0
9195092,24830,[CAR],there's a piece of paper.,,,34.0
9195109,24830,[CAR],look.,,,34.0
9195124,24830,[CAR],over the lock.,,,34.0
9195146,24830,[CAR],can you see?,,,34.0
9195150,24830,[CAR],that's better.,,,34.0
9195177,24830,[CAR],that must be so it doesn't get damaged.,,,34.0
9195191,24830,[CAR],it's a little piece of clear plastic.,,,34.0
9195206,24830,[CHI],on your head uh.,1.0,,34.0
9195220,24830,[CAR],there.,,,34.0
9195235,24830,[CAR],now the lock?,,,34.0
9195250,24830,[CAR],ah look.,,,34.0
9195262,24830,[CAR],the key goes in easily now.,,,34.0
9195276,24830,[CAR],can't unlock it.,,,34.0
9195290,24830,[CHI],I open it.,-1.0,tense_aspect,34.0
9195307,24830,[CAR],no.,,,34.0
9195318,24830,[CAR],it won't open now.,,,34.0
9195334,24830,[CAR],we'll put the key back in and you turn the key round.,,,34.0
9195347,24830,[CHI],I need a see it open.,-1.0,tense_aspect,34.0
9195367,24830,[CHI],it sticks.,1.0,,34.0
9195381,24830,[CAR],it's sticking isn't it?,,,34.0
9195397,24830,[CAR],there we are.,,,34.0
9195410,24830,[CAR],oh it's open now.,,,34.0
9195446,24830,[CHI],oh yes.,1.0,,34.0
9195457,24830,[CAR],that's lovely isn't it?,,,34.0
9195476,24830,[CAR],there we are.,,,34.0
9195490,24830,[CHI],stick.,,,34.0
9195501,24830,[CAR],I don't think we needta stick it on now do you?,,,34.0
9195518,24830,[CHI],I think stick on here.,-1.0,"subject, tense_aspect",34.0
9195530,24830,[CAR],I think we'll unlock it and we'll pop the key in just inside there for now and then we know where it is.,,,34.0
9195546,24830,[CAR],I think that's a lovely present.,,,34.0
9195565,24830,[CAR],and I still can't work out whether it's black or blue.,,,34.0
9195579,24830,[CAR],what do you think?,,,34.0
9195597,24830,[CHI],just open it.,0.0,,34.0
9195610,24830,[CHI],open it first.,0.0,,34.0
9195627,24830,[CAR],you wanna open it.,,,34.0
9195641,24830,[CAR],what would you like to put inside?,,,34.0
9195661,24830,[CHI],this.,,,34.0
9195677,24830,[CAR],well they really could do with going in the bin Thomas.,,,34.0
9195692,24830,[CAR],don't you think?,,,34.0
9195706,24830,[CHI],no.,,,34.0
9195719,24830,[CHI],wanna be Fireman_Sam.,-1.0,subject,34.0
9195745,24830,[CAR],you wanna be Fireman_Sam.,,,34.0
9195758,24830,[CHI],yes.,,,34.0
9195768,24830,[CAR],okay.,,,34.0
9195778,24830,[CHI],Mummy you say help.,1.0,,34.0
9195795,24830,[CAR],have I got to say help?,,,34.0
9195812,24830,[CAR],help help help help.,,,34.0
9195831,24830,[CAR],hello Fireman_Sam.,,,34.0
9195847,24830,[CHI],I Fireman_Sam.,-1.0,verb,34.0
9195857,24830,[CHI],fireman.,,,34.0
9195875,24830,[CAR],you're Fireman_Sam are you?,,,34.0
9195896,24830,[CHI],yes.,,,34.0
9195908,24830,[CHI],jump over my gate.,0.0,,34.0
9195922,24830,[CAR],jumping over your gate.,,,34.0
9195936,24830,[CAR],you're normally a dustbin man when you've seen the dustbin men on a Monday.,,,34.0
9195956,24830,[CHI],yes.,,,34.0
9195970,24830,[CAR],you're a fireman today are you?,,,34.0
9195981,24830,[CAR],ah have you come to rescue me darling?,,,34.0
9195993,24830,[CAR],ah you're lovely.,,,34.0
9196004,24830,[CAR],shall we have a drink?,,,34.0
9196021,24830,[CAR],and then we better go to Didsbury before the shops close.,,,34.0
9196035,24830,[CAR],yes.,,,34.0
9196050,24830,[CAR],okay.,,,34.0
9196064,24830,[CAR],and we'll talk a little more later on.,,,34.0
9196090,24830,[CAR],how's that?,,,34.0
9196103,24830,[CHI],wanna talk now.,-1.0,subject,34.0
9196112,24830,[CAR],you wanna talk now.,,,34.0
9196123,24830,[CHI],yes.,,,34.0
9196138,24830,[CHI],Purdie that Fireman_Sam.,-1.0,verb,34.0
9196152,24830,[CAR],are you telling Purdie you're a fireman?,,,34.0
9196168,24830,[CHI],yes.,,,34.0
9196173,24830,[CHI],lift Purdie's tail.,0.0,,34.0
9196187,24830,[CAR],no.,,,34.0
9196202,24830,[CAR],don't.,,,34.0
9196216,24830,[CAR],leave Purdie's tail.,,,34.0
9196233,24830,[CAR],no.,,,34.0
9196244,24830,[CAR],sometimes firemen hafta rescue pussycats from trees don't they?,,,34.0
9196260,24830,[CHI],um.,,,34.0
9196273,24830,[CHI],a ladder climb up.,-1.0,other,34.0
9196288,24830,[CAR],that's right.,,,34.0
9196302,24830,[CAR],climbing up a ladder.,,,34.0
9196314,24830,[CAR],oh Purdie's going now.,,,34.0
9196330,24830,[CHI],Purdie going down the ladder.,-1.0,present_progressive,34.0
9196344,24830,[CAR],she's going down the ladder.,,,34.0
9196355,24830,[CAR],I wonder where she's going to?,,,34.0
9196369,24830,[CHI],a looking the kitchen for a Wendy's hat.,-1.0,"subject, present_progressive, preposition, determiner",34.0
9196384,24830,[CAR],she's looking in the kitchen for what?,,,34.0
9196400,24830,[CHI],Wend Wendy's hat.,1.0,,34.0
9196409,24830,[CAR],Wendy's hat.,,,34.0
9196419,24830,[CAR],what do you mean by Wendy's hat?,,,34.0
9196430,24830,[CHI],that's Wendy's hat there.,1.0,,34.0
9196443,24830,[CAR],ah I see.,,,34.0
9196454,24830,[CAR],it's the two yellow helmets.,,,34.0
9196466,24830,[CAR],well you're using it as a fireman's helmet but really they're they're construction site helmets aren't they?,,,34.0
9196478,24830,[CAR],for Bob_the_Builder and Wendy.,,,34.0
9196490,24830,[CAR],okay.,,,34.0
9196499,24830,[CHI],and dustbin men.,-1.0,determiner,34.0
9196510,24830,[CAR],and the dustbin men.,,,34.0
9196532,24830,[CHI],I'm not a fireman.,1.0,,34.0
9196550,24830,[CHI],a dustbin man.,0.0,,34.0
9196567,24830,[CAR],are you?,,,34.0
9196577,24830,[CAR],you're not a fireman.,,,34.0
9196591,24830,[CAR],you're a dustbin man.,,,34.0
9196602,24830,[CAR],I thought you would be.,,,34.0
9196615,24830,[CHI],taking out the rubbish.,1.0,,34.0
9196629,24830,[CAR],yes.,,,34.0
9196639,24830,[CAR],the dustbin man had a hat on today but his was a woollen hat.,,,34.0
9196653,24830,[CAR],it wasn't a yellow helmet was it?,,,34.0
9196665,24830,[CAR],right.,,,34.0
9196678,24830,[CAR],okay.,,,34.0
9196730,24830,[CAR],are you singing?,,,34.0
9196745,24830,[CHI],you find Thomas's face.,0.0,,34.0
9196759,24830,[CAR],find Thomas's face.,,,34.0
9196774,24830,[CAR],where is Thomas's face?,,,34.0
9196785,24830,[CHI],I not know.,-1.0,auxiliary,34.0
9196794,24830,[CAR],I don't know either.,,,34.0
9196807,24830,[CAR],is it hidden beneath that towel?,,,34.0
9196820,24830,[CAR],oh there he is.,,,34.0
9196830,24830,[CAR],hello sweetheart.,,,34.0
9196842,24830,[CAR],are you alright?,,,34.0
9196853,24830,[CHI],yes.,,,34.0
9196861,24830,[CAR],are you hiding?,,,34.0
9196872,24830,[CHI],yes.,,,34.0
9196882,24830,[CAR],hiding from Mummy.,,,34.0
9196896,24830,[CHI],yes.,,,34.0
9196906,24830,[CAR],why are you hiding?,,,34.0
9196928,24830,[CAR],pardon.,,,34.0
9196937,24830,[CHI],not called.,-1.0,"subject, auxiliary, object",34.0
9196947,24830,[CHI],I not called Aunty_Mabel.,-1.0,auxiliary,34.0
9196959,24830,[CAR],are you not?,,,34.0
9196973,24830,[CAR],you're not called Aunty_Mabel are you?,,,34.0
9196984,24830,[CAR],well we're going to change you fairly soon aren't we?,,,34.0
9197010,24830,[CHI],yes.,,,34.0
9197014,24830,[CHI],not now.,1.0,,34.0
9197034,24830,[CAR],not now.,,,34.0
9197047,24830,[CAR],alright.,,,34.0
9197066,24830,[CAR],would you like an apple?,,,34.0
9197083,24830,[CHI],uh no thanks.,1.0,,34.0
9197093,24830,[CAR],are you sure?,,,34.0
9197107,24830,[CHI],I'm sure.,1.0,,34.0
9197124,24830,[CAR],what about a strawberry?,,,34.0
9197146,24830,[CHI],oh no.,1.0,,34.0
9197166,24830,[CHI],yes.,,,34.0
9197182,24830,[CHI],yes.,,,34.0
9197205,24830,[CAR],you'd you'd like a strawberry.,,,34.0
9197218,24830,[CHI],I I need a dumper truck for a Smartie.,1.0,,34.0
9197232,24830,[CAR],no.,,,34.0
9197246,24830,[CAR],I don't think so.,,,34.0
9197259,24830,[CHI],yes.,,,34.0
9197268,24830,[CAR],I don't think so Thomas.,,,34.0
9197278,24830,[CHI],yes.,,,34.0
9197290,24830,[CAR],would you like a strawberry?,,,34.0
9197303,24830,[CHI],Mummy need a dumper truck and a big digger to the Smarties.,-1.0,subject,34.0
9197319,24830,[CHI],Smartie.,,,34.0
9197331,24830,[CAR],you can have a few Smarties and that's all.,,,34.0
9197346,24830,[CHI],yes.,,,34.0
9197357,24830,[CHI],I need lots.,-1.0,"preposition, object",34.0
9197369,24830,[CAR],no.,,,34.0
9197380,24830,[CHI],yes.,,,34.0
9197392,24830,[CAR],you either have a few or none at all.,,,34.0
9197411,24830,[CHI],what I going a do?,-1.0,present_progressive,34.0
9197424,24830,[CAR],what are you going to do?,,,34.0
9197437,24830,[CAR],well if I were you I accept just a few.,,,34.0
9197451,24830,[CAR],and then you get some don't you?,,,34.0
9197474,24830,[CAR],now then the rest of the strawberries are for tea Thomas so just a little bit there.,,,34.0
9197493,24830,[CAR],there you are.,,,34.0
9197500,24830,[CAR],how's that?,,,34.0
9197515,24830,[CHI],thanks.,,,34.0
9197529,24830,[CAR],and would you like a dumper truck with some Smarties in?,,,34.0
9197544,24830,[CHI],yes.,,,34.0
9197562,24830,[CHI],this is a street lamp.,1.0,,34.0
9197582,24830,[CHI],this is a street lamp Mummy.,1.0,,34.0
9197598,24830,[CHI],this is a tunnel.,1.0,,34.0
9197610,24830,[CAR],oh I see.,,,34.0
9197633,24830,[CHI],I put the poo and cat poo.,-1.0,"determiner, other",34.0
9197657,24830,[CAR],Thomas don't be ridiculous.,,,34.0
9197674,24830,[CHI],stop it.,1.0,,34.0
9197690,24830,[CAR],anymore talk like that and you won't get your Smarties.,,,34.0
9197707,24830,[CHI],on this this train.,-1.0,"subject, verb",34.0
9197732,24830,[CHI],more like chocolate balls actually.,-1.0,"subject, verb",34.0
9197746,24830,[CAR],what's more like chocolate balls?,,,34.0
9197758,24830,[CHI],these.,,,34.0
9197771,24830,[CAR],the strawberries.,,,34.0
9197786,24830,[CHI],yes.,,,34.0
9197800,24830,[CAR],right.,,,34.0
9197812,24830,[CAR],here you are.,,,34.0
9197826,24830,[CAR],a few Smarties.,,,34.0
9197838,24830,[CAR],and don't ask for anymore because you're not getting anymore.,,,34.0
9197854,24830,[CHI],anymore later.,-1.0,"subject, verb",34.0
9197868,24830,[CAR],no.,,,34.0
9197880,24830,[CHI],I'm just saying anymore later.,1.0,,34.0
9197896,24830,[CAR],well you can say anymore later but you're not getting anymore later.,,,34.0
9197908,24830,[CAR],okay.,,,34.0
9197920,24830,[CHI],oh there's my dumper truck over there.,1.0,,34.0
9197933,24830,[CAR],Mummy has got a little bit of ironing to do so shall I do that while I'm talking to you?,,,34.0
9197953,24830,[CHI],no.,,,34.0
9197966,24830,[CHI],I not need that.,-1.0,auxiliary,34.0
9197980,24830,[CHI],Mummy don't.,0.0,,34.0
9197994,24830,[CHI],Mummy need you sit there.,-1.0,"subject, tense_aspect",34.0
9198006,24830,[CAR],well I can't sit there darling.,,,34.0
9198022,24830,[CAR],because I'm ironing.,,,34.0
9198037,24830,[CAR],I can stand there.,,,34.0
9198054,24830,[CAR],that's where I was going to stand.,,,34.0
9198064,24830,[CHI],no.,,,34.0
9198084,24830,[CHI],no reach that dumper truck.,-1.0,"subject, auxiliary, other",34.0
9198098,24830,[CAR],can you not reach it?,,,34.0
9198112,24830,[CHI],no.,,,34.0
9198129,24830,[CAR],sorry love.,,,34.0
9198142,24830,[CHI],silly Thomas.,1.0,,34.0
9198156,24830,[CAR],there.,,,34.0
9198169,24830,[CAR],if I put the put the board there that's not in your way is it?,,,34.0
9198186,24830,[CAR],and I'm a bit stick now because Daddy has been sorting all the extension leads out and the one that Mummy uses for her ironing I think is somewhere else now.,,,34.0
9198206,24830,[CAR],oh dear dear Thomas.,,,34.0
9198224,24830,[CHI],oh sorry.,1.0,,34.0
9198250,24830,[CHI],I not need it.,-1.0,auxiliary,34.0
9198260,24830,[CHI],lots_of Smarties on it.,-1.0,verb,34.0
9198277,24830,[CHI],leaving the people.,-1.0,"subject, present_progressive",34.0
9198293,24830,[CAR],goodness.,,,34.0
9198306,24830,[CAR],what's this?,,,34.0
9198317,24830,[CHI],I not know.,-1.0,other,34.0
9198329,24830,[CAR],this is a brand new extension lead.,,,34.0
9198339,24830,[CAR],I've never had it out of the box.,,,34.0
9198352,24830,[CHI],here you are Mummy.,1.0,,34.0
9198367,24830,[CHI],a train brought a Smartie for you.,1.0,,34.0
9198383,24830,[CAR],oh how beautiful.,,,34.0
9198391,24830,[CAR],thank you so much.,,,34.0
9198406,24830,[CAR],a nice blue Smartie.,,,34.0
9198420,24830,[CAR],look at this.,,,34.0
9198434,24830,[CAR],this is smart isn't it?,,,34.0
9198445,24830,[CHI],yes.,,,34.0
9198470,24830,[CHI],choo choo.,0.0,,34.0
9198482,24830,[CAR],look.,,,34.0
9198512,24830,[CAR],we use these Thomas.,,,34.0
9198527,24830,[CAR],when we're trying to plug something in.,,,34.0
9198540,24830,[CAR],this lead on the iron is to short to go in that plug.,,,34.0
9198554,24830,[CAR],I needta stand here.,,,34.0
9198575,24830,[CAR],so you use this.,,,34.0
9198584,24830,[CAR],it's an extension lead.,,,34.0
9198612,24830,[CHI],have this.,0.0,,34.0
9198636,24830,[CHI],that's my favorite.,1.0,,34.0
9198646,24830,[CAR],what's your favorite?,,,34.0
9198660,24830,[CAR],the blue one.,,,34.0
9198673,24830,[CHI],yes.,,,34.0
9198682,24830,[CHI],this coffee one.,1.0,,34.0
9198693,24830,[CAR],the coffee one.,,,34.0
9198703,24830,[CAR],do you think it tastes like coffee?,,,34.0
9198722,24830,[CHI],yes.,,,34.0
9198737,24830,[CAR],look.,,,34.0
9198751,24830,[CAR],I'm plugging the iron into that.,,,34.0
9198764,24830,[CAR],let's hope it works.,,,34.0
9198779,24830,[CAR],yes.,,,34.0
9198790,24830,[CAR],the light has lit up.,,,34.0
9198807,24830,[CAR],oh that's good isn't it?,,,34.0
9198830,24830,[CAR],I don't normally bother ironing your socks.,,,34.0
9198839,24830,[CHI],ironing my socks.,1.0,,34.0
9198854,24830,[CAR],no.,,,34.0
9198865,24830,[CAR],I don't usually bother ironing your socks but they've got so crumpled up.,,,34.0
9198874,24830,[CAR],they've been drying on the radiator and they've been screwed up.,,,34.0
9198888,24830,[CAR],I'll just give them a quick press with that.,,,34.0
9198899,24830,[CAR],you've got lots_of socks haven't you?,,,34.0
9198920,24830,[CAR],you needta eat those.,,,34.0
9198930,24830,[CAR],they're Smarties.,,,34.0
9198951,24830,[CHI],no.,,,34.0
9198968,24830,[CHI],strawberries.,,,34.0
9198980,24830,[CAR],oh the strawberries.,,,34.0
9198998,24830,[CAR],are the strawberries nice?,,,34.0
9199014,24830,[CHI],um.,,,34.0
9199025,24830,[CAR],oh well that's your your little Valentine strawberry.,,,34.0
9199039,24830,[CAR],there we are.,,,34.0
9199047,24830,[CAR],shall we light this special candle?,,,34.0
9199060,24830,[CAR],that's a Valentines_Day candle isn't it?,,,34.0
9199073,24830,[CHI],um.,,,34.0
9199084,24830,[CAR],we'll do that just while the iron's heating up.,,,34.0
9199099,24830,[CHI],Mummy needta do it.,-1.0,sv_agreement,34.0
9199113,24830,[CAR],oh you can't.,,,34.0
9199129,24830,[CAR],no no.,,,34.0
9199142,24830,[CAR],we're not blowing it out yet.,,,34.0
9199158,24830,[CAR],we've just lit it.,,,34.0
9199171,24830,[CAR],I can't let you strike the match.,,,34.0
9199184,24830,[CAR],there.,,,34.0
9199194,24830,[CAR],how's that?,,,34.0
9199206,24830,[CHI],that's a match.,1.0,,34.0
9199220,24830,[CAR],this is a match.,,,34.0
9199238,24830,[CAR],that's the candle.,,,34.0
9199258,24830,[CHI],it smells like a cheeky worm.,1.0,,34.0
9199276,24830,[CAR],it smells like what?,,,34.0
9199297,24830,[CHI],cheeky worm.,-1.0,determiner,34.0
9199311,24830,[CAR],a what worm?,,,34.0
9199322,24830,[CHI],a cheeky worm.,1.0,,34.0
9199335,24830,[CAR],a cheeky worm.,,,34.0
9199351,24830,[CHI],yes.,,,34.0
9199364,24830,[CAR],well it's sposta have a nice smell Thomas.,,,34.0
9199380,24830,[CAR],I don't think the smell has had a chance to get out yet.,,,34.0
9199395,24830,[CAR],but it smells nice.,,,34.0
9199408,24830,[CHI],smells like dirty.,-1.0,subject,34.0
9199420,24830,[CAR],smells like dirty.,,,34.0
9199438,24830,[CAR],oh I don't think it does.,,,34.0
9199453,24830,[CAR],oh the iron sounds a bit like a snake doesn't it?,,,34.0
9199466,24830,[CAR],what's it saying?,,,34.0
9199476,24830,[CAR],what's the iron saying?,,,34.0
9199506,24830,[CAR],um.,,,34.0
9199522,24830,[CAR],psh.,,,34.0
9199539,24830,[CAR],it's a steam iron.,,,34.0
9199554,24830,[CAR],like the steam train.,,,34.0
9199560,24830,[CAR],it's a steam iron.,,,34.0
9199574,24830,[CHI],is this the train?,1.0,,34.0
9199587,24830,[CAR],um.,,,34.0
9199599,24830,[CAR],it sounds like a steam train.,,,34.0
9199609,24830,[CAR],anything with steam makes a noise doesn't it?,,,34.0
9199621,24830,[CHI],it's a train.,1.0,,34.0
9199642,24830,[CAR],um.,,,34.0
9199662,24830,[CHI],put some?,-1.0,"subject, object",34.0
9199730,24830,[CHI],put some letters in it.,0.0,,34.0
9199748,24830,[CAR],oh I see.,,,34.0
9199757,24830,[CAR],you're pretending the Smarties are letters in the back of the train are you?,,,34.0
9199771,24830,[CHI],it's a mail train.,1.0,,34.0
9199785,24830,[CAR],it's a mail train.,,,34.0
9199803,24830,[CAR],and where's it going to Thomas?,,,34.0
9199822,24830,[CHI],it's Mummy's house.,0.0,,34.0
9199838,24830,[CAR],Mummy's house.,,,34.0
9199845,24830,[CHI],it's going the wrong way.,1.0,,34.0
9199859,24830,[CAR],oh that's lovely.,,,34.0
9199879,24830,[CAR],are there lots_of Valentines cards inside the train?,,,34.0
9199894,24830,[CHI],yes.,,,34.0
9199906,24830,[CAR],going to Mummy's house.,,,34.0
9199912,24830,[CHI],yes.,,,34.0
9199929,24830,[CAR],are they all for Mummy?,,,34.0
9199940,24830,[CHI],yes.,,,34.0
9199949,24830,[CAR],oh how lovely.,,,34.0
9199960,24830,[CAR],Daddy's going to be a little bit cross isn't he?,,,34.0
9199976,24830,[CHI],yes.,,,34.0
9199986,24830,[CHI],look.,,,34.0
9199994,24830,[CHI],just one.,0.0,,34.0
9200007,24830,[CAR],oh thank you.,,,34.0
9200019,24830,[CAR],you're handing all these Smarties away.,,,34.0
9200030,24830,[CAR],are you sure?,,,34.0
9200037,24830,[CHI],you eat it.,0.0,,34.0
9200048,24830,[CAR],can I eat it?,,,34.0
9200058,24830,[CAR],are you sure?,,,34.0
9200071,24830,[CHI],sure.,,,34.0
9200085,24830,[CAR],oh thank you darling.,,,34.0
9200097,24830,[CAR],very kind of you.,,,34.0
9200112,24830,[CAR],thank you.,,,34.0
9200137,24830,[CHI],and I go up the train.,-1.0,tense_aspect,34.0
9200163,24830,[CHI],you're poorly Mummy.,-1.0,other,34.0
9200175,24830,[CHI],you're poorly.,-1.0,other,34.0
9200187,24830,[CAR],um well it was the hospital.,,,34.0
9200206,24830,[CAR],it was the hospital ringing Mummy.,,,34.0
9200221,24830,[CAR],I've just got to go for a check up.,,,34.0
9200233,24830,[CAR],people do now and again.,,,34.0
9200247,24830,[CHI],check up.,-1.0,determiner,34.0
9200258,24830,[CAR],yes.,,,34.0
9200267,24830,[CAR],a check up.,,,34.0
9200281,24830,[CAR],you know like we go to the Doctor's.,,,34.0
9200296,24830,[CAR],and Doctor's just check us over to see we're alright.,,,34.0
9200317,24830,[CAR],well Mummy hasta go to the hospital in March.,,,34.0
9200331,24830,[CAR],and that was the lady just phoning up to to see if we could go.,,,34.0
9200347,24830,[CAR],or if I could go.,,,34.0
9200358,24830,[CHI],and me too.,1.0,,34.0
9200373,24830,[CAR],I'm sure you'll be with me.,,,34.0
9200385,24830,[CAR],yes.,,,34.0
9200396,24830,[CHI],what about Daddy?,1.0,,34.0
9200408,24830,[CAR],uh well Daddy might come as well.,,,34.0
9200422,24830,[CAR],I don't know.,,,34.0
9200434,24830,[CAR],it's at one o'clock on Thursday_the_ninth of March.,,,34.0
9200465,24830,[CAR],Daddy might very well?,,,34.0
9200478,24830,[CAR],it might be Daddy's lunchtime then.,,,34.0
9200495,24830,[CAR],Daddy might call to look after you so that you don't hafta come to the hospital.,,,34.0
9200523,24830,[CAR],they're quite exciting places to look at but sometimes?,,,34.0
9200538,24830,[CHI],where's that big brown red post box?,1.0,,34.0
9200556,24830,[CAR],oh oh that's a different hospital.,,,34.0
9200570,24830,[CAR],yes.,,,34.0
9200585,24830,[CAR],yes.,,,34.0
9200601,24830,[CAR],you're thinking about the one in York aren't you?,,,34.0
9200616,24830,[CAR],where there's a a huge post box at the entrance to the hospital.,,,34.0
9200629,24830,[CAR],but this is Withington_Hospital just down the road.,,,34.0
9200643,24830,[CAR],and they can be exciting places to watch but if you're waiting a long time which sometimes you are I think you'll get terribly bored.,,,34.0
9200660,24830,[CAR],do you remember when we went to Wythenshaw last?,,,34.0
9200673,24830,[CAR],Wythenshaw_Hospital.,,,34.0
9200681,24830,[CAR],in the waiting room there was that beautiful big red bus.,,,34.0
9200704,24830,[CAR],and Mummy and Daddy had tried all over the place to buy a big red bus and we couldn't find one.,,,34.0
9200718,24830,[CAR],and we went to the Outpatients in Wythenshaw_Hospital and they had a beautiful big red bus.,,,34.0
9200737,24830,[CAR],and you played with it all the time.,,,34.0
9200747,24830,[CAR],you probably don't remember that.,,,34.0
9200760,24830,[CHI],you sing it.,1.0,,34.0
9200770,24830,[CAR],I sing it.,,,34.0
9200786,24830,[CAR],I can't sing it darling.,,,34.0
9200800,24830,[CHI],Mummy you sing a thing.,1.0,,34.0
9200812,24830,[CAR],what do you want me to sing?,,,34.0
9200824,24830,[CHI],the little red bus.,1.0,,34.0
9200831,24830,[CAR],the little red bus.,,,34.0
9200841,24830,[CAR],I only know one song about a bus and that's the Wheels on the Bus.,,,34.0
9200879,24830,[CAR],is that the one you mean?,,,34.0
9200893,24830,[CHI],no.,,,34.0
9200901,24830,[CHI],a big red bus.,1.0,,34.0
9200911,24830,[CAR],a big red bus.,,,34.0
9200927,24830,[CAR],I don't think I know a song about a big red bus.,,,34.0
9200946,24830,[CHI],yes.,,,34.0
9200958,24830,[CAR],well how does it go?,,,34.0
9200971,24830,[CHI],wheels on the bus go red red red.,0.0,,34.0
9200987,24830,[CAR],Thomas you silly_billy.,,,34.0
9201000,24830,[CAR],that's the Wheels on the Bus go round and round but you've substituted the word red.,,,34.0
9201020,24830,[CHI],red red red.,0.0,,34.0
9201027,24830,[CAR],no wonder I didn't know that song.,,,34.0
9201037,24830,[CAR],you've just made it up.,,,34.0
9201072,24830,[CHI],red red red red red.,0.0,,34.0
9201091,24830,[CAR],alright.,,,34.0
9201106,24830,[CAR],we'll sing that one then.,,,34.0
9201117,24830,[CHI],no.,,,34.0
9201131,24830,[CHI],red red red.,0.0,,34.0
9201144,24830,[CAR],red red red red red red.,,,34.0
9201182,24830,[CAR],that's the little bus the little book you have called a little yellow bus and that plays a little tune and at the end it goes doesn't it?,,,34.0
9201201,24830,[CAR],well it is Valentines_Day Thomas.,,,34.0
9201212,24830,[CAR],so I suppose we can sing about red.,,,34.0
9201260,24830,[CHI],where's the little yellow bus?,1.0,,34.0
9201281,24830,[CHI],wanna read it.,-1.0,subject,34.0
9201299,24830,[CAR],I'm not sure where the book is sweetheart.,,,34.0
9201321,24830,[CAR],well let's just sing it again.,,,34.0
9201333,24830,[CAR],the story about the little yellow what happens?,,,34.0
9201351,24830,[CHI],don't know.,0.0,,34.0
9201366,24830,[CAR],can you not remember?,,,34.0
9201382,24830,[CHI],no.,,,34.0
9201393,24830,[CAR],well the driver is called Pete and he has a little yellow bus.,,,34.0
9201411,24830,[CHI],what's it called?,1.0,,34.0
9201431,24830,[CAR],and one day?,,,34.0
9201448,24830,[CAR],pardon.,,,34.0
9201464,24830,[CHI],what's it called that yellow bus?,1.0,,34.0
9201480,24830,[CAR],well I think he just calls it his little yellow bus but we could give it a name if you like.,,,34.0
9201497,24830,[CAR],what would you like to call it?,,,34.0
9201514,24830,[CHI],Aunty_Frank.,1.0,,34.0
9201533,24830,[CAR],Aunty_Frank.,,,34.0
9201555,24830,[CAR],oh Thomas you've called your fish Aunty_Frank.,,,34.0
9201570,24830,[CAR],you can't call a bus Aunty_Frank as well.,,,34.0
9201587,24830,[CHI],um.,,,34.0
9201599,24830,[CAR],can we?,,,34.0
9201616,24830,[CHI],yes.,,,34.0
9201633,24830,[CAR],no.,,,34.0
9201653,24830,[CHI],yes.,,,34.0
9201664,24830,[CAR],well we'll think of a name for the little yellow bus.,,,34.0
9201707,24830,[CAR],and the driver and the bus is stuck in the traffic aren't they?,,,34.0
9201722,24830,[CAR],one day.,,,34.0
9201739,24830,[CAR],and the driver's fed up with this.,,,34.0
9201752,24830,[CAR],and he said.,,,34.0
9201769,24830,[CAR],it's time we had a day off little yellow bus.,,,34.0
9201791,24830,[CAR],it's time we took a day in the country.,,,34.0
9201812,24830,[CAR],so the following morning the driver gets up and he washes and he polishes his little bus doesn't he?,,,34.0
9201834,24830,[CAR],and they set off for a day in the country.,,,34.0
9201854,24830,[CAR],and I think it's just sposta be the driver and the bus.,,,34.0
9201871,24830,[CAR],but all the way along he meets people who want lifts doesn't he?,,,34.0
9201890,24830,[CAR],like there's some people riding bicycles who were stuck in the rain.,,,34.0
9201924,24830,[CAR],and there's an elderly lady.,,,34.0
9201946,24830,[CAR],and there's a lady with some children and they're all tired of walking and two boys.,,,34.0
9201984,24830,[CAR],one of them has a flat tyre on his bicycle and all sorts of things happen.,,,34.0
9202004,24830,[CAR],and one by one the little yellow bus picks them up doesn't he?,,,34.0
9202021,24830,[CAR],and then who do they meet at the side of the road who has broken down?,,,34.0
9202039,24830,[CHI],a helicopter.,1.0,,34.0
9202053,24830,[CHI],and a pilot too.,1.0,,34.0
9202068,24830,[CAR],that's right.,,,34.0
9202087,24830,[CAR],yes.,,,34.0
9202107,24830,[CAR],one of the things?,,,34.0
9202124,24830,[CAR],yes.,,,34.0
9202138,24830,[CAR],a pilot lands in a field doesn't he?,,,34.0
9202151,24830,[CAR],and helicopter.,,,34.0
9202164,24830,[CAR],and he says.,,,34.0
9202179,24830,[CAR],may I have a lift home?,,,34.0
9202189,24830,[CAR],but.,,,34.0
9202209,24830,[CHI],no thanks.,1.0,,34.0
9202224,24830,[CHI],I'm going home now in my helicopter.,1.0,,34.0
9202261,24830,[CAR],no.,,,34.0
9202271,24830,[CAR],that isn't part of the story.,,,34.0
9202285,24830,[CAR],he doesn't say?,,,34.0
9202321,24830,[CAR],Thomas Lastname you do make up storys.,,,34.0
9202347,24830,[CAR],no.,,,34.0
9202356,24830,[CAR],what happened?,,,34.0
9202372,24830,[CAR],who breaks down at the side of the road?,,,34.0
9202393,24830,[CHI],the ice cream man.,1.0,,34.0
9202406,24830,[CAR],the ice cream man.,,,34.0
9202430,24830,[CAR],and the ice cream man says to the bus.,,,34.0
9202449,24830,[CAR],my ice cream van has broken down.,,,34.0
9202460,24830,[CAR],all the ice cream's going to melt.,,,34.0
9202479,24830,[CAR],so he gives it to all the passengers on the bus doesn't he?,,,34.0
9202496,24830,[CAR],so there they are.,,,34.0
9202510,24830,[CAR],they've all had a nice day out.,,,34.0
9202527,24830,[CAR],they've all had a lift.,,,34.0
9202545,24830,[CAR],and they've all had an ice cream.,,,34.0
9202564,24830,[CAR],and the driver says to his little yellow bus.,,,34.0
9202581,24830,[CAR],oh it's been a great day out.,,,34.0
9202601,24830,[CAR],it's been just like a normal day picking up all these passengers.,,,34.0
9202619,24830,[CAR],and who else is in the story book?,,,34.0
9202634,24830,[CAR],do you remember there's an old lady?,,,34.0
9202649,24830,[CHI],no.,,,34.0
9202659,24830,[CAR],and what's she?,,,34.0
9202678,24830,[CAR],what was she riding in before she saw the bus?,,,34.0
9202699,24830,[CHI],in the.,-1.0,object,34.0
9202712,24830,[CAR],in the what?,,,34.0
9202734,24830,[CHI],in the dotdot.,0.0,,34.0
9202743,24830,[CAR],in the dotdot.,,,34.0
9202767,24830,[CAR],you're just making things up now.,,,34.0
9202796,24830,[CAR],well she was riding in the basket of a hot air balloon wasn't she?,,,34.0
9202810,24830,[CHI],I'm cutting this.,1.0,,34.0
9202827,24830,[CAR],oh Thomas you're going to knock the horse off.,,,34.0
9202850,24830,[CAR],ah poor horse.,,,34.0
9202864,24830,[CAR],that's not nice is it?,,,34.0
9202877,24830,[CHI],this is the police car.,1.0,,34.0
9202894,24830,[CHI],nee_nah.,0.0,,34.0
9202917,24830,[CAR],oh the train has turned into a police car has it?,,,34.0
9202972,24830,[CAR],that's interesting.,,,34.0
9202988,24830,[CHI],got flashing beebas.,-1.0,subject,34.0
9203008,24830,[CAR],has it?,,,34.0
9203020,24830,[CAR],it has got flashing lights.,,,34.0
9203034,24830,[CHI],bee bah.,0.0,,34.0
9203050,24830,[CHI],oops stopped.,-1.0,subject,34.0
9203062,24830,[CHI],the horse is crying.,1.0,,34.0
9203072,24830,[CAR],why is the horse crying?,,,34.0
9203088,24830,[CHI],because it's police car.,-1.0,determiner,34.0
9203109,24830,[CHI],nee_nah.,0.0,,34.0
9203126,24830,[CAR],and has the police car come to the horse because the horse is crying or is the horse crying because he has seen a policeman?,,,34.0
9203150,24830,[CHI],see a policeman.,-1.0,subject,34.0
9203170,24830,[CAR],oh what has he done then?,,,34.0
9203182,24830,[CHI],naughty horse.,0.0,,34.0
9203196,24830,[CAR],naughty horse.,,,34.0
9203211,24830,[CAR],has he been a naughty horse?,,,34.0
9203232,24830,[CHI],um.,,,34.0
9203249,24830,[CAR],oh dear.,,,34.0
9203263,24830,[CAR],how can a horse be naughty?,,,34.0
9203279,24830,[CAR],what has he done?,,,34.0
9203295,24830,[CHI],frightened somebody's beer.,0.0,,34.0
9203314,24830,[CAR],he has frightened somebody's what?,,,34.0
9203326,24830,[CHI],somebody's beer.,1.0,,34.0
9203343,24830,[CAR],frightened somebody's beer.,,,34.0
9203361,24830,[CHI],yes.,,,34.0
9203379,24830,[CAR],what do you mean?,,,34.0
9203397,24830,[CHI],smack her.,0.0,,34.0
9203415,24830,[CAR],pardon darling.,,,34.0
9203429,24830,[CHI],smack that little Mummy.,0.0,,34.0
9203448,24830,[CHI],naughty Mummy the policeman say.,-1.0,"determiner, sv_agreement",34.0
9203466,24830,[CAR],the policeman said naughty Mummy.,,,34.0
9203486,24830,[CAR],why?,,,34.0
9203499,24830,[CAR],what am I sposta have done?,,,34.0
9203514,24830,[CHI],um bashed that tray over there up on your.,-1.0,"subject, other",34.0
9203530,24830,[CAR],I've bashed the train.,,,34.0
9203546,24830,[CAR],what train love?,,,34.0
9203562,24830,[CHI],this tray.,1.0,,34.0
9203577,24830,[CAR],train.,,,34.0
9203594,24830,[CAR],oh the tray.,,,34.0
9203610,24830,[CAR],Purdie's tray.,,,34.0
9203627,24830,[CHI],yes.,,,34.0
9203641,24830,[CAR],well I walked into Purdie's tray earlier on and her water bowl fell over didn't it?,,,34.0
9203660,24830,[CAR],I hardly think we need call the police over that though Thomas.,,,34.0
9203677,24830,[CHI],and the policeman what's going on.,-1.0,verb,34.0
9203692,24830,[CAR],did he?,,,34.0
9203705,24830,[CAR],the policeman said what's going on.,,,34.0
9203722,24830,[CAR],ah!,,,34.0
9203749,24830,[CAR],and what did Mummy say?,,,34.0
9203768,24830,[CHI],oh God.,1.0,,34.0
9203801,24830,[CHI],yes.,,,34.0
9203816,24830,[CHI],it is.,-1.0,object,34.0
9203835,24830,[CHI],I said that.,0.0,,34.0
9203854,24830,[CHI],naughty Mummy policeman said.,-1.0,determiner,34.0
9203872,24830,[CAR],well it's a funny thing Thomas.,,,34.0
9203886,24830,[CAR],because when I walked into the tray and knocked Purdie's water bowl over I remember the water going on the floor.,,,34.0
9203911,24830,[CAR],and I remember picking up a cloth and wiping it up.,,,34.0
9203931,24830,[CAR],I don't remember any policeman coming and telling me I was a naughty girl.,,,34.0
9203948,24830,[CAR],you didn't even bother to come through to see what had happened.,,,34.0
9203970,24830,[CAR],you just shouted what has happened.,,,34.0
9203988,24830,[CHI],I look.,-1.0,object,34.0
9204008,24830,[CAR],did you look?,,,34.0
9204031,24830,[CAR],did you peep?,,,34.0
9204047,24830,[CHI],yes.,,,34.0
9204067,24830,[CAR],did you see me moping up the water?,,,34.0
9204085,24830,[CHI],no.,,,34.0
9204093,24830,[CAR],no.,,,34.0
9204110,24830,[CAR],you didn't you see because you didn't bother coming through did you?,,,34.0
9204127,24830,[CHI],no.,,,34.0
9204143,24830,[CAR],no.,,,34.0
9204157,24830,[CAR],you just asked me what had happened?,,,34.0
9204170,24830,[CAR],you're a monkey monkey Thomas.,,,34.0
9204188,24830,[CAR],look.,,,34.0
9204200,24830,[CAR],we're getting all this ironing done.,,,34.0
9204221,24830,[CAR],this is good isn't it?,,,34.0
9204243,24830,[CHI],no.,,,34.0
9204254,24830,[CHI],it's dirty.,1.0,,34.0
9204273,24830,[CHI],loads of Smarties me.,-1.0,"verb, preposition",34.0
9204289,24830,[CAR],oh no.,,,34.0
9204304,24830,[CAR],I said all the Smarties had gone.,,,34.0
9204322,24830,[CAR],no more.,,,34.0
9204347,24830,[CAR],that's why I asked you twice.,,,34.0
9204364,24830,[CHI],I got some more in here.,1.0,,34.0
9204391,24830,[CAR],have you?,,,34.0
9204406,24830,[CAR],oh so you have.,,,34.0
9204423,24830,[CAR],that's why I was asking you if you were sure you wanted to give them away to me.,,,34.0
9204454,24830,[CHI],and Mum said oh no no.,1.0,,34.0
9204472,24830,[CAR],did I?,,,34.0
9204492,24830,[CHI],yes.,,,34.0
9204526,24830,[CAR],I can't remember.,,,34.0
9204542,24830,[CHI],I need a big?,-1.0,object,34.0
9204560,24830,[CHI],I need a?,-1.0,object,34.0
9204573,24830,[CHI],I need a trailer.,1.0,,34.0
9204596,24830,[CHI],a big trailer and a car.,1.0,,34.0
9204613,24830,[CAR],what would you like darling?,,,34.0
9204631,24830,[CHI],the trailer and the car.,1.0,,34.0
9204651,24830,[CAR],okay.,,,34.0
9204664,24830,[CHI],and the.,-1.0,object,34.0
9204682,24830,[CAR],alright.,,,34.0
9204695,24830,[CAR],I heard.,,,34.0
9204726,24830,[CAR],how's that?,,,34.0
9204743,24830,[CHI],um I not like lit little boy.,-1.0,"auxiliary, determiner",34.0
9204760,24830,[CAR],you don't like the little boy.,,,34.0
9204774,24830,[CAR],well let's leave him.,,,34.0
9204786,24830,[CAR],let's put him over there by your juice.,,,34.0
9204805,24830,[CAR],he is the driver of the car though.,,,34.0
9204835,24830,[CAR],pardon.,,,34.0
9204852,24830,[CHI],that little boy said.,-1.0,object,34.0
9204872,24830,[CAR],what did he say?,,,34.0
9204888,24830,[CHI],crying wanna go down there.,-1.0,subject,34.0
9204907,24830,[CAR],oh the little boy's crying because he wants to go in the trailer and you said no.,,,34.0
9204929,24830,[CHI],it's mine.,1.0,,34.0
9204945,24830,[CAR],oh no.,,,34.0
9204963,24830,[CAR],it's not Thomas.,,,34.0
9204981,24830,[CHI],yes.,,,34.0
9204995,24830,[CHI],it is.,1.0,,34.0
9205015,24830,[CAR],no no no.,,,34.0
9205030,24830,[CAR],what have we said about sharing?,,,34.0
9205047,24830,[CAR],um.,,,34.0
9205064,24830,[CAR],some things may belong to you but when other people come it's nice to share isn't it?,,,34.0
9205088,24830,[CAR],you go to Becky's house and you go to Isabel's house and Bethany's house and Jake's house.,,,34.0
9205105,24830,[CAR],just imagine when you got there all the time they said you can't touch my toys Thomas.,,,34.0
9205127,24830,[CAR],they're mine.,,,34.0
9205150,24830,[CAR],you can't go in there Thomas.,,,34.0
9205170,24830,[CAR],it's mine.,,,34.0
9205187,24830,[CAR],you can't have a Smartie.,,,34.0
9205210,24830,[CAR],it's mine.,,,34.0
9205225,24830,[CAR],you'd be terribly upset wouldn't you?,,,34.0
9205244,24830,[CHI],want one.,-1.0,"subject, object",34.0
9205263,24830,[CAR],precisely.,,,34.0
9205282,24830,[CAR],because you'd want one.,,,34.0
9205300,24830,[CAR],you'd wanna join in.,,,34.0
9205317,24830,[CAR],you'd like to play with the toys and see what's happening.,,,34.0
9205338,24830,[CAR],and look.,,,34.0
9205357,24830,[CAR],fair enough all those people have at times got a little bit upset and said things are theirs.,,,34.0
9205375,24830,[CAR],but in the end it has all been sorted out and you've both played with things together and done things together.,,,34.0
9205402,24830,[CAR],it's the same when people come here.,,,34.0
9205418,24830,[CAR],at first you might enjoy showing off your toys and then you get a little bit fed up because other people are playing with them.,,,34.0
9205440,24830,[CAR],but that's all part of playing together and sharing isn't it?,,,34.0
9205458,24830,[CAR],it is nice to share things.,,,34.0
9205474,24830,[CAR],and if you let people share things here then when you go to their house they're happy to let you share their toys.,,,34.0
9205495,24830,[CAR],yes.,,,34.0
9205510,24830,[CHI],no.,,,34.0
9205521,24830,[CHI],dirty.,,,34.0
9205538,24830,[CAR],because you're very generous with Mummy and Daddy aren't you?,,,34.0
9205559,24830,[CAR],and Nana and Grandad.,,,34.0
9205576,24830,[CAR],you want us to share things with you.,,,34.0
9205597,24830,[CAR],is that the racing car driver?,,,34.0
9205625,24830,[CHI],it's the train driver.,1.0,,34.0
9205637,24830,[CAR],is it?,,,34.0
9205650,24830,[CAR],well our train driver has gone missing hasn't he?,,,34.0
9205667,24830,[CAR],I don't know what has happened to him?,,,34.0
9205683,24830,[CHI],under.,,,34.0
9205696,24830,[CHI],steady.,,,34.0
9205711,24830,[CHI],under this chair.,-1.0,"subject, verb",34.0
9205725,24830,[CAR],pardon sweetheart.,,,34.0
9205740,24830,[CHI],who's under this chair?,1.0,,34.0
9205758,24830,[CHI],that chair.,1.0,,34.0
9205778,24830,[CAR],who's under the chair?,,,34.0
9205795,24830,[CHI],the another train driver.,-1.0,determiner,34.0
9205810,24830,[CAR],no.,,,34.0
9205820,24830,[CAR],the train driver has been missing a long long time Thomas.,,,34.0
9205838,24830,[CAR],the train driver.,,,34.0
9205853,24830,[CAR],the little Duplo train driver has got little blue dungarees hasn't he?,,,34.0
9205863,24830,[CAR],and his head moves round and his arms move round.,,,34.0
9205884,24830,[CAR],but we haven't seen him for a long time.,,,34.0
9205907,24830,[CAR],he has gone missing.,,,34.0
9205927,24830,[CAR],I don't know what has happened to him.,,,34.0
9205945,24830,[CAR],you had him one day and then gone next didn't you?,,,34.0
9205969,24830,[CHI],it's in playgroup.,-1.0,determiner,34.0
9205989,24830,[CAR],it's at playgroup.,,,34.0
9206005,24830,[CHI],yes.,,,34.0
9206020,24830,[CAR],no.,,,34.0
9206033,24830,[CAR],we've we've not taken him out Thomas.,,,34.0
9206052,24830,[CAR],we've taken the train many times.,,,34.0
9206070,24830,[CAR],when we've gone to Weddings and Chirstenings we've always taken the train because it's something you've been happy to play with quietly at tables isn't it?,,,34.0
9206101,24830,[CHI],more trains.,-1.0,verb,34.0
9206113,24830,[CAR],we haven't got anymore trains love.,,,34.0
9206131,24830,[CAR],but we've never taken.,,,34.0
9206161,24830,[CHI],more cranes.,-1.0,object,34.0
9206178,24830,[CAR],we haven't a crane either.,,,34.0
9206194,24830,[CAR],but when.,,,34.0
9206207,24830,[CHI],got a digger.,-1.0,subject,34.0
9206219,24830,[CAR],yes.,,,34.0
9206230,24830,[CAR],we've got a digger.,,,34.0
9206246,24830,[CAR],would you like a digger?,,,34.0
9206261,24830,[CHI],what um?,-1.0,"verb, object",34.0
9206277,24830,[CHI],what about Dizzy?,1.0,,34.0
9206299,24830,[CAR],what do you mean what about?,,,34.0
9206323,24830,[CAR],oh Dizzy's upstairs.,,,34.0
9206341,24830,[CAR],Dizzy_the_mixer's in the bathroom and he has been for quite a few weeks now.,,,34.0
9206361,24830,[CHI],lots_of vegetables Mummy.,0.0,,34.0
9206380,24830,[CHI],look.,,,34.0
9206398,24830,[CHI],there's Smarties.,0.0,,34.0
9206414,24830,[CAR],he has got vegetables has he?,,,34.0
9206435,24830,[CHI],um.,,,34.0
9206450,24830,[CAR],is he a fruit and veggie lorry?,,,34.0
9206472,24830,[CHI],eating my Smartie.,-1.0,"subject, present_progressive",34.0
9206490,24830,[CAR],are you?,,,34.0
9206513,24830,[CHI],under this lid.,0.0,,34.0
9206543,24830,[CAR],um.,,,34.0
9206558,24830,[CAR],cheeky isn't it?,,,34.0
9206578,24830,[CAR],cheeky cheeky meeky.,,,34.0
9206597,24830,[CHI],you're cheeky Mummy.,1.0,,34.0
9206614,24830,[CAR],Mummy's not cheeky is she?,,,34.0
9206633,24830,[CHI],where's the train?,1.0,,34.0
9206650,24830,[CAR],pardon.,,,34.0
9206670,24830,[CHI],oh that's the car.,1.0,,34.0
9206690,24830,[CHI],driver oh that's mine.,-1.0,"determiner, other",34.0
9206703,24830,[CHI],that's mine.,1.0,,34.0
9206721,24830,[CHI],that's mine.,1.0,,34.0
9206741,24830,[CAR],so when we've taken the little Lego train to places we've always checked that we've got everything before we've gone home.,,,34.0
9206764,24830,[CHI],Lego.,,,34.0
9206778,24830,[CAR],this was just one of the days in in the summer Thomas.,,,34.0
9206797,24830,[CAR],when one day you had the train driver and the next day you didn't.,,,34.0
9206819,24830,[CAR],so we don't know what has happened to him.,,,34.0
9206851,24830,[CHI],broken the train driver.,-1.0,"verb, other",34.0
9206871,24830,[CHI],this this the police car nee_nah nee_nah.,-1.0,verb,34.0
9206885,24830,[CHI],this is the breakdown lorry.,1.0,,34.0
9206900,24830,[CHI],this is the fire engine.,1.0,,34.0
9206917,24830,[CHI],this is the fire engine.,1.0,,34.0
9206933,24830,[CAR],is it?,,,34.0
9206949,24830,[CHI],um.,,,34.0
9206969,24830,[CHI],nee_nah nee_nah.,0.0,,34.0
9206986,24830,[CAR],the train has turned into a fire engine now has he?,,,34.0
9207016,24830,[CHI],um.,,,34.0
9207035,24830,[CAR],um.,,,34.0
9207052,24830,[CHI],this is the fireman.,1.0,,34.0
9207069,24830,[CHI],there's a fireman in there.,1.0,,34.0
9207085,24830,[CAR],yes.,,,34.0
9207110,24830,[CHI],he's going nee_nah beep beep.,0.0,,34.0
9207140,24830,[CAR],and where are they going to Thomas.,,,34.0
9207161,24830,[CHI],the Fire_Service.,1.0,,34.0
9207176,24830,[CAR],they're in the Fire_Service but where are they going to?,,,34.0
9207203,24830,[CAR],who has got a fire?,,,34.0
9207218,24830,[CHI],you.,,,34.0
9207236,24830,[CAR],I have.,,,34.0
9207260,24830,[CHI],yes.,,,34.0
9207277,24830,[CAR],oh goodness me.,,,34.0
9207290,24830,[CAR],well the candle's lit.,,,34.0
9207308,24830,[CAR],and I've got a hot iron in my hand but I don't think we're on fire yet are we?,,,34.0
9207331,24830,[CHI],yes.,,,34.0
9207345,24830,[CAR],oh_gosh where?,,,34.0
9207364,24830,[CAR],where have we got a fire that Mummy doesn't know about?,,,34.0
9207383,24830,[CHI],there.,,,34.0
9207406,24830,[CAR],oh there on the edge of the table.,,,34.0
9207423,24830,[CAR],oh_gosh.,,,34.0
9207444,24830,[CAR],well I hope?,,,34.0
9207460,24830,[CHI],fire engine coming nee_nah.,-1.0,"determiner, present_progressive",34.0
9207476,24830,[CAR],oh I hope he gets to me quickly before it spreads.,,,34.0
9207502,24830,[CAR],hello fireman.,,,34.0
9207520,24830,[CAR],oh I am pleased to see you.,,,34.0
9207540,24830,[CAR],Thomas says we've got a fire on the edge of the tablecloth.,,,34.0
9207556,24830,[CAR],can you help me please?,,,34.0
9207570,24830,[CHI],okay.,,,34.0
9207580,24830,[CHI],thanks Mummy.,1.0,,34.0
9207619,24830,[CAR],thank you fireman.,,,34.0
9207631,24830,[CAR],appreciate that.,,,34.0
9207651,24830,[CHI],yes.,,,34.0
9207665,24830,[CHI],I done it.,-1.0,auxiliary,34.0
9207682,24830,[CAR],oh well done fireman.,,,34.0
9207714,24830,[CAR],thank you Thomas.,,,34.0
9207731,24830,[CAR],for pointing out the fire.,,,34.0
9207756,24830,[CAR],that's very clever.,,,34.0
9207774,24830,[CHI],that's very clever you Mummy.,-1.0,preposition,34.0
9207799,24830,[CAR],bye bye fireman.,,,34.0
9207818,24830,[CAR],thank you.,,,34.0
9207835,24830,[CAR],would you like a cup of tea before you go?,,,34.0
9207851,24830,[CHI],yes.,,,34.0
9207874,24830,[CHI],I driving off.,-1.0,auxiliary,34.0
9207888,24830,[CAR],oh are you driving off?,,,34.0
9207901,24830,[CAR],well would you like some tea first or do you hafta go and put out another fire somewhere?,,,34.0
9207932,24830,[CHI],another fire.,-1.0,verb,34.0
9207946,24830,[CAR],another fire.,,,34.0
9207963,24830,[CAR],oh_gosh so really the fireman's a little bit too busy to have a cup of tea with Mummy isn't he?,,,34.0
9207983,24830,[CHI],hm.,,,34.0
9207996,24830,[CHI],there.,,,34.0
9208010,24830,[CHI],that near that flower.,-1.0,verb,34.0
9208031,24830,[CAR],oh near the flower on the tablecloth.,,,34.0
9208049,24830,[CHI],yes.,,,34.0
9208066,24830,[CAR],there's another fire is there?,,,34.0
9208090,24830,[CHI],nee_nah nee_nah.,0.0,,34.0
9208109,24830,[CAR],I hope he doesn't notice the candle burning at the other end of the table Thomas.,,,34.0
9208139,24830,[CAR],otherwise he will be upset because it's a big flame isn't it?,,,34.0
9208162,24830,[CAR],look at that.,,,34.0
9208181,24830,[CHI],nee_nah nee_nah.,0.0,,34.0
9208195,24830,[CHI],I need a cup of tea.,1.0,,34.0
9208212,24830,[CAR],oh here you are fireman.,,,34.0
9208230,24830,[CAR],there's one I've just made.,,,34.0
9208256,24830,[CAR],a a nice fresh pot.,,,34.0
9208276,24830,[CAR],would you like milk?,,,34.0
9208295,24830,[CHI],uh no thanks.,1.0,,34.0
9208314,24830,[CHI],tea and coffee and milk.,0.0,,34.0
9208334,24830,[CAR],ah but would you like um would you like tea or coffee.,,,34.0
9208354,24830,[CHI],tea uh tea.,1.0,,34.0
9208370,24830,[CAR],tea.,,,34.0
9208388,24830,[CAR],and would you like milk in the cup first?,,,34.0
9208408,24830,[CHI],uh no no.,1.0,,34.0
9208425,24830,[CAR],no.,,,34.0
9208442,24830,[CHI],I need some sugar.,1.0,,34.0
9208456,24830,[CAR],you'd like some sugar.,,,34.0
9208474,24830,[CAR],how many spoonfuls would you like?,,,34.0
9208490,24830,[CHI],uh one.,1.0,,34.0
9208505,24830,[CAR],one.,,,34.0
9208520,24830,[CAR],there we are.,,,34.0
9208535,24830,[CAR],there's the tea.,,,34.0
9208549,24830,[CAR],there's the sugar.,,,34.0
9208563,24830,[CAR],look.,,,34.0
9208584,24830,[CAR],we'll leave a little jug of milk at the side just in case he changes his mind and he wants to pop some milk in it.,,,34.0
9208616,24830,[CHI],I need some milk.,1.0,,34.0
9208632,24830,[CHI],that's that's a fireman.,1.0,,34.0
9208650,24830,[CHI],that's a fireman.,1.0,,34.0
9208666,24830,[CHI],coffee and milk.,0.0,,34.0
9208688,24830,[CHI],and his coffee.,0.0,,34.0
9208703,24830,[CHI],and his and his tea and his sugar.,0.0,,34.0
9208721,24830,[CAR],he has had tea coffee.,,,34.0
9208756,24830,[CAR],a tea and a coffee.,,,34.0
9208779,24830,[CHI],I mend I mend your fire.,-1.0,present_progressive,34.0
9208807,24830,[CHI],mend your flower there.,0.0,,34.0
9208822,24830,[CAR],oh that's good.,,,34.0
9208834,24830,[CAR],he has put the fire out has he?,,,34.0
9208855,24830,[CHI],yes.,,,34.0
9208869,24830,[CAR],I hope this iron isn't making a nuisance with the noise.,,,34.0
9208888,24830,[CAR],it has gone a bit noisy now hasn't it?,,,34.0
9208902,24830,[CAR],can you hear it?,,,34.0
9208917,24830,[CHI],yes.,,,34.0
9208943,24830,[CAR],can you?,,,34.0
9208964,24830,[CAR],is the noise annoying you Thomas?,,,34.0
9208981,24830,[CAR],you've put your hands over your ears.,,,34.0
9209001,24830,[CAR],does that mean it is?,,,34.0
9209024,24830,[CHI],you a fire.,-1.0,verb,34.0
9209066,24830,[CHI],you're fire there.,-1.0,"verb, determiner",34.0
9209085,24830,[CHI],fire on there.,-1.0,"determiner, verb",34.0
9209101,24830,[CAR],I've got a fire there have I?,,,34.0
9209116,24830,[CHI],yes.,,,34.0
9209129,24830,[CHI],fireman has gone.,-1.0,determiner,34.0
9209144,24830,[CHI],nee_nah nee_nah.,0.0,,34.0
9209161,24830,[CHI],stop.,,,34.0
9209176,24830,[CAR],did you get wet then?,,,34.0
9209201,24830,[CHI],yes.,,,34.0
9209215,24830,[CAR],Mummy pressed the spray button on the iron didn't she?,,,34.0
9209237,24830,[CAR],did you get wet?,,,34.0
9209254,24830,[CHI],yes.,,,34.0
9209265,24830,[CAR],I'm terribly sorry.,,,34.0
9209283,24830,[CHI],nee_nah.,0.0,,34.0
9209304,24830,[CHI],I put I put a fire out.,1.0,,34.0
9209312,24830,[CAR],it does take more help to put the fire out Thomas.,,,34.0
9209338,24830,[CAR],the more water there is.,,,34.0
9209363,24830,[CHI],it has gone out.,1.0,,34.0
9209387,24830,[CHI],help.,,,34.0
9209405,24830,[CHI],it's it's better.,1.0,,34.0
9209422,24830,[CAR],is it?,,,34.0
9209442,24830,[CAR],the fire's better.,,,34.0
9209456,24830,[CHI],yes.,,,34.0
9209472,24830,[CAR],good good good.,,,34.0
9209487,24830,[CHI],no smoke.,0.0,,34.0
9209504,24830,[CHI],that's the fire engines now.,1.0,,34.0
9209524,24830,[CAR],all the engines are parked up.,,,34.0
9209553,24830,[CAR],are they all at the fire station?,,,34.0
9209570,24830,[CHI],your fire on there.,-1.0,verb,34.0
9209589,24830,[CHI],got to help fireman.,-1.0,"subject, determiner",34.0
9209608,24830,[CAR],help help fireman.,,,34.0
9209625,24830,[CAR],I've got a fire on the tablecloth.,,,34.0
9209643,24830,[CAR],please come quickly.,,,34.0
9209660,24830,[CHI],I've I've got.,-1.0,object,34.0
9209683,24830,[CAR],oh I haven't got time to talk to Grandma and Grandad.,,,34.0
9209704,24830,[CAR],there's a fire to put out.,,,34.0
9209735,24830,[CAR],quick quick quick quick quick.,,,34.0
9209748,24830,[CAR],help help.,,,34.0
9209765,24830,[CHI],I I finished my talking?,-1.0,tense_aspect,34.0
9209785,24830,[CHI],I going nee_nah nee_nah.,-1.0,present_progressive,34.0
9209801,24830,[CAR],you've finished your talking.,,,34.0
9209820,24830,[CHI],nee_nah nee_nah.,0.0,,34.0
9209836,24830,[CAR],you've finished your talking to Grandma and Grandad so you're going to come and rescue me now are you?,,,34.0
9209859,24830,[CHI],um.,,,34.0
9209872,24830,[CHI],it's better now.,1.0,,34.0
9209890,24830,[CHI],I rescue you.,-1.0,tense_aspect,34.0
9209909,24830,[CHI],Grandma and Grandad.,0.0,,34.0
9209923,24830,[CHI],stop.,,,34.0
9209938,24830,[CHI],the chips on fire.,-1.0,verb,34.0
9209957,24830,[CHI],help.,,,34.0
9209976,24830,[CAR],help help.,,,34.0
9209995,24830,[CAR],oh I'm just cooking some chips for Thomas's tea and oh the chip pan has caught on fire.,,,34.0
9210018,24830,[CAR],it's Aunty_Mabel.,,,34.0
9210043,24830,[CAR],do you think the firemen will help me Thomas?,,,34.0
9210064,24830,[CHI],yes.,,,34.0
9210082,24830,[CHI],fire engine's coming Aunty_Mabel.,-1.0,determiner,34.0
9210098,24830,[CHI],you got fire there.,1.0,,34.0
9210111,24830,[CAR],on that flower this time.,,,34.0
9210134,24830,[CHI],yes.,,,34.0
9210155,24830,[CHI],on your chip.,1.0,,34.0
9210173,24830,[CHI],it's your chip on fire.,1.0,,34.0
9210193,24830,[CAR],oh I see.,,,34.0
9210212,24830,[CAR],you're pretending that the the flower is a chip pan are you?,,,34.0
9210231,24830,[CHI],I need a big cloth.,1.0,,34.0
9210248,24830,[CAR],oh right.,,,34.0
9210263,24830,[CAR],well let's get a tea towel.,,,34.0
9210280,24830,[CAR],where has it gone?,,,34.0
9210299,24830,[CAR],there you are.,,,34.0
9210314,24830,[CAR],that's right.,,,34.0
9210331,24830,[CAR],that's what you do with chip pan fires isn't it?,,,34.0
9210356,24830,[CHI],yes.,,,34.0
9210368,24830,[CHI],pour water on them.,0.0,,34.0
9210388,24830,[CAR],oh no no no.,,,34.0
9210404,24830,[CAR],you dampen the tea towel.,,,34.0
9210427,24830,[CAR],you you run the tea towel under the tap till it's damp.,,,34.0
9210448,24830,[CAR],and you squeeze out the water and then you throw the cloth onto the chip pan.,,,34.0
9210472,24830,[CAR],you must stand well back but you throw it on.,,,34.0
9210488,24830,[CAR],but you never pour hot water uh never pour water onto hot fat especially a chip pan.,,,34.0
9210514,24830,[CHI],it's warm now.,1.0,,34.0
9210534,24830,[CAR],the fireman probably used a fire blanket didn't he?,,,34.0
9210554,24830,[CAR],we have a fire blanket somewhere.,,,34.0
9210570,24830,[CAR],I think it's?,,,34.0
9210587,24830,[CAR],oh Thomas!,,,34.0
9210602,24830,[CAR],oh dear dear.,,,34.0
9210620,24830,[CAR],oh dear dear.,,,34.0
9210647,24830,[CAR],I'd forgotten we had a lit candle at the end of the table.,,,34.0
9210691,24830,[CAR],oh no.,,,34.0
9210712,24830,[CAR],I shouldn't laugh because that was really very very dangerous.,,,34.0
9210803,24830,[CHI],that's funny.,1.0,,34.0
9210818,24830,[CAR],no no.,,,34.0
9210834,24830,[CAR],it wasn't actually.,,,34.0
9210868,24830,[CHI],Mummy laughing.,-1.0,present_progressive,34.0
9210882,24830,[CAR],no.,,,34.0
9210898,24830,[CAR],I didn't laugh actually because the tea towel darling.,,,34.0
9210918,24830,[CAR],wasn't damp.,,,34.0
9210939,24830,[CAR],it's just dry and I didn't realize you were going to throw it on top of the candle.,,,34.0
9210963,24830,[CAR],and the tea towel's on fire now.,,,34.0
9210990,24830,[CHI],it's not.,1.0,,34.0
9211003,24830,[CAR],oh dear dear.,,,34.0
9211028,24830,[CAR],oh.,,,34.0
9211045,24830,[CHI],your chip's on fire.,1.0,,34.0
9211061,24830,[CAR],I wasn't quite expecting that.,,,34.0
9211081,24830,[CHI],your chip's on fire Aunty_Mabel.,1.0,,34.0
9211096,24830,[CAR],yes yes.,,,34.0
9211113,24830,[CHI],nee_nah.,0.0,,34.0
9211128,24830,[CAR],goodness me.,,,34.0
9211145,24830,[CAR],that took Mummy by surprise.,,,34.0
9211163,24830,[CHI],that's Mummy's laugh.,1.0,,34.0
9211177,24830,[CAR],no.,,,34.0
9211196,24830,[CAR],I wasn't laughing but it was shock Thomas.,,,34.0
9211213,24830,[CAR],it was?,,,34.0
9211230,24830,[CAR],I was horrified.,,,34.0
9211248,24830,[CAR],I was shocked at what you'd done.,,,34.0
9211266,24830,[CAR],now you only ever put it on the chip pan fire Thomas.,,,34.0
9211282,24830,[CHI],oh yes yes.,1.0,,34.0
9211300,24830,[CAR],I didn't expect you to throw it onto the candle.,,,34.0
9211318,24830,[CAR],because the candle isn't really a fire.,,,34.0
9211335,24830,[CAR],it's a it's a special sort of a fire isn't it?,,,34.0
9211352,24830,[CAR],when the candle's lit.,,,34.0
9211371,24830,[CHI],it's a fire.,1.0,,34.0
9211390,24830,[CAR],no.,,,34.0
9211403,24830,[CAR],it's a candle.,,,34.0
9211417,24830,[CHI],no.,,,34.0
9211434,24830,[CHI],it's a fire.,1.0,,34.0
9211461,24830,[CAR],can you smell the nice smell?,,,34.0
9211476,24830,[CAR],oops a daisy.,,,34.0
9211510,24830,[CAR],oh dear.,,,34.0
9211528,24830,[CAR],it looks like the fire engine has had an accident there.,,,34.0
9211554,24830,[CAR],has the fire engine crashed?,,,34.0
9211572,24830,[CHI],yes.,,,34.0
9211584,24830,[CAR],oh heck.,,,34.0
9211607,24830,[CAR],oh dear.,,,34.0
9211625,24830,[CAR],you look shocked now.,,,34.0
9211642,24830,[CAR],have you just had a fright?,,,34.0
9211662,24830,[CHI],no.,,,34.0
9211691,24830,[CHI],nee_nah.,0.0,,34.0
9211745,24830,[CHI],the police car has crashed too.,1.0,,34.0
9211767,24830,[CAR],oh the police car has crashed too.,,,34.0
9211778,24830,[CHI],yes.,,,34.0
9211794,24830,[CAR],why have they both crashed?,,,34.0
9211813,24830,[CAR],what has happened?,,,34.0
9211830,24830,[CHI],crashed into a big your big doggy poo.,-1.0,subject,34.0
9211850,24830,[CAR],don't be silly Thomas.,,,34.0
9211869,24830,[CAR],did they slip on some mud?,,,34.0
9211888,24830,[CHI],yes.,,,34.0
9211905,24830,[CAR],did they both skid on some mud on the road because they were going very quickly.,,,34.0
9211925,24830,[CHI],uh uh dumper truck slipped on the road too.,-1.0,determiner,34.0
9211940,24830,[CAR],oh dear dear.,,,34.0
9211973,24830,[CAR],well who is going to rescue them if the the police car?,,,34.0
9211990,24830,[CAR],luckily the ambulance hasn't crashed has it?,,,34.0
9212009,24830,[CHI],ambulance.,,,34.0
9212024,24830,[CHI],I need a crane to lift them up in there.,1.0,,34.0
9212043,24830,[CAR],I bet you do.,,,34.0
9212064,24830,[CAR],yes.,,,34.0
9212085,24830,[CAR],you need something.,,,34.0
9212100,24830,[CAR],it has been a terrible accident hasn't it?,,,34.0
9212124,24830,[CHI],I need the breakdown lorry.,1.0,,34.0
9212144,24830,[CAR],do you?,,,34.0
9212161,24830,[CAR],well I'll go and see what we can find.,,,34.0
9212182,24830,[CAR],would you like to blow the candle out now Thomas?,,,34.0
9212203,24830,[CAR],right.,,,34.0
9212224,24830,[CAR],now don't touch it.,,,34.0
9212254,24830,[CAR],you leave it there.,,,34.0
9212272,24830,[CAR],it's like a birthday cake isn't it?,,,34.0
9212292,24830,[CAR],right.,,,34.0
9212306,24830,[CAR],now sit still.,,,34.0
9212324,24830,[CAR],you mustn't touch it.,,,34.0
9212333,24830,[CAR],are you going to sing happy birthday to somebody?,,,34.0
9212348,24830,[CHI],no.,,,34.0
9212369,24830,[CHI],I need a blow it.,-1.0,tense_aspect,34.0
9212385,24830,[CAR],you needta blow it.,,,34.0
9212405,24830,[CAR],okay.,,,34.0
9212425,24830,[CAR],oh well done.,,,34.0
9212438,24830,[CAR],now can you smell that nice smell?,,,34.0
9212453,24830,[CHI],um.,,,34.0
9212468,24830,[CAR],it smells beautiful doesn't it?,,,34.0
9212485,24830,[CAR],right.,,,34.0
9212502,24830,[CAR],I think it's time we changed you.,,,34.0
9212517,24830,[CAR],look at the smoke now.,,,34.0
9212535,24830,[CHI],no.,,,34.0
9212552,24830,[CHI],I not needta play on the table.,-1.0,auxiliary,34.0
9212568,24830,[CAR],no.,,,34.0
9212584,24830,[CAR],you really do need play on the table but I think we could do with getting you changed.,,,34.0
9212612,24830,[CHI],no no.,1.0,,34.0
9212626,24830,[CHI],I not need that at all.,-1.0,auxiliary,34.0
9212644,24830,[CAR],you don't need it at all.,,,34.0
9212661,24830,[CHI],no.,,,34.0
9212676,24830,[CHI],no.,,,34.0
9212686,24830,[CHI],needta play.,-1.0,subject,34.0
9212702,24830,[CAR],yes darling.,,,34.0
9212718,24830,[CAR],you can carry on playing in a minute.,,,34.0
9212737,24830,[CAR],but I think we needta get you changed.,,,34.0
9212753,24830,[CHI],no no no.,1.0,,34.0
9212769,24830,[CAR],oh Thomas don't get upset.,,,34.0
9212786,24830,[CHI],no no.,1.0,,34.0
9212800,24830,[CHI],I not needta get down.,-1.0,auxiliary,34.0
9212828,24830,[CAR],well listen darling.,,,34.0
9212847,24830,[CAR],if we don't get you changed oh then you're going to end up very wet indeed.,,,34.0
9212869,24830,[CHI],no.,,,34.0
9212890,24830,[CAR],oh sweetheart I know.,,,34.0
9212898,24830,[CHI],no need them.,-1.0,"subject, auxiliary",34.0
9212912,24830,[CAR],getting changed.,,,34.0
9212928,24830,[CAR],you'll hafta go upstairs and have a big bath and then you'll be even longer without playing on the table.,,,34.0
9212945,24830,[CHI],ow.,,,34.0
9212959,24830,[CAR],now would you like to talk to this little man?,,,34.0
9212969,24830,[CHI],no.,,,34.0
9212981,24830,[CAR],no.,,,34.0
9212995,24830,[CHI],no.,,,34.0
9213005,24830,[CHI],I not like that at all.,-1.0,auxiliary,34.0
9213032,24830,[CAR],you don't like it at all.,,,34.0
9213055,24830,[CHI],no.,,,34.0
9213088,24830,[CAR],no.,,,34.0
9213107,24830,[CAR],I'm not going to battle with you.,,,34.0
9213122,24830,[CHI],Mummy it's upside down.,1.0,,34.0
9213138,24830,[CAR],what's upside down?,,,34.0
9213154,24830,[CHI],it's I'm upside down.,1.0,,34.0
9213174,24830,[CHI],me.,,,34.0
9213202,24830,[CHI],oh Mummy I'm.,-1.0,object,34.0
9213221,24830,[CHI],oh that's not fair.,1.0,,34.0
9213237,24830,[CAR],what's not fair?,,,34.0
9213254,24830,[CHI],this.,,,34.0
9213265,24830,[CHI],no no.,1.0,,34.0
9213278,24830,[CAR],that little boy that you wouldn't let sit on a car?,,,34.0
9213323,24830,[CAR],he has just jumped down your vest.,,,34.0
9213341,24830,[CHI],no no.,1.0,,34.0
9213356,24830,[CAR],you don't know whether to laugh or cry.,,,34.0
9213374,24830,[CHI],no.,,,34.0
9213391,24830,[CAR],shall we put Teletubbies on?,,,34.0
9213406,24830,[CHI],yes.,,,34.0
9213421,24830,[CAR],let's just put the picture on.,,,34.0
9213440,24830,[CHI],oh.,,,34.0
9213456,24830,[CAR],won't it?,,,34.0
9213474,24830,[CAR],while we're doing this.,,,34.0
9213491,24830,[CHI],I need this little chair.,1.0,,34.0
9213507,24830,[CAR],no.,,,34.0
9213525,24830,[CAR],you don't need the.,,,34.0
9213542,24830,[CHI],yes.,,,34.0
9213552,24830,[CHI],oh I not like that little boy down my dress.,-1.0,auxiliary,34.0
9213567,24830,[CAR],it's not your dress.,,,34.0
9213598,24830,[CAR],it's your vest.,,,34.0
9213615,24830,[CHI],not vest.,-1.0,"subject, verb",34.0
9213630,24830,[CHI],it's jamajos.,0.0,,34.0
9213645,24830,[CAR],no.,,,34.0
9213662,24830,[CAR],that's your vest.,,,34.0
9213674,24830,[CAR],you wear a little vest don't you?,,,34.0
9213688,24830,[CAR],you don't wear dress Thomas.,,,34.0
9213703,24830,[CAR],Mummy wears dress.,,,34.0
9213722,24830,[CAR],Grandma wears dress.,,,34.0
9213735,24830,[CHI],and Grandad.,1.0,,34.0
9213746,24830,[CAR],no.,,,34.0
9213757,24830,[CAR],Grandad doesn't wear dress.,,,34.0
9213785,24830,[CAR],nor does Daddy or Thomas.,,,34.0
9213801,24830,[CAR],it's a bit confusing though really because you wear trousers and so does Mummy.,,,34.0
9213819,24830,[CAR],but Mummy wears dress and you don't.,,,34.0
9213834,24830,[CAR],Mummy's lucky really isn't she?,,,34.0
9213847,24830,[CAR],right.,,,34.0
9213863,24830,[CAR],are you going to just lie down?,,,34.0
9213879,24830,[CHI],no.,,,34.0
9213892,24830,[CHI],help.,,,34.0
9213905,24830,[CHI],out out.,0.0,,34.0
9213922,24830,[CAR],you sound like a steam train going.,,,34.0
9213936,24830,[CAR],or a little puppy.,,,34.0
9213949,24830,[CHI],a train.,0.0,,34.0
9213962,24830,[CAR],it's a funny noise isn't it?,,,34.0
9213976,24830,[CAR],what a funny noise.,,,34.0
9213989,24830,[CAR],um what a funny noise.,,,34.0
9214005,24830,[CHI],it's a Teletubbie.,1.0,,34.0
9214016,24830,[CAR],can you see the Teletubbies?,,,34.0
9214031,24830,[CHI],no.,,,34.0
9214044,24830,[CHI],can't see them.,0.0,,34.0
9214059,24830,[CAR],well let's be quicketyquick about this and then we can.,,,34.0
9214073,24830,[CAR],shall I tell you what has happened?,,,34.0
9214085,24830,[CHI],yes.,,,34.0
9214094,24830,[CAR],looks like a little boy's eating.,,,34.0
9214113,24830,[CAR],um oh I'm not quite sure what he's eating.,,,34.0
9214130,24830,[CHI],a lemon.,1.0,,34.0
9214149,24830,[CAR],a lemon.,,,34.0
9214163,24830,[CAR],no.,,,34.0
9214190,24830,[CAR],it might be an apple or a piece of toast.,,,34.0
9214214,24830,[CAR],you know I can't tell what it is their eating.,,,34.0
9214232,24830,[CAR],I think they're all eating different things actually.,,,34.0
9214283,24830,[CHI],Teletubbies are there.,-1.0,determiner,34.0
9214303,24830,[CAR],ah you've seen the video before so you.,,,34.0
9214323,24830,[CHI],eating Smarties that little boy.,-1.0,other,34.0
9214337,24830,[CHI],he's eating those Smarties.,1.0,,34.0
9214359,24830,[CAR],I bet they're not.,,,34.0
9214377,24830,[CAR],you've just said that.,,,34.0
9214392,24830,[CHI],I needta wake up.,1.0,,34.0
9214416,24830,[CAR],you needta wake up do you?,,,34.0
9214428,24830,[CHI],like Grandad.,1.0,,34.0
9214464,24830,[CHI],needta wake up now.,-1.0,subject,34.0
9214496,24830,[CAR],why are you making that silly noise?,,,34.0
9214524,24830,[CHI],I.,,,34.0
9214542,24830,[CAR],I've just got rid of the steam iron.,,,34.0
9214565,24830,[CAR],we've finished doing some ironing so that noise has gone.,,,34.0
9214584,24830,[CAR],now you're starting up.,,,34.0
9214605,24830,[CHI],I.,,,34.0
9214620,24830,[CHI],I not heard that.,-1.0,tense_aspect,34.0
9214646,24830,[CHI],not hearding it.,-1.0,"subject, tense_aspect",34.0
9214666,24830,[CAR],right.,,,34.0
9214682,24830,[CAR],will you lie down please Thomas.,,,34.0
9214694,24830,[CAR],the sooner we get this done the sooner you can go.,,,34.0
9214722,24830,[CHI],I need.,-1.0,object,34.0
9214747,24830,[CAR],no.,,,34.0
9214776,24830,[CAR],would you like a pillow?,,,34.0
9214791,24830,[CHI],no need it.,-1.0,"subject, auxiliary, other",34.0
9214810,24830,[CAR],you're propped up with a pillow.,,,34.0
9214827,24830,[CAR],because listen.,,,34.0
9214843,24830,[CAR],the longer you're messing about the longer it takes us to do this.,,,34.0
9214868,24830,[CAR],if you could lie still we could have it done in two minutes couldn't we?,,,34.0
9214889,24830,[CAR],you're a spot.,,,34.0
9214917,24830,[CHI],I'm not.,1.0,,34.0
9214926,24830,[CAR],I'm not.,,,34.0
9214944,24830,[CAR],I'm not.,,,34.0
9214957,24830,[CHI],I dirty.,-1.0,verb,34.0
9214973,24830,[CHI],where's Aun where's Aunty_Mabel?,1.0,,34.0
9214992,24830,[CAR],Aunty_Mabel.,,,34.0
9215010,24830,[CAR],well Aunty_Mabel's on in the mornings.,,,34.0
9215028,24830,[CHI],it's mornings now.,-1.0,plural,34.0
9215042,24830,[CAR],no.,,,34.0
9215065,24830,[CAR],it isn't.,,,34.0
9215084,24830,[CAR],it's just that the Teletubbies are on a video.,,,34.0
9215100,24830,[CAR],mind you we do have Anuty_Mabel on video as well.,,,34.0
9215119,24830,[CAR],which is your favorite Teletubbie?,,,34.0
9215137,24830,[CHI],green and Dipsy.,1.0,,34.0
9215153,24830,[CAR],Dipsy.,,,34.0
9215167,24830,[CHI],and Noo_Noo.,1.0,,34.0
9215178,24830,[CAR],and Noo_Noo.,,,34.0
9215192,24830,[CHI],Teletubbie_Toast Teletubbie_Toast.,0.0,,34.0
9215207,24830,[CHI],naughty Noo_Noo.,0.0,,34.0
9215221,24830,[CAR],well Noo_Noo cleans up Tubbie custard and Tubbie_Toast when the others have spilt it.,,,34.0
9215243,24830,[CAR],do you what I think it is Thomas?,,,34.0
9215265,24830,[CHI],yes.,,,34.0
9215294,24830,[CAR],you're right.,,,34.0
9215307,24830,[CAR],they're lemons.,,,34.0
9215324,24830,[CAR],they're lemons.,,,34.0
9215341,24830,[CAR],I didn't believe you when you said they were lemons.,,,34.0
9215356,24830,[CAR],it's oranges and lemons isn't it?,,,34.0
9215379,24830,[CAR],I don't know.,,,34.0
9215410,24830,[CHI],it's that little one eating lemons.,1.0,,34.0
9215440,24830,[CAR],yes.,,,34.0
9215455,24830,[CAR],he is.,,,34.0
9215469,24830,[CAR],I think it's in Spain.,,,34.0
9215483,24830,[CAR],well I think what they've done Thomas.,,,34.0
9215503,24830,[CAR],they've picked?,,,34.0
9215518,24830,[CAR],ah that's an orange.,,,34.0
9215532,24830,[CAR],they've picked some lemons off the tree.,,,34.0
9215555,24830,[CAR],and they've picked some oranges and they've put them in a basket.,,,34.0
9215572,24830,[CAR],but the li the two little boys are now peeling an orange.,,,34.0
9215593,24830,[CAR],it's an orange they're eating.,,,34.0
9215608,24830,[CAR],but they certainly did gather some lemons.,,,34.0
9215628,24830,[CAR],it looks like it's either their Grandfather because they're with a much older man aren't they?,,,34.0
9215656,24830,[CAR],more like Grandad_Beilbie is it?,,,34.0
9215671,24830,[CAR],yes.,,,34.0
9215692,24830,[CAR],I don't think Grandad_Beilbie has ever been picking oranges and lemons in Spain but.,,,34.0
9215711,24830,[CHI],Grandad a poorly tummy like me.,-1.0,"verb, other",34.0
9215724,24830,[CHI],oh Grandad got a poorly tummy.,-1.0,other,34.0
9215741,24830,[CAR],Grandad has got a poorly tummy.,,,34.0
9215762,24830,[CHI],yes.,,,34.0
9215775,24830,[CAR],oh dear.,,,34.0
9215792,24830,[CHI],Gran Grandad_Beilbie better.,-1.0,verb,34.0
9215811,24830,[CAR],is he better?,,,34.0
9215840,24830,[CAR],well we haven't seen him for a while have we?,,,34.0
9215858,24830,[CHI],no.,,,34.0
9215876,24830,[CHI],it's a long way away.,1.0,,34.0
9215890,24830,[CHI],Postman Fireman_Sam's up in the air.,1.0,,34.0
9215900,24830,[CAR],Fireman_Sam's up in the air.,,,34.0
9215912,24830,[CAR],well Grandma and Grandad_Beilbie do live a long way away.,,,34.0
9215941,24830,[CAR],Grandma and Grandad Lastname live quite a long way away but they're not quite as far as Grandma and Grandad_Beilbie are they?,,,34.0
9215966,24830,[CAR],there we are.,,,34.0
9215981,24830,[CAR],we've got a beautiful clean boy again.,,,34.0
9215993,24830,[CHI],dirty boy.,0.0,,34.0
9216007,24830,[CAR],you're not a dirty boy.,,,34.0
9216022,24830,[CHI],yes.,,,34.0
9216036,24830,[CHI],I am.,1.0,,34.0
9216056,24830,[CHI],little white van talking.,-1.0,"determiner, present_progressive",34.0
9216073,24830,[CAR],little white van.,,,34.0
9216086,24830,[CAR],yes.,,,34.0
9216105,24830,[CAR],it's just driving away isn't it?,,,34.0
9216124,24830,[CAR],it has been to the house next to Sue's.,,,34.0
9216148,24830,[CAR],what do you think it has been doing?,,,34.0
9216175,24830,[CAR],being doing what?,,,34.0
9216192,24830,[CHI],Tinky_Winky and Po.,0.0,,34.0
9216206,24830,[CAR],you can see Tinky_Winky and Po.,,,34.0
9216230,24830,[CAR],what are they doing?,,,34.0
9216244,24830,[CHI],eating Tubbie custard.,1.0,,34.0
9216261,24830,[CAR],they're eating Tubbie custard are they?,,,34.0
9216279,24830,[CHI],yes.,,,34.0
9216294,24830,[CHI],I heard a funny noise.,1.0,,34.0
9216310,24830,[CAR],did you?,,,34.0
9216325,24830,[CAR],what did you hear?,,,34.0
9216341,24830,[CHI],big birds coming out your hair.,-1.0,"present_progressive, preposition",34.0
9216363,24830,[CHI],big birds coming out your hair.,0.0,,34.0
9216386,24830,[CAR],big birds are coming out of my hair.,,,34.0
9216399,24830,[CHI],um.,,,34.0
9216415,24830,[CHI],a lion.,0.0,,34.0
9216428,24830,[CAR],and a lion.,,,34.0
9216440,24830,[CHI],in your hair.,1.0,,34.0
9216454,24830,[CAR],well that would be a funny noise.,,,34.0
9216471,24830,[CAR],and I think if Mummy realized that was happening she'd be making a funny noise as well.,,,34.0
9216493,24830,[CHI],there you are.,1.0,,34.0
9216508,24830,[CHI],what's that?,1.0,,34.0
9216522,24830,[CAR],shh trousers on quick.,,,34.0
9216543,24830,[CHI],La_La has come.,1.0,,34.0
9216557,24830,[CAR],oh Thomas.,,,34.0
9216573,24830,[CHI],La_La's coming there.,1.0,,34.0
9216586,24830,[CHI],there La_La's ball.,-1.0,verb,34.0
9216601,24830,[CAR],come on.,,,34.0
9216615,24830,[CAR],you're the slowest slowest child to dress.,,,34.0
9216631,24830,[CAR],will you be quick.,,,34.0
9216656,24830,[CHI],that La_La ball.,-1.0,"verb, possessive",34.0
9216672,24830,[CHI],Mummy La_La ball.,-1.0,"determiner, possessive",34.0
9216689,24830,[CHI],and La_La.,-1.0,verb,34.0
9216704,24830,[CAR],La_La has got a ball has she?,,,34.0
9216717,24830,[CHI],yes.,,,34.0
9216734,24830,[CHI],and La_La?,-1.0,verb,34.0
9216757,24830,[CHI],a La_La got lovely hair like you.,-1.0,determiner,34.0
9216774,24830,[CAR],La_La has got lovely hair like me.,,,34.0
9216792,24830,[CHI],yes.,,,34.0
9216808,24830,[CAR],ah that's nice.,,,34.0
9216842,24830,[CAR],no.,,,34.0
9216853,24830,[CAR],slippers on.,,,34.0
9216864,24830,[CAR],slippers on quickly.,,,34.0
9216878,24830,[CHI],powder powder.,-1.0,determiner,34.0
9216894,24830,[CAR],no.,,,34.0
9216908,24830,[CAR],we don't need powder now do we?,,,34.0
9216936,24830,[CAR],or that.,,,34.0
9216951,24830,[CAR],come on.,,,34.0
9216963,24830,[CAR],slippers on.,,,34.0
9216984,24830,[CAR],and seen as we've got the hairbrush let's just brush your hair.,,,34.0
9217004,24830,[CHI],okay.,,,34.0
9217015,24830,[CHI],I needta brush it.,1.0,,34.0
9217036,24830,[CAR],right.,,,34.0
9217055,24830,[CAR],you brush it then.,,,34.0
9217070,24830,[CAR],you brush it and make yourself look a.,,,34.0
9217086,24830,[CHI],it's warm.,1.0,,34.0
9217106,24830,[CAR],a smart boy.,,,34.0
9217121,24830,[CAR],what?,,,34.0
9217133,24830,[CAR],your head's warm.,,,34.0
9217146,24830,[CAR],it is quite warm.,,,34.0
9217157,24830,[CAR],it isn't too hot though is it?,,,34.0
9217167,24830,[CAR],I think I'll just finish it off sweetheart.,,,34.0
9217186,24830,[CAR],how's that?,,,34.0
9217197,24830,[CAR],when you get very hot your hair sticks to your head doesn't it?,,,34.0
9217219,24830,[CAR],you get very sweaty.,,,34.0
9217229,24830,[CAR],okay.,,,34.0
9217242,24830,[CAR],how's that.,,,34.0
9217258,24830,[CHI],get down.,0.0,,34.0
9217268,24830,[CAR],get down.,,,34.0
9217295,24830,[CHI],on the floor.,1.0,,34.0
9217410,24830,[CAR],Thomas.,,,34.0
9080179,24766,[CHI],what's that Mummy?,1.0,,31.0
9080209,24766,[CAR],what's that?,,,31.0
9080222,24766,[CAR],well these are some coat hangers.,,,31.0
9080254,24766,[CHI],mhm.,,,31.0
9080283,24766,[CAR],because I think now it's time to put away all our Summer things and we'll just have the winter things out don't you?,,,31.0
9080311,24766,[CAR],because it's not sunny anymore is it?,,,31.0
9080346,24766,[CHI],no.,,,31.0
9080372,24766,[CAR],so we've got this.,,,31.0
9080403,24766,[CAR],oh you've got hiccups sweetheart.,,,31.0
9080420,24766,[CAR],are you going to be alright?,,,31.0
9080440,24766,[CHI],no.,,,31.0
9080469,24766,[CAR],has Thomas worn his coat today?,,,31.0
9080484,24766,[CHI],hm.,,,31.0
9080501,24766,[CAR],where did he wear it?,,,31.0
9080514,24766,[CAR],to music group.,,,31.0
9080537,24766,[CHI],hanging up.,-1.0,"subject, auxiliary",31.0
9080559,24766,[CAR],are you going to help me put them on hangers?,,,31.0
9080576,24766,[CHI],coat hangers.,1.0,,31.0
9080593,24766,[CAR],coat hangers.,,,31.0
9080606,24766,[CAR],that's right.,,,31.0
9080627,24766,[CAR],do you wanna do your zip up?,,,31.0
9080644,24766,[CHI],coat hangers.,-1.0,determiner,31.0
9080661,24766,[CAR],that's right.,,,31.0
9080692,24766,[CAR],well done well done.,,,31.0
9080718,24766,[CHI],coat hanger.,-1.0,determiner,31.0
9080736,24766,[CAR],coat hanger.,,,31.0
9080748,24766,[CAR],that's a very thick coat isn't it?,,,31.0
9080763,24766,[CAR],it has got a very nice fleecy lining.,,,31.0
9080785,24766,[CAR],and this one's even thicker.,,,31.0
9080807,24766,[CAR],look.,,,31.0
9080839,24766,[CAR],and this has got a sheepskin lining hasn't it?,,,31.0
9080858,24766,[CAR],a wool lining.,,,31.0
9080878,24766,[CAR],ah look at that.,,,31.0
9080907,24766,[CHI],and that one on.,-1.0,verb,31.0
9080933,24766,[CAR],that one on.,,,31.0
9080979,24766,[CAR],right.,,,31.0
9080997,24766,[CAR],we're going to put that on that hanger are we?,,,31.0
9081035,24766,[CAR],this one has a zip and buttons.,,,31.0
9081054,24766,[CAR],look.,,,31.0
9081074,24766,[CAR],so let's do the zip together.,,,31.0
9081113,24766,[CAR],that's right.,,,31.0
9081142,24766,[CAR],I think it's a bit more tricky this one isn't it?,,,31.0
9081164,24766,[CHI],yes.,,,31.0
9081178,24766,[CAR],shall I start it off?,,,31.0
9081188,24766,[CHI],hm.,,,31.0
9081204,24766,[CAR],right then.,,,31.0
9081216,24766,[CAR],you pull.,,,31.0
9081234,24766,[CAR],we needta sew a button on this coat as well Thomas.,,,31.0
9081256,24766,[CAR],one of the buttons has fallen off.,,,31.0
9081270,24766,[CAR],there you are.,,,31.0
9081289,24766,[CAR],you zip it up the rest of the way.,,,31.0
9081307,24766,[CAR],it's there.,,,31.0
9081354,24766,[CAR],one two three.,,,31.0
9081393,24766,[CAR],up it goes.,,,31.0
9081427,24766,[CAR],well done.,,,31.0
9081442,24766,[CAR],right.,,,31.0
9081455,24766,[CHI],coat hangers.,0.0,,31.0
9081471,24766,[CAR],because these can go and hang on the coat stand can't they?,,,31.0
9081489,24766,[CAR],now look at this.,,,31.0
9081509,24766,[CAR],this is much thinner.,,,31.0
9081529,24766,[CHI],put that one on.,0.0,,31.0
9081559,24766,[CAR],this is more like a tracksuit top isn't it?,,,31.0
9081577,24766,[CAR],you could wear this inside as well as outside but it has got a hood.,,,31.0
9081595,24766,[CHI],put that one on.,0.0,,31.0
9081608,24766,[CAR],shall we put it on that hanger?,,,31.0
9081651,24766,[CHI],yes.,,,31.0
9081663,24766,[CAR],there we are.,,,31.0
9081674,24766,[CAR],this has a zip as well.,,,31.0
9081692,24766,[CHI],a.,,,31.0
9081705,24766,[CAR],I'll start it and then you pull it up.,,,31.0
9081722,24766,[CAR],one two three.,,,31.0
9081740,24766,[CAR],ooh!,,,31.0
9081755,24766,[CAR],gosh that went up easily didn't it?,,,31.0
9081769,24766,[CAR],there.,,,31.0
9081788,24766,[CAR],that's nice.,,,31.0
9081802,24766,[CAR],and have you seen they've all got pockets on the front?,,,31.0
9081821,24766,[CAR],and this one isn't a coat.,,,31.0
9081840,24766,[CAR],what's this?,,,31.0
9081857,24766,[CHI],what's this?,1.0,,31.0
9081868,24766,[CAR],what is it?,,,31.0
9081876,24766,[CHI],what this?,-1.0,verb,31.0
9081887,24766,[CHI],baby coat.,-1.0,determiner,31.0
9081896,24766,[CAR],a waistcoat.,,,31.0
9081905,24766,[CHI],waistcoat.,,,31.0
9081914,24766,[CAR],a waistcoat.,,,31.0
9081923,24766,[CAR],you've got a very very smart waistcoat that you wore to Linda's wedding and you've got a new waistcoat that you can wear to Christmas_Partys with Thomas_The_Tank_Engine on.,,,31.0
9081937,24766,[CAR],but this is a very thick waistcoat isn't it?,,,31.0
9081949,24766,[CAR],and have you seen it has got checks on one side and it's plain on the other.,,,31.0
9081977,24766,[CAR],so you've got you've got two waistcoats there.,,,31.0
9082003,24766,[CHI],two waistcoats.,1.0,,31.0
9082011,24766,[CAR],and this.,,,31.0
9082024,24766,[CAR],this is.,,,31.0
9082040,24766,[CAR],look.,,,31.0
9082064,24766,[CHI],one.,,,31.0
9082076,24766,[CAR],and when do you wear this waistcoat?,,,31.0
9082110,24766,[CAR],are you going to do that up?,,,31.0
9082125,24766,[CAR],this is a lovely one isn't it?,,,31.0
9082142,24766,[CAR],it's a nice waistcoat.,,,31.0
9082176,24766,[CHI],Mummy do it?,-1.0,auxiliary,31.0
9082201,24766,[CAR],one two three.,,,31.0
9082219,24766,[CAR],oh no.,,,31.0
9082231,24766,[CAR],we haven't got?,,,31.0
9082244,24766,[CAR],see these little things on the zip.,,,31.0
9082407,24766,[CAR],they're called teeth.,,,31.0
9082432,24766,[CHI],teeth.,,,31.0
9082450,24766,[CAR],and the teeth hafta be all lined up properly otherwise it doesn't work.,,,31.0
9082472,24766,[CAR],so let's start again.,,,31.0
9082489,24766,[CHI],start again.,1.0,,31.0
9082505,24766,[CAR],let's push that down to the teeth and then come on try to pull the zip.,,,31.0
9082533,24766,[CHI],pull zip.,-1.0,determiner,31.0
9082550,24766,[CAR],what happened to you the other day when we were putting your coat on?,,,31.0
9082574,24766,[CHI],it hurt me.,1.0,,31.0
9082595,24766,[CAR],it hurt you did it?,,,31.0
9082606,24766,[CAR],hang on.,,,31.0
9082621,24766,[CAR],you can pull it up now.,,,31.0
9082635,24766,[CAR],where did it hurt you?,,,31.0
9082649,24766,[CAR],there.,,,31.0
9082666,24766,[CHI],hm.,,,31.0
9082682,24766,[CAR],what's that called?,,,31.0
9082692,24766,[CHI],mouth.,,,31.0
9082706,24766,[CAR],your mouth.,,,31.0
9082723,24766,[CHI],yes.,,,31.0
9082736,24766,[CAR],no no.,,,31.0
9082752,24766,[CAR],it's lower than your mouth.,,,31.0
9082770,24766,[CAR],what's it called?,,,31.0
9082789,24766,[CHI],not do it.,-1.0,auxiliary,31.0
9082803,24766,[CAR],it was your chin wasn't it?,,,31.0
9082821,24766,[CHI],not do it.,-1.0,auxiliary,31.0
9082836,24766,[CAR],it hurt didn't it?,,,31.0
9082858,24766,[CAR],there we are.,,,31.0
9082876,24766,[CAR],so all those coats can go on the coat stand.,,,31.0
9082919,24766,[CAR],and what's this one?,,,31.0
9082933,24766,[CHI],this.,,,31.0
9082945,24766,[CAR],what's this Thomas?,,,31.0
9082966,24766,[CHI],a.,,,31.0
9082988,24766,[CHI],oh no oh no.,1.0,,31.0
9083025,24766,[CHI],no.,,,31.0
9083036,24766,[CAR],this looks like a bag a plastic bag doesn't it?,,,31.0
9083056,24766,[CAR],a bright yellow plastic bag.,,,31.0
9083073,24766,[CHI],no.,,,31.0
9083095,24766,[CAR],do you know what's inside the bag?,,,31.0
9083117,24766,[CAR],shall we open the bag?,,,31.0
9083144,24766,[CAR],right.,,,31.0
9083185,24766,[CAR],what's in the bag?,,,31.0
9083199,24766,[CHI],what's this?,1.0,,31.0
9083220,24766,[CHI],what's in the bag?,1.0,,31.0
9083235,24766,[CAR],what's in the bag?,,,31.0
9083264,24766,[CAR],it's a coat.,,,31.0
9083280,24766,[CHI],uh.,,,31.0
9083297,24766,[CAR],look at that.,,,31.0
9083311,24766,[CAR],magic.,,,31.0
9083324,24766,[CAR],and guess what?,,,31.0
9083340,24766,[CAR],that has got a zip as well.,,,31.0
9083355,24766,[CAR],it's a blue yellow and white coat.,,,31.0
9083378,24766,[CHI],it.,,,31.0
9083394,24766,[CAR],yes.,,,31.0
9083409,24766,[CHI],it.,,,31.0
9083422,24766,[CHI],m mend it.,0.0,,31.0
9083435,24766,[CAR],mend it.,,,31.0
9083450,24766,[CAR],oh you're looking at Mummy's broken straw hat aren't you?,,,31.0
9083470,24766,[CAR],so this coat Thomas is completely waterproof.,,,31.0
9083483,24766,[CAR],you can go out in the rain in this.,,,31.0
9083503,24766,[CAR],and you stay dry.,,,31.0
9083520,24766,[CAR],and it has got a hood.,,,31.0
9083542,24766,[CAR],and it folds up into it's own pocket doesn't it?,,,31.0
9083561,24766,[CHI],yes.,,,31.0
9083577,24766,[CAR],you could have done with that today because it was awful when we went to Didsbury this morning wasn't it?,,,31.0
9083622,24766,[CAR],shall we fold it up again?,,,31.0
9083634,24766,[CAR],shall see this coat.,,,31.0
9083653,24766,[CHI],not do it.,-1.0,auxiliary,31.0
9083664,24766,[CHI],Mummy do it.,0.0,,31.0
9083678,24766,[CAR],shall do you wanna see it disappear?,,,31.0
9083692,24766,[CHI],no.,,,31.0
9083726,24766,[CAR],oh.,,,31.0
9083740,24766,[CHI],Mummy do it.,0.0,,31.0
9083753,24766,[CAR],off it goes.,,,31.0
9083764,24766,[CAR],off it goes into the bag.,,,31.0
9083782,24766,[CAR],there it is.,,,31.0
9083795,24766,[CAR],it has gone.,,,31.0
9083807,24766,[CAR],it's a bag again.,,,31.0
9083821,24766,[CAR],it's a bag.,,,31.0
9083836,24766,[CAR],where's the coat?,,,31.0
9083851,24766,[CHI],no coat.,-1.0,"subject, verb",31.0
9083866,24766,[CAR],where has the coat gone?,,,31.0
9083880,24766,[CHI],I see it.,1.0,,31.0
9083895,24766,[CAR],you can see it.,,,31.0
9083907,24766,[CHI],y yes.,,,31.0
9083922,24766,[CAR],where can you see it?,,,31.0
9083938,24766,[CHI],in here.,1.0,,31.0
9083954,24766,[CAR],in there.,,,31.0
9083983,24766,[CAR],don't be silly Thomas.,,,31.0
9083998,24766,[CAR],don't do that.,,,31.0
9084014,24766,[CAR],you'll break it.,,,31.0
9084030,24766,[CHI],no.,,,31.0
9084049,24766,[CAR],here you are.,,,31.0
9084070,24766,[CAR],I'll show you something.,,,31.0
9084085,24766,[CAR],uh Thomas don't put those on the floor.,,,31.0
9084114,24766,[CAR],look.,,,31.0
9084128,24766,[CAR],Teddy wants to go out and it's summer.,,,31.0
9084143,24766,[CAR],pretend it's summer.,,,31.0
9084156,24766,[CAR],what should Teddy wear?,,,31.0
9084191,24766,[CAR],what did you wear in the Summer?,,,31.0
9084203,24766,[CHI],oh a too big.,-1.0,"subject, verb",31.0
9084220,24766,[CAR],Teddy's feet are too big for those but these are your?,,,31.0
9084251,24766,[CHI],slippers.,,,31.0
9084269,24766,[CAR],they're not slippers.,,,31.0
9084290,24766,[CAR],what are they called?,,,31.0
9084313,24766,[CHI],what's this?,1.0,,31.0
9084325,24766,[CAR],it's a sandal.,,,31.0
9084336,24766,[CHI],sandal.,,,31.0
9084354,24766,[CAR],do you remember wearing sandals when it was hot?,,,31.0
9084377,24766,[CHI],hurt hurt me.,-1.0,subject,31.0
9084390,24766,[CHI],put it down now.,1.0,,31.0
9084410,24766,[CAR],hurt me.,,,31.0
9084427,24766,[CAR],did it hurt you?,,,31.0
9084472,24766,[CAR],right.,,,31.0
9084486,24766,[CAR],I think I think the thing was Thomas these sandals were too big last summer and they were a little bit too small this summer.,,,31.0
9084542,24766,[CAR],they've never really felt right on you have they?,,,31.0
9084558,24766,[CAR],but do you remember wearing sandals in the summer?,,,31.0
9084593,24766,[CAR],and what were your little blue sandals called?,,,31.0
9084610,24766,[CHI],blue.,,,31.0
9084633,24766,[CAR],do you remember Jellies?,,,31.0
9084649,24766,[CHI],Jellies.,,,31.0
9084670,24766,[CAR],you wore Jellies a lot when we were in Spain didn't you?,,,31.0
9084704,24766,[CAR],and what what rhymes with Jellies?,,,31.0
9084727,24766,[CHI],wore Jellies.,-1.0,subject,31.0
9084739,24766,[CHI],Wellingtons.,,,31.0
9084759,24766,[CAR],Wellingtons.,,,31.0
9084789,24766,[CAR],I've never heard you say Wellingtons before.,,,31.0
9084805,24766,[CAR],you normally say wellies.,,,31.0
9084824,24766,[CAR],so when Mummy said what rhymes with Jellies I was expecting you to say wellies.,,,31.0
9084852,24766,[CAR],and you said Wellingtons.,,,31.0
9084864,24766,[CAR],who's on the Wellingtons.,,,31.0
9084873,24766,[CHI],Po on.,-1.0,verb,31.0
9084889,24766,[CAR],Po.,,,31.0
9084914,24766,[CHI],Po Lala.,-1.0,verb,31.0
9084930,24766,[CAR],is it all the Teletubbies?,,,31.0
9084943,24766,[CHI],yes.,,,31.0
9084958,24766,[CHI],all the Teletubbies.,1.0,,31.0
9084974,24766,[CHI],big tummy and big nips.,-1.0,determiner,31.0
9084992,24766,[CAR],all?,,,31.0
9085003,24766,[CHI],big tummy.,-1.0,determiner,31.0
9085026,24766,[CAR],don't bang into that.,,,31.0
9085046,24766,[CHI],bang.,,,31.0
9085057,24766,[CAR],oh Teddy wants to go out in the sun.,,,31.0
9085142,24766,[CAR],we're still trying to dress him.,,,31.0
9085160,24766,[CHI],a dress him.,1.0,,31.0
9085174,24766,[CAR],shall we put a nice sunhat on?,,,31.0
9085195,24766,[CHI],on here.,1.0,,31.0
9085210,24766,[CAR],there.,,,31.0
9085227,24766,[CHI],Mummy do it.,0.0,,31.0
9085241,24766,[CAR],what are you doing?,,,31.0
9085263,24766,[CHI],a not a that.,0.0,,31.0
9085279,24766,[CHI],a change.,,,31.0
9085294,24766,[CHI],ah.,,,31.0
9085326,24766,[CAR],this useta be your sunhat.,,,31.0
9085349,24766,[CAR],oh can you see that?,,,31.0
9085375,24766,[CAR],Teddy looks nice doesn't he?,,,31.0
9085404,24766,[CAR],shall Mummy put a sunhat on?,,,31.0
9085423,24766,[CHI],um yes.,1.0,,31.0
9085439,24766,[CAR],would would you like to wear Daddy's sunhat?,,,31.0
9085455,24766,[CHI],hm.,,,31.0
9085474,24766,[CAR],there you are.,,,31.0
9085492,24766,[CHI],hey.,,,31.0
9085548,24766,[CAR],we've got some photographs of you wearing that hat.,,,31.0
9085561,24766,[CHI],hey.,,,31.0
9085588,24766,[CAR],it's really big isn't it?,,,31.0
9085601,24766,[CAR],much too big for Thomas.,,,31.0
9085621,24766,[CHI],uhoh.,,,31.0
9085638,24766,[CAR],uhoh.,,,31.0
9085654,24766,[CHI],run away.,0.0,,31.0
9085671,24766,[CAR],have you.,,,31.0
9085684,24766,[CHI],run away.,0.0,,31.0
9085696,24766,[CAR],oh you haven't run away.,,,31.0
9085715,24766,[CAR],it's just the hat has gone over your face.,,,31.0
9085734,24766,[CHI],hm.,,,31.0
9085749,24766,[CHI],hello.,,,31.0
9085765,24766,[CAR],no.,,,31.0
9085781,24766,[CAR],be careful with that hat Thomas.,,,31.0
9085799,24766,[CAR],don't break that one.,,,31.0
9085820,24766,[CAR],Mummy's is broken already but Daddy's is not so?,,,31.0
9085843,24766,[CAR],it's a nice hat isn't it?,,,31.0
9085860,24766,[CHI],yes.,,,31.0
9085876,24766,[CHI],a it.,,,31.0
9085887,24766,[CHI],it.,,,31.0
9085900,24766,[CAR],do you wanna wear my hat?,,,31.0
9085930,24766,[CHI],yes.,,,31.0
9085946,24766,[CAR],oh that's lovely.,,,31.0
9085958,24766,[CAR],we've got pictures of you wearing that hat as well.,,,31.0
9085977,24766,[CAR],what else does Teddy needta do in the sun?,,,31.0
9085993,24766,[CAR],he needs to put on sun cream.,,,31.0
9086011,24766,[CAR],do you remember you hadta put on lots_of sun cream?,,,31.0
9086024,24766,[CHI],yes.,,,31.0
9086041,24766,[CAR],and.,,,31.0
9086060,24766,[CHI],sunglasses.,,,31.0
9086080,24766,[CAR],sunglasses.,,,31.0
9086093,24766,[CAR],that's right.,,,31.0
9086109,24766,[CAR],let's put the sunglasses on Teddy.,,,31.0
9086126,24766,[CAR],ah now he looks cool doesn't he?,,,31.0
9086144,24766,[CHI],hm.,,,31.0
9086160,24766,[CAR],hm.,,,31.0
9086176,24766,[CHI],big tummy and big nips.,-1.0,determiner,31.0
9086191,24766,[CAR],big tummy and big nips.,,,31.0
9086205,24766,[CHI],yes.,,,31.0
9086219,24766,[CAR],well I would have said big sunhat big glasses if I was looking at him.,,,31.0
9086238,24766,[CAR],because that's the things that stick out.,,,31.0
9086275,24766,[CAR],so there we are.,,,31.0
9086292,24766,[CAR],Teddy's dressed for the sun.,,,31.0
9086324,24766,[CAR],but really it's not summer anymore is it?,,,31.0
9086341,24766,[CAR],so what should Teddy be wearing?,,,31.0
9086356,24766,[CHI],uhoh.,,,31.0
9086373,24766,[CHI],Mummy's broken hat.,1.0,,31.0
9086391,24766,[CAR],oh dear.,,,31.0
9086419,24766,[CAR],Mummy's hat.,,,31.0
9086436,24766,[CAR],yes.,,,31.0
9086451,24766,[CAR],it's a straw hat and it's broken.,,,31.0
9086465,24766,[CAR],some of the pieces of straw.,,,31.0
9086480,24766,[CHI],Mummy doing it.,-1.0,present_progressive,31.0
9086495,24766,[CHI],Mummy do it.,0.0,,31.0
9086511,24766,[CAR],yes.,,,31.0
9086524,24766,[CAR],I'll mend it.,,,31.0
9086539,24766,[CAR],so what should Teddy be wearing now?,,,31.0
9086556,24766,[CHI],a?,,,31.0
9086571,24766,[CAR],in winter.,,,31.0
9086610,24766,[CAR],shall we put some Wellington boots on teddy?,,,31.0
9086638,24766,[CHI],no.,,,31.0
9086646,24766,[CHI],everywhere.,,,31.0
9086660,24766,[CHI],everywhere.,,,31.0
9086673,24766,[CAR],pardon.,,,31.0
9086689,24766,[CHI],everywhere.,,,31.0
9086733,24766,[CHI],Wellingtons everywhere.,0.0,,31.0
9086751,24766,[CHI],oh ow.,,,31.0
9086766,24766,[CAR],Wellingtons everywhere.,,,31.0
9086784,24766,[CAR],no.,,,31.0
9086804,24766,[CAR],there's only one pair of Wellingtons and teddy's wearing them.,,,31.0
9086822,24766,[CAR],look at him now.,,,31.0
9086836,24766,[CAR],look at that.,,,31.0
9086860,24766,[CAR],and what else does he need?,,,31.0
9086876,24766,[CHI],uhoh.,,,31.0
9086897,24766,[CHI],the sunglasses.,1.0,,31.0
9086911,24766,[CAR],no.,,,31.0
9086924,24766,[CAR],he doesn't need sunglasses unless in winter unless the the snow the sun's very bright.,,,31.0
9086945,24766,[CAR],look.,,,31.0
9086958,24766,[CAR],what are these?,,,31.0
9086974,24766,[CHI],gloves.,,,31.0
9086982,24766,[CAR],gloves.,,,31.0
9086998,24766,[CAR],that's wear right.,,,31.0
9087007,24766,[CAR],he's wearing mittens on a string.,,,31.0
9087023,24766,[CAR],and do you think he needs a nice warm coat?,,,31.0
9087038,24766,[CHI],oh no no no.,1.0,,31.0
9087053,24766,[CAR],I think he does.,,,31.0
9087074,24766,[CHI],no no.,1.0,,31.0
9087081,24766,[CHI],uhoh.,,,31.0
9087095,24766,[CHI],no.,,,31.0
9087112,24766,[CHI],a doing a fish swim.,-1.0,"subject, auxiliary",31.0
9087161,24766,[CAR],why are you putting a fish on his head Thomas?,,,31.0
9087180,24766,[CHI],fish head Wellingtons.,-1.0,"determiner, preposition",31.0
9087196,24766,[CAR],oh I see.,,,31.0
9087218,24766,[CAR],you think because he has got his Wellingtons on he's going fishing.,,,31.0
9087237,24766,[CAR],is that right?,,,31.0
9087260,24766,[CAR],do you think Teddy's going fishing?,,,31.0
9087274,24766,[CHI],oh yes.,1.0,,31.0
9087286,24766,[CHI],bite a fish.,0.0,,31.0
9087309,24766,[CHI],bite a fish.,0.0,,31.0
9087327,24766,[CHI],one two three four five.,0.0,,31.0
9087341,24766,[CAR],bite a fish.,,,31.0
9087354,24766,[CAR],one two three four five.,,,31.0
9087382,24766,[CHI],one two three four five.,0.0,,31.0
9087397,24766,[CHI],yes.,,,31.0
9087412,24766,[CAR],you're thinking of the nursery rhyme.,,,31.0
9087430,24766,[CAR],one two three four five.,,,31.0
9087447,24766,[CAR],once I caught a fish alive.,,,31.0
9087466,24766,[CAR],aren't you?,,,31.0
9087482,24766,[CHI],one two three four five.,0.0,,31.0
9087495,24766,[CHI],caught a fish alive.,0.0,,31.0
9087511,24766,[CHI],seven eight nine ten.,0.0,,31.0
9087526,24766,[CHI],go again.,0.0,,31.0
9087552,24766,[CAR],and I let him go again.,,,31.0
9087564,24766,[CAR],why did you let him go?,,,31.0
9087578,24766,[CHI],bite the fingers.,-1.0,"subject, tense_aspect",31.0
9087596,24766,[CHI],so bite.,-1.0,other,31.0
9087613,24766,[CAR],he bit your little fingers so.,,,31.0
9087631,24766,[CAR],which finger did he bite?,,,31.0
9087645,24766,[CHI],this one.,1.0,,31.0
9087661,24766,[CAR],this one.,,,31.0
9087683,24766,[CAR],which one's that?,,,31.0
9087696,24766,[CAR],is that the little one on the right?,,,31.0
9087714,24766,[CHI],hm.,,,31.0
9087729,24766,[CAR],ah gosh.,,,31.0
9087748,24766,[CAR],goodness me.,,,31.0
9087761,24766,[CAR],so Teddy's all set now isn't he?,,,31.0
9087783,24766,[CAR],he has got his Wellingtons.,,,31.0
9087800,24766,[CAR],he's wearing a hat.,,,31.0
9087825,24766,[CAR],he has got a nice warm coat on and some gloves.,,,31.0
9087842,24766,[CAR],and I think he might need a scarf mightn't he?,,,31.0
9087861,24766,[CAR],you've got a nice bright green scarf.,,,31.0
9087876,24766,[CHI],yes.,,,31.0
9087890,24766,[CAR],but your green scarf's upstairs so we won't go and get it now.,,,31.0
9087910,24766,[CAR],oh look.,,,31.0
9087928,24766,[CAR],he has got a ribbon on.,,,31.0
9087944,24766,[CAR],look.,,,31.0
9087960,24766,[CAR],he has got a green velvet ribbon.,,,31.0
9087977,24766,[CAR],we can pretend that's his scarf can't we?,,,31.0
9087998,24766,[CAR],now what else might Teddy be doing tonight Thomas?,,,31.0
9088013,24766,[CHI],have a sleep.,-1.0,"subject, tense_aspect, other",31.0
9088030,24766,[CAR],well yes.,,,31.0
9088046,24766,[CAR],he'll be having a sleep.,,,31.0
9088057,24766,[CAR],he'll be sleeping with you later.,,,31.0
9088073,24766,[CHI],huh.,,,31.0
9088088,24766,[CAR],oh doesn't he look gorgeous.,,,31.0
9088103,24766,[CAR],what else might he be doing tonight?,,,31.0
9088116,24766,[CHI],uh.,,,31.0
9088131,24766,[CAR],do you know what day it is?,,,31.0
9088147,24766,[CAR],do you know what day it is?,,,31.0
9088161,24766,[CHI],um bangadrumtime day.,0.0,,31.0
9088174,24766,[CAR],it's bangadrumtime day.,,,31.0
9088189,24766,[CAR],and bangadrumtime day is Friday.,,,31.0
9088214,24766,[CAR],and this year Friday falls on the fifth of November and it's Bonfire_Night.,,,31.0
9088231,24766,[CAR],and when you were a baby.,,,31.0
9088272,24766,[CHI],fish in.,-1.0,"determiner, verb, other",31.0
9088280,24766,[CHI],fish.,,,31.0
9088295,24766,[CHI],fish in.,-1.0,"determiner, verb, other",31.0
9088310,24766,[CAR],no.,,,31.0
9088323,24766,[CAR],don't put it?,,,31.0
9088345,24766,[CAR],no no no.,,,31.0
9088372,24766,[CAR],you mustn't put the fishing rod anywhere near Mummy's face.,,,31.0
9088402,24766,[CAR],alright.,,,31.0
9088420,24766,[CHI],yes.,,,31.0
9088440,24766,[CAR],listen.,,,31.0
9088455,24766,[CAR],I'm talking to you.,,,31.0
9088476,24766,[CAR],when you were a baby and you useta hear fireworks going bang bang you were very frightened.,,,31.0
9088524,24766,[CAR],but last year you didn't mind the bangs but there were a lot of sort of noises.,,,31.0
9088554,24766,[CAR],when we looked out of the window at the back we saw some really pretty lights.,,,31.0
9088570,24766,[CAR],fireworks going off in the air.,,,31.0
9088594,24766,[CAR],all different colors.,,,31.0
9088609,24766,[CAR],and when we looked out of Mummy and Daddy's bedroom window behind the church we saw a beautiful display of fireworks.,,,31.0
9088635,24766,[CAR],so tonight after tea shall we go out?,,,31.0
9088652,24766,[CAR],just stand outside.,,,31.0
9088668,24766,[CHI],yes.,,,31.0
9088687,24766,[CAR],and see what we can see.,,,31.0
9088707,24766,[CHI],fireworks.,,,31.0
9088728,24766,[CAR],fireworks.,,,31.0
9088743,24766,[CAR],because you've been listening to them all week haven't you?,,,31.0
9088762,24766,[CAR],but it's tonight that they're sposta be let off.,,,31.0
9088781,24766,[CHI],caught a fish.,-1.0,subject,31.0
9088801,24766,[CAR],no.,,,31.0
9088822,24766,[CAR],you haven't caught a fish.,,,31.0
9088844,24766,[CHI],uhoh.,,,31.0
9088859,24766,[CAR],uhoh.,,,31.0
9088879,24766,[CHI],where's the fish now?,1.0,,31.0
9088888,24766,[CAR],right.,,,31.0
9088911,24766,[CAR],there's the fish.,,,31.0
9088929,24766,[CAR],you know when we're crossing the road Thomas.,,,31.0
9088949,24766,[CHI],yes.,,,31.0
9088966,24766,[CAR],we look right.,,,31.0
9088983,24766,[CAR],we look left.,,,31.0
9088998,24766,[CAR],and we look right again.,,,31.0
9089013,24766,[CAR],that's called the green cross code.,,,31.0
9089035,24766,[CAR],well tonight it's the firework code.,,,31.0
9089053,24766,[CAR],we've got to be really really careful with fireworks.,,,31.0
9089069,24766,[CAR],and bonfires because they're hot and they might burn.,,,31.0
9089100,24766,[CAR],you've not been to a bonfire have you?,,,31.0
9089135,24766,[CAR],no.,,,31.0
9089155,24766,[CAR],but on bonfire night people eat things like baked potatoes and hot dogs.,,,31.0
9089175,24766,[CAR],and they often have hot soup and then they have things like gingerbread men and sticky toffee apples and Parkin.,,,31.0
9089194,24766,[CAR],and because we had a cooked meal at lunchtime guess what Mummy has got for tea tonight?,,,31.0
9089244,24766,[CAR],once you've had your main course you can have some Parkin or a gingerbread man.,,,31.0
9089259,24766,[CAR],would you like that?,,,31.0
9089276,24766,[CHI],oh no.,1.0,,31.0
9089289,24766,[CAR],or perhaps sticky treacle toffee as well.,,,31.0
9089304,24766,[CHI],uh um a teddy bear like a apple.,-1.0,"sv_agreement, determiner",31.0
9089319,24766,[CAR],teddy bear would love an apple.,,,31.0
9089332,24766,[CAR],oh is this the toffee apple on a stick.,,,31.0
9089350,24766,[CHI],here you are.,1.0,,31.0
9089382,24766,[CAR],ah that's lovely.,,,31.0
9089400,24766,[CAR],is that specially for bonfire night?,,,31.0
9089416,24766,[CHI],mm yes.,1.0,,31.0
9089436,24766,[CAR],and do you think teddy bear would like a gingerbread man or a piece of Parkin when we have some at teatime?,,,31.0
9089466,24766,[CHI],oh no no no no.,1.0,,31.0
9089483,24766,[CAR],no.,,,31.0
9089518,24766,[CHI],here you are.,1.0,,31.0
9089534,24766,[CHI],here you are.,1.0,,31.0
9089550,24766,[CHI],here you are Mummy.,1.0,,31.0
9089566,24766,[CAR],I can hear some fireworks now can you?,,,31.0
9089583,24766,[CHI],not heard it.,-1.0,"subject, tense_aspect",31.0
9089603,24766,[CAR],not heard it.,,,31.0
9089616,24766,[CAR],did you not hear the firework?,,,31.0
9089634,24766,[CHI],no.,,,31.0
9089649,24766,[CHI],whee catch a light.,0.0,,31.0
9089665,24766,[CAR],catch a light.,,,31.0
9089699,24766,[CHI],too hairy for me.,-1.0,"subject, verb",31.0
9089721,24766,[CAR],too hairy for you.,,,31.0
9089735,24766,[CAR],what are you doing?,,,31.0
9089760,24766,[CAR],holding up your fishing rod towards the light.,,,31.0
9089780,24766,[CHI],n not it.,-1.0,"subject, verb",31.0
9089790,24766,[CHI],another one there.,0.0,,31.0
9089803,24766,[CHI],tummy hurts.,-1.0,determiner,31.0
9089819,24766,[CHI],don't like.,-1.0,"subject, object",31.0
9089871,24766,[CAR],what are you doing Thomas?,,,31.0
9089909,24766,[CHI],orange lemon.,-1.0,"determiner, other",31.0
9089922,24766,[CAR],an orange and a lemon.,,,31.0
9089940,24766,[CHI],what's this?,1.0,,31.0
9089959,24766,[CHI],apple.,,,31.0
9089974,24766,[CAR],toffee apples.,,,31.0
9089987,24766,[CHI],toffee apples.,1.0,,31.0
9090007,24766,[CAR],toffee apples.,,,31.0
9090019,24766,[CAR],they're apples.,,,31.0
9090036,24766,[CAR],and look.,,,31.0
9090056,24766,[CAR],here's your toy apple.,,,31.0
9090071,24766,[CAR],but if we had a stick like a lollipop stick you put it inside the apple there.,,,31.0
9090093,24766,[CAR],and then you coat the apple in hot runny toffee and then you leave them to dry.,,,31.0
9090123,24766,[CAR],and when they're dry the toffee has gone hard on the outside of the apple.,,,31.0
9090142,24766,[CAR],it's a toffee apple.,,,31.0
9090162,24766,[CHI],now.,,,31.0
9090180,24766,[CAR],no.,,,31.0
9090195,24766,[CAR],put the fishing rod down Thomas.,,,31.0
9090213,24766,[CAR],you're swinging it round too much.,,,31.0
9090235,24766,[CAR],and then what happened on Sunday?,,,31.0
9090258,24766,[CAR],it was Halloween wasn't it?,,,31.0
9090273,24766,[CHI],Halloween.,,,31.0
9090291,24766,[CAR],do you remember what happened on Halloween?,,,31.0
9090307,24766,[CHI],Dimitra came.,1.0,,31.0
9090328,24766,[CAR],Dimitra came.,,,31.0
9090342,24766,[CAR],well Dimitra came the day after Halloween and we had this candle on Halloween but we lit it again when Dimitra came the following day didn't we?,,,31.0
9090364,24766,[CAR],what's this?,,,31.0
9090378,24766,[CHI],Mummy what's this?,1.0,,31.0
9090397,24766,[CHI],pumpkin.,,,31.0
9090410,24766,[CAR],it's a pumpkin isn't it?,,,31.0
9090427,24766,[CAR],it's a pumpkin with a candle inside.,,,31.0
9090443,24766,[CHI],uhoh.,,,31.0
9090464,24766,[CHI],what happened?,1.0,,31.0
9090476,24766,[CAR],oh dear.,,,31.0
9090488,24766,[CAR],what happened?,,,31.0
9090504,24766,[CAR],well that's a little bit of the wax.,,,31.0
9090525,24766,[CAR],it has melted and it has run out of the candle down the front of the pumpkin.,,,31.0
9090542,24766,[CAR],that's a pumpkin candle.,,,31.0
9090569,24766,[CAR],so shall we light that again tonight?,,,31.0
9090585,24766,[CHI],again.,,,31.0
9090599,24766,[CAR],and do you remember seeing some children who were dressed as witches?,,,31.0
9090615,24766,[CAR],they had big tall black hats on with broomsticks.,,,31.0
9090635,24766,[CAR],do you remember seeing them?,,,31.0
9090657,24766,[CHI],uhoh.,,,31.0
9090674,24766,[CAR],uhoh.,,,31.0
9090705,24766,[CHI],oh dear.,1.0,,31.0
9090721,24766,[CHI],oh dear.,1.0,,31.0
9090739,24766,[CHI],the naughty leaf.,0.0,,31.0
9090754,24766,[CAR],the naughty leaf.,,,31.0
9090770,24766,[CAR],what do you mean the naughty leaf?,,,31.0
9090792,24766,[CHI],leaf come off.,-1.0,"determiner, tense_aspect",31.0
9090804,24766,[CAR],oh that's the leaf that you brought back for me when you went for a walk the other day with Grandma and Granddad didn't you?,,,31.0
9090822,24766,[CHI],uhoh.,,,31.0
9090838,24766,[CHI],the naughty leaf.,0.0,,31.0
9090872,24766,[CAR],the naughty leaf.,,,31.0
9090890,24766,[CAR],why's it a naughty leaf?,,,31.0
9090908,24766,[CHI],broken.,,,31.0
9090923,24766,[CAR],no.,,,31.0
9090934,24766,[CAR],it hasn't broken.,,,31.0
9090954,24766,[CAR],what has happened when you picked for Mummy?,,,31.0
9090970,24766,[CAR],well you didn't pick it you picked it up off the ground.,,,31.0
9090984,24766,[CAR],it was a very very big shiny leaf wasn't it?,,,31.0
9091003,24766,[CAR],but it has dried now.,,,31.0
9091025,24766,[CAR],it was on Wednesday you picked it and it's Friday now.,,,31.0
9091042,24766,[CAR],and look.,,,31.0
9091059,24766,[CAR],come here.,,,31.0
9091071,24766,[CAR],it sounds like paper doesn't it?,,,31.0
9091089,24766,[CAR],can you hear it crackle?,,,31.0
9091108,24766,[CAR],it has all gone dry and it has curled up.,,,31.0
9091128,24766,[CHI],it's all crunchy now.,1.0,,31.0
9091144,24766,[CHI],the big crunchy.,-1.0,"subject, verb",31.0
9091159,24766,[CAR],you brought that.,,,31.0
9091182,24766,[CAR],you brought that especially for Mummy didn't you?,,,31.0
9091203,24766,[CHI],crunch crunch.,0.0,,31.0
9091219,24766,[CAR],crunch crunch.,,,31.0
9091244,24766,[CAR],and what have we got in that yellow bag on the stairs?,,,31.0
9091290,24766,[CHI],no.,,,31.0
9091303,24766,[CHI],oh.,,,31.0
9091314,24766,[CHI],run away.,0.0,,31.0
9091328,24766,[CAR],these are all pictures that we did together.,,,31.0
9091346,24766,[CAR],do you remember when we found all those we went out picking leaves off the ground and when they were nice and dry and all these little cones?,,,31.0
9091373,24766,[CAR],and we glued them onto paper didn't we?,,,31.0
9091391,24766,[CHI],stand up now.,0.0,,31.0
9091404,24766,[CHI],stand up.,0.0,,31.0
9091419,24766,[CAR],no.,,,31.0
9091436,24766,[CAR],it's they're glued on.,,,31.0
9091455,24766,[CAR],they won't come off.,,,31.0
9091475,24766,[CHI],not on leaf.,-1.0,"subject, verb, determiner",31.0
9091489,24766,[CHI],damaged.,,,31.0
9091504,24766,[CAR],is it a damaged leaf?,,,31.0
9091518,24766,[CAR],is that leaf damaged?,,,31.0
9091538,24766,[CAR],yes.,,,31.0
9091555,24766,[CAR],it does look damaged doesn't it?,,,31.0
9091572,24766,[CAR],there's some very nice pictures here Thomas.,,,31.0
9091591,24766,[CAR],autumn leaves.,,,31.0
9091608,24766,[CHI],blue blue blue.,0.0,,31.0
9091628,24766,[CAR],blue.,,,31.0
9091643,24766,[CAR],that's the blue picture.,,,31.0
9091655,24766,[CAR],look.,,,31.0
9091670,24766,[CAR],autumn leaves.,,,31.0
9091680,24766,[CAR],and there's there's one leaf.,,,31.0
9091694,24766,[CAR],and there's a cone.,,,31.0
9091711,24766,[CAR],be careful with it Thomas.,,,31.0
9091728,24766,[CAR],don't break it.,,,31.0
9091744,24766,[CAR],I think that leaf and that cone must have fallen off one of these pictures.,,,31.0
9091767,24766,[CAR],I think that leaf belongs on there don't you?,,,31.0
9091776,24766,[CHI],oh dear.,1.0,,31.0
9091792,24766,[CHI],what has happened now a cone?,-1.0,"preposition, determiner",31.0
9091816,24766,[CAR],what has happened to the cone?,,,31.0
9091834,24766,[CAR],I think it has fallen off the picture.,,,31.0
9091856,24766,[CAR],and that's dry glue that you've just seen on the back.,,,31.0
9091926,24766,[CAR],are you putting it back in the bag for me?,,,31.0
9091944,24766,[CHI],uhoh.,,,31.0
9091959,24766,[CHI],no.,,,31.0
9091971,24766,[CAR],you've dropped it.,,,31.0
9091988,24766,[CAR],do you remember after we had been to the music class this morning that we went to see that shop in Didsbury and it had a Christmas tree in the window?,,,31.0
9092015,24766,[CAR],and it had all those cones sprayed gold.,,,31.0
9092034,24766,[CHI],not see it.,-1.0,"subject, auxiliary",31.0
9092056,24766,[CAR],well you did see it at the time.,,,31.0
9092080,24766,[CAR],can you not remember?,,,31.0
9092096,24766,[CHI],no.,,,31.0
9092108,24766,[CAR],no.,,,31.0
9092122,24766,[CHI],smartypants.,,,31.0
9092141,24766,[CAR],smartypants.,,,31.0
9092153,24766,[CAR],why are you saying that?,,,31.0
9092171,24766,[CAR],look look.,,,31.0
9092199,24766,[CAR],on your chair.,,,31.0
9092223,24766,[CAR],sit next to me.,,,31.0
9092244,24766,[CHI],no.,,,31.0
9092259,24766,[CHI],leaves coming now.,-1.0,"determiner, present_progressive",31.0
9092275,24766,[CHI],leaves blowing off the tree.,-1.0,"determiner, present_progressive, other",31.0
9092289,24766,[CAR],leaves blowing off the tree.,,,31.0
9092299,24766,[CAR],well is different because this is a book about the different Seasons.,,,31.0
9092323,24766,[CAR],and if we look we start off with spring.,,,31.0
9092339,24766,[CAR],spring's the time of year you were born.,,,31.0
9092358,24766,[CAR],and look.,,,31.0
9092369,24766,[CAR],that tree's very much in bud.,,,31.0
9092384,24766,[CAR],there's lots_of blossom on that.,,,31.0
9092404,24766,[CAR],and what does this remind you of at the bottom of the tree?,,,31.0
9092421,24766,[CHI],what's this?,1.0,,31.0
9092434,24766,[CAR],you saw yellow flowers.,,,31.0
9092454,24766,[CHI],yellow flowers.,1.0,,31.0
9092471,24766,[CAR],and where did we use to go to where we saw yellow flowers in the spring?,,,31.0
9092493,24766,[CHI],not see it.,-1.0,"subject, auxiliary",31.0
9092516,24766,[CAR],do you remember going to playgroup?,,,31.0
9092534,24766,[CAR],we useta walk across the Common amongst all those yellow flowers.,,,31.0
9092552,24766,[CAR],but spring.,,,31.0
9092574,24766,[CHI],ducks.,,,31.0
9092587,24766,[CAR],they're little chicks like this one here.,,,31.0
9092606,24766,[CHI],little chicks.,1.0,,31.0
9092623,24766,[CAR],little chicks chirping.,,,31.0
9092643,24766,[CAR],there are lots_of birds nests in the tree with eggs.,,,31.0
9092660,24766,[CAR],and little spring lambs and spring flowers like tulips.,,,31.0
9092680,24766,[CAR],and then we go from spring to summer.,,,31.0
9092703,24766,[CAR],now we've just been talking about summer because teddy was dressing for the summer.,,,31.0
9092719,24766,[CHI],ice cream this one.,-1.0,"verb, other",31.0
9092741,24766,[CAR],ice cream this one.,,,31.0
9092760,24766,[CAR],yes.,,,31.0
9092774,24766,[CAR],there's a bit of an ice cream.,,,31.0
9092790,24766,[CAR],what can you see on this page?,,,31.0
9092810,24766,[CHI],what's this?,1.0,,31.0
9092828,24766,[CAR],well you tell me.,,,31.0
9092843,24766,[CHI],what's this?,1.0,,31.0
9092854,24766,[CHI],what's this?,1.0,,31.0
9092868,24766,[CHI],what's this?,1.0,,31.0
9092883,24766,[CAR],well you tell me what it is.,,,31.0
9092900,24766,[CHI],what's this?,1.0,,31.0
9092917,24766,[CAR],well you tell me what it is.,,,31.0
9092936,24766,[CHI],what's this?,1.0,,31.0
9092948,24766,[CHI],what's this?,1.0,,31.0
9092964,24766,[CAR],you tell me.,,,31.0
9092997,24766,[CAR],move the.,,,31.0
9093011,24766,[CHI],move the elephant.,0.0,,31.0
9093032,24766,[CAR],pardon.,,,31.0
9093046,24766,[CHI],move the elephant.,0.0,,31.0
9093064,24766,[CAR],move the elephant.,,,31.0
9093078,24766,[CHI],yes.,,,31.0
9093091,24766,[CAR],no.,,,31.0
9093105,24766,[CAR],that's a picture of the seaside and the cliffs.,,,31.0
9093124,24766,[CAR],and I think because the cliffs go round in a circle are you thinking of the elephants trunk?,,,31.0
9093144,24766,[CHI],little.,,,31.0
9093159,24766,[CAR],yes.,,,31.0
9093175,24766,[CAR],this is a little book and for each season there's a picture showing what what happens in each season.,,,31.0
9093193,24766,[CAR],like in the summer we go to the seaside so there's a picture of a bucket and a spade and sandcastle with seashells.,,,31.0
9093208,24766,[CAR],and ice cream and sailing boats and a beach ball.,,,31.0
9093223,24766,[CAR],and on the other side is a jigsaw puzzle showing a picture of something in summer and it's a picture of the seaside isn't it?,,,31.0
9093241,24766,[CAR],shall we put that piece there?,,,31.0
9093269,24766,[CAR],are you banging it down hard?,,,31.0
9093287,24766,[CHI],hm.,,,31.0
9093303,24766,[CHI],pieces come off again.,-1.0,"determiner, tense_aspect",31.0
9093317,24766,[CAR],pieces come off again.,,,31.0
9093344,24766,[CAR],no.,,,31.0
9093360,24766,[CAR],there's still two more pieces to to put in.,,,31.0
9093377,24766,[CAR],are you going to finish it off?,,,31.0
9093382,24766,[CAR],that's it.,,,31.0
9093398,24766,[CAR],turn it round that way and then you can bang it in.,,,31.0
9093422,24766,[CAR],steady steady steady.,,,31.0
9093436,24766,[CAR],don't be so rough.,,,31.0
9093461,24766,[CAR],you're being too rough Thomas.,,,31.0
9093481,24766,[CHI],no.,,,31.0
9093495,24766,[CHI],no bang it.,-1.0,"auxiliary, other",31.0
9093524,24766,[CHI],no bang it.,-1.0,"auxiliary, other",31.0
9093541,24766,[CAR],you can press them in but there's no needta hammer like that is there?,,,31.0
9093554,24766,[CHI],press it on.,0.0,,31.0
9093573,24766,[CAR],that's that's right.,,,31.0
9093591,24766,[CAR],push it there.,,,31.0
9093613,24766,[CAR],lovely.,,,31.0
9093633,24766,[CAR],look at that.,,,31.0
9093654,24766,[CAR],and where did you last go to the seaside?,,,31.0
9093668,24766,[CHI],no.,,,31.0
9093683,24766,[CHI],pieces come off.,-1.0,"determiner, tense_aspect",31.0
9093699,24766,[CAR],no.,,,31.0
9093713,24766,[CAR],we won't take the pieces off again.,,,31.0
9093732,24766,[CAR],do you wanna do it again?,,,31.0
9093762,24766,[CHI],yes.,,,31.0
9093776,24766,[CAR],right.,,,31.0
9093791,24766,[CAR],okay.,,,31.0
9093804,24766,[CAR],it's only six pieces so it won't take long to do will it?,,,31.0
9093822,24766,[CHI],seaside come off.,-1.0,"determiner, auxiliary",31.0
9093849,24766,[CAR],seaside has come off.,,,31.0
9093863,24766,[CHI],that one off.,-1.0,verb,31.0
9093878,24766,[CAR],no.,,,31.0
9093900,24766,[CAR],this one doesn't come off.,,,31.0
9093920,24766,[CAR],this isn't a jigsaw.,,,31.0
9093935,24766,[CAR],this is just a picture of things you might see in summer.,,,31.0
9093952,24766,[CAR],let's put this one back together.,,,31.0
9093971,24766,[CHI],put it in that way.,0.0,,31.0
9093988,24766,[CAR],no.,,,31.0
9094005,24766,[CAR],we'll.,,,31.0
9094020,24766,[CAR],we've got to.,,,31.0
9094035,24766,[CHI],no.,,,31.0
9094060,24766,[CAR],well we can't turn the page until we've put the jigsaw back in here because it'll all fall to bits.,,,31.0
9094082,24766,[CHI],no no.,1.0,,31.0
9094097,24766,[CAR],I'm not going to play with you if you're going to do this Thomas.,,,31.0
9094117,24766,[CHI],no.,,,31.0
9094133,24766,[CAR],now listen.,,,31.0
9094146,24766,[CAR],nobody else is going to wanna play with you either.,,,31.0
9094178,24766,[CAR],no no.,,,31.0
9094194,24766,[CAR],Thomas you've got to learn when you've finished playing with one thing like at the moment we've finished playing with this jigsaw you wanna go onto the next thing.,,,31.0
9094215,24766,[CHI],yes.,,,31.0
9094230,24766,[CAR],you wanna go onto the next thing so we finish playing with this.,,,31.0
9094247,24766,[CHI],no.,,,31.0
9094259,24766,[CAR],we hafta put this away before we get the next thing out.,,,31.0
9094277,24766,[CHI],no no.,1.0,,31.0
9094300,24766,[CHI],play that.,0.0,,31.0
9094312,24766,[CAR],now if you went to Isabel's house and you were playing with her toys she'd expect you to put away everything you're playing with before you go the next thing out.,,,31.0
9094339,24766,[CHI],uh.,,,31.0
9094351,24766,[CHI],uh.,,,31.0
9094364,24766,[CAR],come on.,,,31.0
9094379,24766,[CAR],let's turn the page now.,,,31.0
9094392,24766,[CAR],the jigsaw's back together.,,,31.0
9094408,24766,[CAR],ah what's this now?,,,31.0
9094435,24766,[CAR],we're onto the next page now.,,,31.0
9094455,24766,[CAR],autumn.,,,31.0
9094470,24766,[CAR],now what can you see here?,,,31.0
9094484,24766,[CAR],look.,,,31.0
9094498,24766,[CAR],autumn's the time to start getting jumpers out isn't it?,,,31.0
9094514,24766,[CAR],instead of t+shirts.,,,31.0
9094529,24766,[CHI],that out.,-1.0,verb,31.0
9094546,24766,[CAR],you want this jigsaw out.,,,31.0
9094558,24766,[CAR],now this is a beautiful jigsaw of autumn leaves isn't it?,,,31.0
9094568,24766,[CAR],just like the ones we've been playing with.,,,31.0
9094587,24766,[CAR],there's a picture of a jumper and some wheat because it's harvest time in autumn isn't it?,,,31.0
9094621,24766,[CHI],hm.,,,31.0
9094637,24766,[CHI],when the mixers comes.,-1.0,sv_agreement,31.0
9094646,24766,[CHI],pardon.,,,31.0
9094661,24766,[CHI],where the mixer?,-1.0,verb,31.0
9094672,24766,[CHI],over there.,1.0,,31.0
9094694,24766,[CHI],um um Mummy's.,-1.0,"subject, verb",31.0
9094707,24766,[CHI],Mummy's house mix mix mix.,-1.0,other,31.0
9094722,24766,[CHI],the mixer round and round.,-1.0,verb,31.0
9094736,24766,[CAR],the mixer round and round.,,,31.0
9094763,24766,[CHI],yes.,,,31.0
9094777,24766,[CAR],what has that got to do with wheat?,,,31.0
9094790,24766,[CHI],where the mixer gone?,-1.0,tense_aspect,31.0
9094802,24766,[CAR],the mixer's upstairs in the bathroom because you've been playing with it in the bath haven't you?,,,31.0
9094827,24766,[CHI],yes.,,,31.0
9094843,24766,[CHI],mixer gone.,-1.0,determiner,31.0
9094863,24766,[CAR],you took it upstairs Thomas.,,,31.0
9094879,24766,[CAR],it's still there.,,,31.0
9094892,24766,[CAR],we'll see it tonight.,,,31.0
9094909,24766,[CHI],no.,,,31.0
9094923,24766,[CHI],play it.,0.0,,31.0
9094931,24766,[CAR],no.,,,31.0
9094949,24766,[CAR],you don't needta play it.,,,31.0
9094966,24766,[CAR],come on.,,,31.0
9094981,24766,[CAR],we're having a look at these things.,,,31.0
9094993,24766,[CHI],no.,,,31.0
9095003,24766,[CAR],what's in the blue basket on this page?,,,31.0
9095022,24766,[CAR],I'm going to go round with your shopping basket and collect some of the fruit I can see in that basket there.,,,31.0
9095040,24766,[CAR],look.,,,31.0
9095105,24766,[CAR],what's in the shopping basket on the page?,,,31.0
9095118,24766,[CAR],oh I see.,,,31.0
9095129,24766,[CAR],you wanna be a little dumper truck to collect all the pieces of jigsaw.,,,31.0
9095145,24766,[CAR],are you thinking of the leaves?,,,31.0
9095160,24766,[CAR],is that what you're doing?,,,31.0
9095177,24766,[CAR],because it's a picture of autumn leaves you're tidying the leaves up.,,,31.0
9095207,24766,[CAR],is that right?,,,31.0
9095226,24766,[CHI],not touch it.,-1.0,auxiliary,31.0
9095241,24766,[CHI],hurt me.,-1.0,subject,31.0
9095260,24766,[CAR],not.,,,31.0
9095276,24766,[CHI],not touch.,-1.0,auxiliary,31.0
9095310,24766,[CHI],not touch it.,-1.0,auxiliary,31.0
9095324,24766,[CAR],hurt me.,,,31.0
9095347,24766,[CAR],you don't want me to touch them.,,,31.0
9095363,24766,[CHI],yes.,,,31.0
9095371,24766,[CAR],you do want me to touch them.,,,31.0
9095388,24766,[CAR],you want me to help you.,,,31.0
9095400,24766,[CHI],no.,,,31.0
9095417,24766,[CHI],no Mummy touch them.,0.0,,31.0
9095432,24766,[CHI],leaves dumper trucks.,-1.0,subject,31.0
9095450,24766,[CAR],oh the dumper truck hasta touch them.,,,31.0
9095469,24766,[CHI],mhm.,,,31.0
9095482,24766,[CHI],no.,,,31.0
9095547,24766,[CHI],stop it hurt.,-1.0,sv_agreement,31.0
9095567,24766,[CAR],what's in the basket Thomas?,,,31.0
9095577,24766,[CHI],apples.,,,31.0
9095593,24766,[CAR],and.,,,31.0
9095610,24766,[CHI],what have you.,-1.0,verb,31.0
9095625,24766,[CHI],pear.,,,31.0
9095640,24766,[CAR],apples and pears.,,,31.0
9095660,24766,[CAR],what have you got in your shopping basket here?,,,31.0
9095679,24766,[CHI],um apples pears.,-1.0,other,31.0
9095698,24766,[CAR],apples and pears.,,,31.0
9095715,24766,[CAR],and of course what's this?,,,31.0
9095730,24766,[CHI],orange.,,,31.0
9095747,24766,[CAR],that was a big bang wasn't it?,,,31.0
9095762,24766,[CAR],no.,,,31.0
9095782,24766,[CAR],it's not an orange.,,,31.0
9095804,24766,[CAR],what is it?,,,31.0
9095818,24766,[CHI],firework.,,,31.0
9095836,24766,[CAR],oh that.,,,31.0
9095856,24766,[CAR],yes.,,,31.0
9095873,24766,[CAR],a firework outside.,,,31.0
9095888,24766,[CAR],but on the page what's this?,,,31.0
9095912,24766,[CHI],not see it.,-1.0,"subject, auxiliary",31.0
9095929,24766,[CHI],pumpkin.,,,31.0
9095939,24766,[CAR],a pumpkin.,,,31.0
9095957,24766,[CAR],that's right.,,,31.0
9095971,24766,[CAR],oh now we've got to the last page in the book.,,,31.0
9095994,24766,[CAR],this is winter.,,,31.0
9096018,24766,[CAR],and what has the jigsaw got a picture of?,,,31.0
9096037,24766,[CHI],big trees.,1.0,,31.0
9096057,24766,[CAR],big trees covered in snow.,,,31.0
9096071,24766,[CAR],so in spring we've got the trees covered in blossom.,,,31.0
9096092,24766,[CAR],the picture of summer doesn't show any trees.,,,31.0
9096117,24766,[CAR],oh yes.,,,31.0
9096126,24766,[CAR],there are some trees there with leaves on.,,,31.0
9096146,24766,[CAR],in autumn it's all the leaves falling down.,,,31.0
9096166,24766,[CAR],and in winter it's all the leaves covered in.,,,31.0
9096178,24766,[CHI],leaves covered in.,-1.0,"determiner, auxiliary, other",31.0
9096195,24766,[CAR],in snow.,,,31.0
9096213,24766,[CHI],snow.,,,31.0
9096229,24766,[CAR],and look.,,,31.0
9096259,24766,[CAR],it's showing the things that you might see in winter.,,,31.0
9096274,24766,[CAR],or pine cones.,,,31.0
9096287,24766,[CAR],we've seen lots_of pine cones haven't we?,,,31.0
9096307,24766,[CHI],not this stick it.,-1.0,"other, auxiliary",31.0
9096317,24766,[CHI],not stick it.,-1.0,auxiliary,31.0
9096334,24766,[CHI],cone on that one.,-1.0,"determiner, verb",31.0
9096355,24766,[CAR],no.,,,31.0
9096374,24766,[CAR],we'll do it on the other page.,,,31.0
9096388,24766,[CAR],you might see pine cones and you might see holly.,,,31.0
9096408,24766,[CAR],well we've seen lots_of holly and the red berries haven't we?,,,31.0
9096426,24766,[CHI],holly.,,,31.0
9096441,24766,[CHI],yes.,,,31.0
9096474,24766,[CAR],but you call them red peas and Mummy says they're not peas and you mustn't eat them.,,,31.0
9096494,24766,[CAR],and jackets and gloves.,,,31.0
9096505,24766,[CHI],not biscuits.,-1.0,determiner,31.0
9096522,24766,[CHI],a big digger comes.,1.0,,31.0
9096539,24766,[CHI],no bite it.,-1.0,auxiliary,31.0
9096555,24766,[CHI],no no no.,1.0,,31.0
9096571,24766,[CHI],a big digger came.,1.0,,31.0
9096602,24766,[CHI],big digger coming.,-1.0,"determiner, auxiliary",31.0
9096622,24766,[CAR],you're busy gathering up the leaves again are you?,,,31.0
9096645,24766,[CHI],watch it.,1.0,,31.0
9096675,24766,[CAR],it's very dark outside isn't it now?,,,31.0
9096694,24766,[CHI],yes.,,,31.0
9096711,24766,[CHI],a big digger.,0.0,,31.0
9096728,24766,[CAR],oh the big digger has come now has it?,,,31.0
9096748,24766,[CAR],to pick up the autumn leaves.,,,31.0
9096769,24766,[CAR],gosh I tell you what Thomas.,,,31.0
9096788,24766,[CAR],this bucket on the digger.,,,31.0
9096808,24766,[CAR],if Mummy's doing this picture of the snow and there's a lot of snow the digger could come and pretend it was a snowplow and scoop up all the snow couldn't it?,,,31.0
9096829,24766,[CHI],minute minute.,-1.0,determiner,31.0
9096845,24766,[CHI],move off a minute.,0.0,,31.0
9096858,24766,[CAR],it's busy driving off at the moment is it?,,,31.0
9096879,24766,[CAR],with all the autumn leaves.,,,31.0
9096903,24766,[CHI],minute stops.,-1.0,"determiner, other",31.0
9096915,24766,[CHI],stop a minute.,0.0,,31.0
9096934,24766,[CHI],pick it up.,0.0,,31.0
9096947,24766,[CAR],stop a minute.,,,31.0
9096967,24766,[CAR],where has the driver from that truck gone Thomas?,,,31.0
9096992,24766,[CHI],um tip it out.,0.0,,31.0
9097008,24766,[CHI],um.,,,31.0
9097026,24766,[CAR],no.,,,31.0
9097046,24766,[CAR],he's not in there.,,,31.0
9097072,24766,[CAR],don't tip that up because Mummy has looked and he's not in that box.,,,31.0
9097096,24766,[CAR],he has been missing a few days now hasn't he?,,,31.0
9097116,24766,[CHI],Mummy it.,-1.0,verb,31.0
9097134,24766,[CHI],Mummy.,,,31.0
9097152,24766,[CAR],well I don't know where he is darling.,,,31.0
9097172,24766,[CAR],we'll hafta keep looking won't we?,,,31.0
9097186,24766,[CAR],and that's the picture of snow I'm painting.,,,31.0
9097209,24766,[CHI],digger.,,,31.0
9097228,24766,[CHI],the digger came.,1.0,,31.0
9097244,24766,[CAR],the digger came.,,,31.0
9097264,24766,[CHI],another one.,0.0,,31.0
9097281,24766,[CHI],another one.,0.0,,31.0
9097300,24766,[CHI],snow snow snow on there.,-1.0,"determiner, verb",31.0
9097316,24766,[CAR],you want the digger to come and help shovel some snow.,,,31.0
9097343,24766,[CHI],yes please.,1.0,,31.0
9097360,24766,[CAR],you see this little hole there.,,,31.0
9097372,24766,[CAR],that's for you to put your finger in.,,,31.0
9097393,24766,[CAR],and that releases all the pieces of the jigsaw.,,,31.0
9097408,24766,[CHI],big digger.,-1.0,determiner,31.0
9097448,24766,[CHI],big.,,,31.0
9097460,24766,[CHI],big the big.,-1.0,subject,31.0
9097474,24766,[CHI],the big big um?,-1.0,subject,31.0
9097497,24766,[CHI],a big.,-1.0,subject,31.0
9097515,24766,[CHI],a big.,-1.0,subject,31.0
9097533,24766,[CAR],a big.,,,31.0
9097547,24766,[CAR],oh dear dear dear.,,,31.0
9097566,24766,[CAR],he has had such a heavy load he has tipped over hasn't he?,,,31.0
9097599,24766,[CHI],yes.,,,31.0
9097632,24766,[CHI],don't worry there.,-1.0,other,31.0
9097647,24766,[CAR],don't worry.,,,31.0
9097665,24766,[CHI],come back in a minute.,0.0,,31.0
9097682,24766,[CHI],oh dear.,1.0,,31.0
9097692,24766,[CHI],wait wait minute.,-1.0,determiner,31.0
9097728,24766,[CHI],big wheels.,0.0,,31.0
9097745,24766,[CAR],big wheels.,,,31.0
9097762,24766,[CHI],they're going now.,1.0,,31.0
9097801,24766,[CHI],stop.,,,31.0
9097818,24766,[CAR],yes.,,,31.0
9097829,24766,[CAR],they've stopped.,,,31.0
9097850,24766,[CAR],they're not going round now are they?,,,31.0
9097865,24766,[CHI],man at man a digging now at Mummy's house.,-1.0,"determiner, auxiliary",31.0
9097889,24766,[CAR],is he digging at Mummy's house?,,,31.0
9097907,24766,[CAR],I don't think he's digging.,,,31.0
9097924,24766,[CAR],I think he's collecting leaves.,,,31.0
9097945,24766,[CHI],no.,,,31.0
9097954,24766,[CAR],he's shoveling up some snow isn't he?,,,31.0
9097992,24766,[CAR],there's nothing really for him to do in spring apart from perhaps.,,,31.0
9098009,24766,[CHI],no.,,,31.0
9098017,24766,[CAR],sweep up all the blossom when that has blown down.,,,31.0
9098034,24766,[CHI],yes.,,,31.0
9098051,24766,[CAR],and there's nothing for him to do in the summer.,,,31.0
9098071,24766,[CHI],no no no no.,1.0,,31.0
9098087,24766,[CAR],but autumn and winter he's busy isn't he?,,,31.0
9098103,24766,[CHI],no no.,1.0,,31.0
9098118,24766,[CHI],oh big leaves.,0.0,,31.0
9098137,24766,[CAR],I don't think we looked at this picture on the autumn page.,,,31.0
9098154,24766,[CAR],who's that?,,,31.0
9098177,24766,[CHI],what's this?,1.0,,31.0
9098189,24766,[CHI],yes.,,,31.0
9098200,24766,[CAR],what's this?,,,31.0
9098214,24766,[CHI],what's this now?,1.0,,31.0
9098230,24766,[CHI],what's this?,1.0,,31.0
9098243,24766,[CAR],what is it?,,,31.0
9098271,24766,[CHI],what's this?,1.0,,31.0
9098290,24766,[CHI],a squirrel eating the walnut.,1.0,,31.0
9098310,24766,[CAR],a squirrel eating a whole nut.,,,31.0
9098323,24766,[CHI],walnut.,,,31.0
9098340,24766,[CAR],oh a walnut.,,,31.0
9098354,24766,[CHI],yes.,,,31.0
9098375,24766,[CHI],eating a walnut.,1.0,,31.0
9098399,24766,[CAR],are you saying walnut or a whole nut?,,,31.0
9098414,24766,[CHI],um no.,1.0,,31.0
9098427,24766,[CHI],um eating um pumpkin.,-1.0,"subject, auxiliary, determiner",31.0
9098441,24766,[CAR],no.,,,31.0
9098454,24766,[CAR],he's not eating pumpkin.,,,31.0
9098472,24766,[CAR],you're quite right he is eating a walnut.,,,31.0
9098486,24766,[CAR],but I didn't know that you knew the word walnut and I didn't know that you recognized a walnut.,,,31.0
9098507,24766,[CAR],but I thought you might have been saying he's eating a whole nut.,,,31.0
9098540,24766,[CHI],eating a walnut.,0.0,,31.0
9098555,24766,[CAR],well the other day when I was at.,,,31.0
9098570,24766,[CHI],a driver a driver a driver.,0.0,,31.0
9098588,24766,[CAR],but we don't know where the driver is?,,,31.0
9098619,24766,[CAR],listen.,,,31.0
9098637,24766,[CAR],I don't know where the driver is.,,,31.0
9098653,24766,[CAR],listen.,,,31.0
9098682,24766,[CAR],perhaps the driver?,,,31.0
9098695,24766,[CAR],I think he has gone?,,,31.0
9098716,24766,[CAR],I think with it being bonfire night the driver has nipped off early to go to the shop to buy some fireworks.,,,31.0
9098735,24766,[CAR],so that he can go home and that his children can see fireworks going up in the air.,,,31.0
9098753,24766,[CHI],no no no.,1.0,,31.0
9098767,24766,[CAR],no.,,,31.0
9098779,24766,[CAR],oh dear.,,,31.0
9098796,24766,[CAR],oops.,,,31.0
9098812,24766,[CAR],oh dear.,,,31.0
9098826,24766,[CAR],Thomas's ending up sitting in the shopping basket.,,,31.0
9098835,24766,[CAR],Tom it's no good crying because I don't know where the driver is?,,,31.0
9098851,24766,[CAR],we looked for him the other day.,,,31.0
9098863,24766,[CAR],how about the train driver from your train set?,,,31.0
9098875,24766,[CHI],no.,,,31.0
9098895,24766,[CHI],yes.,,,31.0
9098910,24766,[CAR],let's find.,,,31.0
9098936,24766,[CHI],no find.,-1.0,"subject, auxiliary, object, other",31.0
9098950,24766,[CHI],no find.,-1.0,"subject, auxiliary, object, other",31.0
9098961,24766,[CHI],no find.,-1.0,"subject, auxiliary, object, other",31.0
9098972,24766,[CAR],this isn't the driver of the digger but I'm sure this little man?,,,31.0
9098986,24766,[CAR],this little man's already wearing overalls.,,,31.0
9099002,24766,[CAR],look.,,,31.0
9099016,24766,[CAR],he's wearing a bib and braces so he can?,,,31.0
9099044,24766,[CAR],oh he's a little bit too big isn't he?,,,31.0
9099064,24766,[CAR],he's a little bit too big Thomas.,,,31.0
9099078,24766,[CHI],no.,,,31.0
9099096,24766,[CHI],on.,,,31.0
9099112,24766,[CAR],here you are.,,,31.0
9099129,24766,[CHI],no.,,,31.0
9099141,24766,[CHI],not little man.,-1.0,determiner,31.0
9099155,24766,[CHI],no.,,,31.0
9099169,24766,[CAR],yes.,,,31.0
9099180,24766,[CAR],but we've lost the driver sweetheart.,,,31.0
9099207,24766,[CAR],so we?,,,31.0
9099256,24766,[CHI],Mummy lost him.,-1.0,subject,31.0
9099275,24766,[CAR],I know we've lost him darling.,,,31.0
9099293,24766,[CAR],I know.,,,31.0
9099307,24766,[CAR],he'll turn up.,,,31.0
9099324,24766,[CAR],Mummy has had a really good look round but I'm sure he'll turn up.,,,31.0
9099338,24766,[CAR],don't you think so.,,,31.0
9099352,24766,[CHI],no.,,,31.0
9099367,24766,[CHI],uh yes.,1.0,,31.0
9099378,24766,[CHI],a missed him.,-1.0,subject,31.0
9099396,24766,[CHI],Mummy find him.,1.0,,31.0
9099412,24766,[CAR],no.,,,31.0
9099425,24766,[CAR],I Thomas I really have looked for him darling.,,,31.0
9099446,24766,[CAR],and I can't see him.,,,31.0
9099460,24766,[CAR],but I'm quite sure he'll turn up.,,,31.0
9099474,24766,[CAR],look.,,,31.0
9099485,24766,[CAR],talking of drivers.,,,31.0
9099502,24766,[CAR],let's have a look at these books.,,,31.0
9099522,24766,[CHI],no.,,,31.0
9099534,24766,[CAR],oh.,,,31.0
9099547,24766,[CHI],no.,,,31.0
9099561,24766,[CAR],do you not wanna look at these books?,,,31.0
9099577,24766,[CHI],no.,,,31.0
9099591,24766,[CAR],ah.,,,31.0
9099617,24766,[CAR],well these are all about drivers of different things aren't they?,,,31.0
9099634,24766,[CHI],no no no.,1.0,,31.0
9099654,24766,[CHI],no no read.,-1.0,"subject, auxiliary, object, other",31.0
9099672,24766,[CHI],no read it.,-1.0,"subject, auxiliary, object, other",31.0
9099689,24766,[CHI],no read it.,-1.0,"subject, auxiliary, object, other",31.0
9099714,24766,[CAR],not even this one about a train.,,,31.0
9099727,24766,[CHI],no no no no no.,1.0,,31.0
9099746,24766,[CAR],oh Tom come on.,,,31.0
9099772,24766,[CAR],look.,,,31.0
9099791,24766,[CAR],I can see the train driver a bus driver.,,,31.0
9099811,24766,[CAR],ah a tractor driver.,,,31.0
9099827,24766,[CAR],what's a tractor driver called?,,,31.0
9099855,24766,[CAR],a farmer and?,,,31.0
9099871,24766,[CAR],there's a truck driver.,,,31.0
9099897,24766,[CAR],oh dear.,,,31.0
9099908,24766,[CAR],I think we better have.,,,31.0
9099931,24766,[CHI],no.,,,31.0
9099936,24766,[CAR],I think we better have a little break because you're not going to do this are you?,,,31.0
9099972,24766,[CAR],oh whatever is the matter?,,,31.0
9099994,24766,[CAR],it's nearly teatime Thomas isn't it?,,,31.0
9100002,24766,[CAR],it's half past four.,,,31.0
9100012,24766,[CHI],no.,,,31.0
9100024,24766,[CAR],shh.,,,31.0
9100036,24766,[CAR],it's half past four.,,,31.0
9100050,24766,[CHI],no four.,1.0,,31.0
9100066,24766,[CHI],no.,,,31.0
9100077,24766,[CAR],it is.,,,31.0
9100094,24766,[CHI],no.,,,31.0
9100106,24766,[CAR],you've had a busy day because.,,,31.0
9100136,24766,[CHI],no busy day.,-1.0,"subject, auxiliary, determiner, other",31.0
9100154,24766,[CAR],listen.,,,31.0
9100169,24766,[CAR],you have had a busy day.,,,31.0
9100186,24766,[CAR],Elena came to see you this morning.,,,31.0
9100202,24766,[CHI],no Elena.,-1.0,other,31.0
9100218,24766,[CAR],shh.,,,31.0
9100230,24766,[CAR],she did.,,,31.0
9100253,24766,[CHI],no.,,,31.0
9100266,24766,[CAR],when when you were having breakfast this morning that nice lady came to see you.,,,31.0
9100289,24766,[CAR],and you were eating brown grapes and green grapes and eating Cornflakes and eating an apple.,,,31.0
9100303,24766,[CAR],and then we went to music class and then we went shopping.,,,31.0
9100314,24766,[CAR],and it was raining.,,,31.0
9100322,24766,[CHI],no no.,1.0,,31.0
9100333,24766,[CAR],it was.,,,31.0
9100343,24766,[CAR],and this afternoon we've been out on.,,,31.0
9100352,24766,[CHI],no.,,,31.0
9100363,24766,[CAR],we've been out on your bicycle haven't we?,,,31.0
9100381,24766,[CHI],no.,,,31.0
9100403,24766,[CAR],we've been out on your bicycle all the way round the roads because about three o'clock the sun started to shine and the rain stopped.,,,31.0
9100457,24766,[CAR],so we went out quick on your bicycle didn't we?,,,31.0
9100485,24766,[CAR],and now I think you're absolutely shattered.,,,31.0
9100499,24766,[CHI],no shattered.,-1.0,"subject, auxiliary, other",31.0
9100510,24766,[CHI],no.,,,31.0
9100522,24766,[CAR],shall we have a break?,,,31.0
9100533,24766,[CHI],no.,,,31.0
9100544,24766,[CAR],come on.,,,31.0
9100557,24766,[CAR],let's have a break.,,,31.0
9100567,24766,[CAR],oh who's this?,,,31.0
9100577,24766,[CHI],m.,,,31.0
9100584,24766,[CAR],it's?,,,31.0
9100595,24766,[CAR],oh I thought it was Daddy home.,,,31.0
9100609,24766,[CAR],it's not is it?,,,31.0
9100619,24766,[CHI],no.,,,31.0
9100630,24766,[CHI],not.,,,31.0
9100638,24766,[CHI],man drove off.,-1.0,determiner,31.0
9100650,24766,[CAR],they've driven off haven't they?,,,31.0
9100663,24766,[CAR],whoever it was.,,,31.0
9100683,24766,[CAR],it is Daddy.,,,31.0
9100697,24766,[CAR],it is Daddy.,,,31.0
9100707,24766,[CAR],not come back.,,,31.0
9100717,24766,[CAR],it is Daddy.,,,31.0
9100725,24766,[CAR],he has come back.,,,31.0
9100733,24766,[CAR],he's there.,,,31.0
9100750,24766,[CHI],not wave.,-1.0,"subject, auxiliary",31.0
9100762,24766,[CAR],you don't wanna wave to Daddy.,,,31.0
9100775,24766,[CHI],no.,,,31.0
9100784,24766,[CAR],well you don't hafta wave.,,,31.0
9100798,24766,[CAR],but we say hello when he walks through the door.,,,31.0
9100809,24766,[CHI],no.,,,31.0
9100818,24766,[CHI],not hello.,-1.0,"subject, auxiliary, verb",31.0
9100826,24766,[CHI],no.,,,31.0
9100833,24766,[CAR],shall we go and open the door for Daddy?,,,31.0
9100850,24766,[CAR],shall we go and open the door for Daddy?,,,31.0
9100859,24766,[CHI],no no.,1.0,,31.0
9100866,24766,[CAR],no.,,,31.0
9100876,24766,[CHI],no.,,,31.0
9100886,24766,[CAR],oh but Daddy has had a hard day at work Tom.,,,31.0
9100902,24766,[CHI],m no.,,,31.0
9100912,24766,[CAR],he has.,,,31.0
9100922,24766,[CAR],do you not think he might appreciate the door being opened for him?,,,31.0
9100935,24766,[CHI],no.,,,31.0
9100939,24766,[CAR],do you not think he would?,,,31.0
9100953,24766,[CHI],no no.,1.0,,31.0
9100965,24766,[CAR],hello.,,,31.0
9100974,24766,[CHI],the digger.,0.0,,31.0
9100981,24766,[CHI],dig dig dig.,0.0,,31.0
9100993,24766,[CHI],no.,,,31.0
9101001,24766,[CHI],big birdie's on it.,-1.0,determiner,31.0
9101008,24766,[CAR],shh.,,,31.0
9101018,24766,[CHI],big birdie's on it.,-1.0,determiner,31.0
9101025,24766,[CAR],have you been a good boy?,,,31.0
9101038,24766,[CHI],no.,,,31.0
9101055,24766,[CAR],I bet you have.,,,31.0
9101065,24766,[CHI],no.,,,31.0
9101082,24766,[CAR],he has just been a bit upset.,,,31.0
9101097,24766,[CAR],I think it's getting near teatime.,,,31.0
9101115,24766,[CHI],no.,,,31.0
9101127,24766,[CAR],and he's tired.,,,31.0
9101135,24766,[CAR],but we've got to look out for some fireworks later Daddy.,,,31.0
9101145,24766,[CAR],haven't we?,,,31.0
9101153,24766,[CAR],are you going to say hello to Daddy?,,,31.0
9101162,24766,[CHI],no.,,,31.0
9101170,24766,[CAR],oh dear.,,,31.0
9101188,24766,[CAR],oh Daddy.,,,31.0
9101203,24766,[CHI],no.,,,31.0
9101213,24766,[CAR],well I'm going to say hello to Daddy.,,,31.0
9101226,24766,[CHI],no no no say hello Daddy.,-1.0,"auxiliary, other",31.0
9101241,24766,[CHI],no.,,,31.0
9101250,24766,[CHI],no say hello.,-1.0,"auxiliary, other",31.0
9101260,24766,[CAR],have you seen the fireworks?,,,31.0
9101272,24766,[CHI],yes.,,,31.0
9101291,24766,[CHI],hiding in the trees.,0.0,,31.0
9101300,24766,[CAR],the fireworks were hiding in the trees.,,,31.0
9101313,24766,[CHI],hiding.,,,31.0
9101323,24766,[CHI],hiding.,,,31.0
9101334,24766,[CHI],no.,,,31.0
9101363,24766,[CHI],a big firework came.,1.0,,31.0
9101383,24766,[CHI],oh.,,,31.0
9101396,24766,[CAR],well Thomas and Mummy have just been for a walk.,,,31.0
9101409,24766,[CAR],and we've heard lots_of fireworks and we've seen quite a few.,,,31.0
9101420,24766,[CHI],watch.,,,31.0
9101434,24766,[CAR],but as well we.,,,31.0
9101454,24766,[CAR],listen.,,,31.0
9101466,24766,[CAR],listen to the bangs.,,,31.0
9101478,24766,[CAR],as we were walking past one house they lit a bonfire and there was lots_of smoke wasn't there?,,,31.0
9101513,24766,[CAR],yes.,,,31.0
9101530,24766,[CAR],it sounded like that didn't it?,,,31.0
9101545,24766,[CAR],and then all of a sudden rockets went up.,,,31.0
9101559,24766,[CAR],what happened?,,,31.0
9101584,24766,[CAR],where they banging?,,,31.0
9101594,24766,[CAR],oh like that.,,,31.0
9101604,24766,[CAR],don't hit Daddy in the tummy.,,,31.0
9101619,24766,[CAR],that's not nice.,,,31.0
9101636,24766,[CHI],nice.,,,31.0
9101643,24766,[CAR],what did the fireworks say?,,,31.0
9101656,24766,[CAR],bang.,,,31.0
9101665,24766,[CAR],no.,,,31.0
9101676,24766,[CAR],some of them went.,,,31.0
9101693,24766,[CAR],what did they do?,,,31.0
9101705,24766,[CHI],watch.,,,31.0
9101717,24766,[CHI],shh shh.,0.0,,31.0
9101729,24766,[CAR],I tell you what.,,,31.0
9101740,24766,[CAR],shall we just put the light off and open the curtains?,,,31.0
9101756,24766,[CAR],and then we've got to have our tea Thomas.,,,31.0
9101767,24766,[CAR],and once we've had tea.,,,31.0
9101779,24766,[CAR],how about we go.,,,31.0
9101815,24766,[CHI],firework.,,,31.0
9101825,24766,[CAR],we go.,,,31.0
9101836,24766,[CAR],let's put the blind back.,,,31.0
9101848,24766,[CAR],oh did you see that?,,,31.0
9101862,24766,[CAR],oh quicketyquick.,,,31.0
9101873,24766,[CHI],quick.,,,31.0
9101884,24766,[CHI],where's Daddy?,1.0,,31.0
9101895,24766,[CAR],just let's just take your wellies off.,,,31.0
9101906,24766,[CAR],Thomas wellies off.,,,31.0
9101915,24766,[CAR],wellies off.,,,31.0
9101920,24766,[CAR],it's cold outside so we hadta put wellies and hats and gloves on didn't we?,,,31.0
9101930,24766,[CHI],watch.,,,31.0
9101939,24766,[CHI],watch.,,,31.0
9101948,24766,[CAR],you just keep watching.,,,31.0
9101956,24766,[CHI],watch a.,,,31.0
9101964,24766,[CHI],watch.,,,31.0
9101972,24766,[CAR],you just watch a few minutes.,,,31.0
9101983,24766,[CAR],I'm sure you'll see something.,,,31.0
9101995,24766,[CAR],oh it's dark now.,,,31.0
9102000,24766,[CAR],it's dark in the house.,,,31.0
9102011,24766,[CHI],h not see.,-1.0,"subject, auxiliary, object",31.0
9102022,24766,[CAR],no.,,,31.0
9102038,24766,[CAR],they haven't let one on off.,,,31.0
9102047,24766,[CAR],let's just watch.,,,31.0
9102058,24766,[CAR],oh.,,,31.0
9102065,24766,[CHI],Daddy a firework.,1.0,,31.0
9102072,24766,[CAR],I see it.,,,31.0
9102084,24766,[CHI],um um.,0.0,,31.0
9102094,24766,[CAR],right you you keep watching through there.,,,31.0
9102107,24766,[CAR],through that gap in the houses.,,,31.0
9102117,24766,[CAR],Daddy can see.,,,31.0
9102126,24766,[CAR],but you keep watching.,,,31.0
9102136,24766,[CAR],don't turn round to tell Daddy because otherwise you'll miss it.,,,31.0
9102147,24766,[CAR],and what else did we hear Thomas?,,,31.0
9102156,24766,[CAR],when we were walking out.,,,31.0
9102174,24766,[CAR],beeba beeba.,,,31.0
9102182,24766,[CAR],Fireman_Sam will be really really busy tonight Thomas.,,,31.0
9102193,24766,[CHI],Fireman_Sam.,1.0,,31.0
9102198,24766,[CAR],because you know all these fires bonfires people are having sometimes they get a bit out of hand.,,,31.0
9102218,24766,[CAR],and Fireman_Sam hasta come.,,,31.0
9102229,24766,[CHI],oh.,,,31.0
9102235,24766,[CHI],oh.,,,31.0
9102243,24766,[CHI],big car going backwards like a fish.,-1.0,"determiner, auxiliary",31.0
9102253,24766,[CAR],there's a big car going backwards like a fish.,,,31.0
9102275,24766,[CHI],dark round here.,-1.0,"subject, verb, other",31.0
9102290,24766,[CAR],it is dark round here with the lights off but it's the only way we can see the fireworks when we're inside.,,,31.0
9102308,24766,[CAR],a lot of people aren't there?,,,31.0
9102332,24766,[CAR],I bet those children in that house are going to a bonfire don't you?,,,31.0
9102351,24766,[CHI],yes yes.,1.0,,31.0
9102368,24766,[CAR],there might not be a lot now because it has started to.,,,31.0
9102384,24766,[CHI],there's a.,-1.0,object,31.0
9102394,24766,[CHI],post police car and fire engine.,-1.0,determiner,31.0
9102412,24766,[CHI],there's the cars.,0.0,,31.0
9102429,24766,[CHI],police car and fire engine.,-1.0,determiner,31.0
9102450,24766,[CHI],there's a firework.,1.0,,31.0
9102483,24766,[CHI],watch the firework.,1.0,,31.0
9102508,24766,[CAR],look.,,,31.0
9102518,24766,[CAR],there's some more flashes up there behind Sue's house.,,,31.0
9102539,24766,[CAR],and when we spoke to Aunty_Linda a few minutes ago she said that all her pussy cats were inside and that Alice the dog was very upset.,,,31.0
9102563,24766,[CAR],so Alice was inside as well.,,,31.0
9102577,24766,[CAR],what about Purdie?,,,31.0
9102587,24766,[CAR],do you think she's frightened?,,,31.0
9102604,24766,[CHI],oh no no no.,1.0,,31.0
9102619,24766,[CAR],no.,,,31.0
9102638,24766,[CHI],no.,,,31.0
9102658,24766,[CAR],do you think she Purdie's brave?,,,31.0
9102673,24766,[CHI],no Purdie brave.,-1.0,verb,31.0
9102696,24766,[CAR],I think in a few minutes Mummy's going to go upstairs and give Purdie a cuddle.,,,31.0
9102712,24766,[CHI],oh.,,,31.0
9102732,24766,[CHI],a Purdie coming too.,-1.0,"determiner, present_progressive",31.0
9102753,24766,[CAR],no.,,,31.0
9102777,24766,[CAR],Purdie wouldn't wanna come and watch the fireworks.,,,31.0
9102789,24766,[CAR],Purdie gets a bit frightened of the bang.,,,31.0
9102832,24766,[CHI],uhoh.,,,31.0
9102845,24766,[CAR],oh_gosh!,,,31.0
9102860,24766,[CAR],did you see that?,,,31.0
9102873,24766,[CHI],big green one.,-1.0,determiner,31.0
9102889,24766,[CAR],a big green one.,,,31.0
9102901,24766,[CAR],yes.,,,31.0
9102917,24766,[CAR],that frightened Mummy.,,,31.0
9102961,24766,[CHI],shh shh.,0.0,,31.0
9102974,24766,[CAR],did it frighten Thomas?,,,31.0
9102990,24766,[CHI],no.,,,31.0
9103004,24766,[CAR],no.,,,31.0
9103016,24766,[CHI],yes.,,,31.0
9103030,24766,[CHI],hurt me.,-1.0,subject,31.0
9103045,24766,[CAR],it didn't hurt you.,,,31.0
9103060,24766,[CHI],yes.,,,31.0
9103073,24766,[CAR],no.,,,31.0
9103088,24766,[CAR],it startled you.,,,31.0
9103103,24766,[CAR],the bang frightened you a bit.,,,31.0
9103117,24766,[CHI],yes.,,,31.0
9103135,24766,[CAR],it didn't hurt you though did it?,,,31.0
9103152,24766,[CHI],um.,,,31.0
9103169,24766,[CAR],and do you think.,,,31.0
9103182,24766,[CHI],frighten for me.,-1.0,"subject, verb, other",31.0
9103206,24766,[CAR],frighten for me.,,,31.0
9103220,24766,[CHI],frighten for me.,-1.0,"subject, verb, other",31.0
9103234,24766,[CHI],see firework.,-1.0,"subject, determiner",31.0
9103248,24766,[CAR],I was frightened for you was I?,,,31.0
9103261,24766,[CHI],yes.,,,31.0
9103271,24766,[CAR],because I jumped.,,,31.0
9103283,24766,[CHI],I jump.,-1.0,tense_aspect,31.0
9103308,24766,[CHI],um.,,,31.0
9103319,24766,[CHI],firework.,,,31.0
9103332,24766,[CHI],big green one been.,-1.0,"determiner, tense_aspect",31.0
9103353,24766,[CHI],not a lot like blue.,-1.0,"subject, verb",31.0
9103370,24766,[CAR],not a lot like blue.,,,31.0
9103390,24766,[CHI],no.,,,31.0
9103401,24766,[CHI],another one near Sue's house.,0.0,,31.0
9103413,24766,[CHI],not see it.,-1.0,"subject, auxiliary",31.0
9103433,24766,[CAR],well there was a little flash behind Sue's house wasn't there?,,,31.0
9103445,24766,[CHI],flash.,,,31.0
9103461,24766,[CAR],we didn't see.,,,31.0
9103488,24766,[CAR],the firework but.,,,31.0
9103521,24766,[CHI],a big green one.,0.0,,31.0
9103536,24766,[CAR],yes.,,,31.0
9103545,24766,[CAR],it was a big green one and a big pink one that we saw.,,,31.0
9103570,24766,[CAR],it wasn't blue was it?,,,31.0
9103585,24766,[CAR],another flash.,,,31.0
9103594,24766,[CAR],no bangs.,,,31.0
9103626,24766,[CHI],I saw one.,1.0,,31.0
9103641,24766,[CHI],another one.,0.0,,31.0
9103654,24766,[CHI],saw a big one.,-1.0,subject,31.0
9103680,24766,[CHI],one two three.,0.0,,31.0
9103695,24766,[CHI],one two three.,0.0,,31.0
9103714,24766,[CAR],oh what was that?,,,31.0
9103743,24766,[CHI],blue one.,-1.0,determiner,31.0
9103757,24766,[CHI],yellow.,,,31.0
9103768,24766,[CAR],a blue one.,,,31.0
9103781,24766,[CHI],um.,,,31.0
9103795,24766,[CAR],we didn't see it.,,,31.0
9103818,24766,[CAR],we just heard a bang didn't we?,,,31.0
9103843,24766,[CAR],I like the pretty ones Thomas.,,,31.0
9103857,24766,[CHI],red one.,-1.0,determiner,31.0
9103867,24766,[CHI],you.,,,31.0
9103880,24766,[CHI],um it's frightened.,1.0,,31.0
9103893,24766,[CAR],I'm not frightened of those.,,,31.0
9103909,24766,[CHI],um.,,,31.0
9103920,24766,[CAR],but it's nicer when you can see rather than when we just hear the bang isn't it?,,,31.0
9103942,24766,[CHI],uh.,,,31.0
9103966,24766,[CAR],a heard a blue.,,,31.0
9103982,24766,[CHI],heard a blue one.,-1.0,subject,31.0
9104000,24766,[CAR],you heard a blue one.,,,31.0
9104015,24766,[CHI],m saw a red one.,-1.0,subject,31.0
9104032,24766,[CHI],not mean to.,-1.0,"subject, auxiliary",31.0
9104043,24766,[CHI],s heard the blue.,-1.0,"subject, object",31.0
9104070,24766,[CAR],saw a red one.,,,31.0
9104086,24766,[CAR],not mean to.,,,31.0
9104096,24766,[CAR],heard the blue.,,,31.0
9104109,24766,[CHI],yes.,,,31.0
9104118,24766,[CHI],pink too.,-1.0,determiner,31.0
9104131,24766,[CAR],you heard the pink one too.,,,31.0
9104145,24766,[CHI],oh.,,,31.0
9104171,24766,[CHI],um a brown.,-1.0,"subject, verb",31.0
9104184,24766,[CAR],and a brown one.,,,31.0
9104201,24766,[CHI],um.,,,31.0
9104220,24766,[CAR],I don't think there were brown fireworks.,,,31.0
9104239,24766,[CAR],I think you're seeing things.,,,31.0
9104255,24766,[CHI],I see colors.,0.0,,31.0
9104276,24766,[CAR],you're seeing colors.,,,31.0
9104297,24766,[CHI],yes.,,,31.0
9104314,24766,[CHI],brown.,,,31.0
9104346,24766,[CHI],I see green one.,-1.0,determiner,31.0
9104371,24766,[CAR],yes.,,,31.0
9104388,24766,[CAR],we've seen green ones and pink ones and red ones.,,,31.0
9104412,24766,[CHI],oh.,,,31.0
9104425,24766,[CAR],and apart from bangs what else have you heard?,,,31.0
9104439,24766,[CHI],crackles.,,,31.0
9104444,24766,[CAR],yes.,,,31.0
9104456,24766,[CAR],crackles.,,,31.0
9104468,24766,[CAR],oh.,,,31.0
9104500,24766,[CAR],oh do you think people'll be having baked potatoes and hot soup?,,,31.0
9104517,24766,[CHI],not hot soup potatoes.,-1.0,"subject, verb",31.0
9104533,24766,[CHI],no.,,,31.0
9104556,24766,[CAR],well we're going to have some Parkin and a gingerbread man aren't we?,,,31.0
9104572,24766,[CHI],baby one.,-1.0,determiner,31.0
9104592,24766,[CHI],the red one.,0.0,,31.0
9104618,24766,[CHI],see it.,0.0,,31.0
9104634,24766,[CHI],baby one.,-1.0,determiner,31.0
9104645,24766,[CHI],not.,,,31.0
9104657,24766,[CHI],um big baby one.,-1.0,determiner,31.0
9104672,24766,[CHI],big baby.,-1.0,determiner,31.0
9104687,24766,[CHI],big bang.,-1.0,determiner,31.0
9104704,24766,[CAR],they seem to be coming from over there Thomas.,,,31.0
9104738,24766,[CAR],if you keep looking over in that direction.,,,31.0
9104752,24766,[CAR],where Mummy's pointing.,,,31.0
9104774,24766,[CAR],behind Fred's car.,,,31.0
9104789,24766,[CAR],that's the place to look.,,,31.0
9104803,24766,[CHI],ah show me.,1.0,,31.0
9104818,24766,[CAR],just this way.,,,31.0
9104835,24766,[CHI],this way.,1.0,,31.0
9104850,24766,[CAR],where Mummy's pointing her finger.,,,31.0
9104861,24766,[CAR],oh perhaps you can't see.,,,31.0
9104878,24766,[CAR],it's dark.,,,31.0
9104892,24766,[CAR],that way.,,,31.0
9104908,24766,[CHI],you watch.,-1.0,tense_aspect,31.0
9104923,24766,[CHI],you watch.,-1.0,tense_aspect,31.0
9104939,24766,[CAR],yes.,,,31.0
9104970,24766,[CAR],you keep watching.,,,31.0
9104989,24766,[CAR],mind now.,,,31.0
9105011,24766,[CAR],be careful.,,,31.0
9105026,24766,[CAR],be careful.,,,31.0
9105044,24766,[CHI],oh oh.,1.0,,31.0
9105066,24766,[CAR],but in a minute we must go Thomas.,,,31.0
9105073,24766,[CAR],and have our tea.,,,31.0
9105088,24766,[CAR],and then if you wanna go out again after tea you can have another quick walk.,,,31.0
9105102,24766,[CAR],and then the best place to be is Mummy's bedroom window.,,,31.0
9105120,24766,[CAR],Mummy and Daddy's bedroom window.,,,31.0
9105135,24766,[CAR],because you'll see a lot then.,,,31.0
9105169,24766,[CHI],um um.,1.0,,31.0
9105243,24766,[CHI],another one.,0.0,,31.0
9105270,24766,[CHI],another red one.,0.0,,31.0
9105287,24766,[CAR],another red one.,,,31.0
9105321,24766,[CAR],that was one from.,,,31.0
9105339,24766,[CHI],red one.,-1.0,determiner,31.0
9105370,24766,[CAR],oh a red one.,,,31.0
9105401,24766,[CAR],I thought you said Fred one because it was coming from.,,,31.0
9105421,24766,[CHI],no.,,,31.0
9105444,24766,[CHI],a a red one.,0.0,,31.0
9105477,24766,[CHI],big red one.,-1.0,determiner,31.0
9105497,24766,[CAR],big red one.,,,31.0
9105515,24766,[CHI],big red.,-1.0,"determiner, subject",31.0
9105529,24766,[CHI],red white blue.,-1.0,"determiner, subject",31.0
9105555,24766,[CHI],red and blue.,-1.0,"determiner, subject",31.0
9105574,24766,[CAR],red and blue.,,,31.0
9105593,24766,[CAR],red white and blue.,,,31.0
9105615,24766,[CHI],yes.,,,31.0
9105633,24766,[CHI],not blue red.,-1.0,"subject, verb",31.0
9105660,24766,[CAR],not blue red.,,,31.0
9105679,24766,[CHI],it's actually red.,1.0,,31.0
9105695,24766,[CAR],it's actually red.,,,31.0
9105720,24766,[CHI],yes.,,,31.0
9105733,24766,[CHI],big tummy.,-1.0,determiner,31.0
9105760,24766,[CHI],big red tummys.,-1.0,verb,31.0
9105783,24766,[CAR],big red tummys.,,,31.0
9105800,24766,[CAR],did you say it's actually red?,,,31.0
9105811,24766,[CHI],oh.,,,31.0
9105832,24766,[CHI],lights.,,,31.0
9105852,24766,[CHI],lights up here.,-1.0,"determiner, verb",31.0
9105875,24766,[CHI],lights.,,,31.0
9105895,24766,[CHI],big red light.,-1.0,determiner,31.0
9105913,24766,[CAR],big red light.,,,31.0
9105933,24766,[CAR],yes.,,,31.0
9105956,24766,[CAR],well they're reversing out of their drive aren't they?,,,31.0
9105990,24766,[CAR],they've put their car lights on.,,,31.0
9106010,24766,[CHI],oh look.,1.0,,31.0
9106033,24766,[CHI],look.,,,31.0
9106048,24766,[CAR],I'm looking.,,,31.0
9106063,24766,[CAR],they're going backwards aren't they?,,,31.0
9106080,24766,[CHI],p people are.,-1.0,"determiner, object",31.0
9106093,24766,[CHI],p a lot of children on it.,-1.0,verb,31.0
9106104,24766,[CAR],a lot of children on it.,,,31.0
9106123,24766,[CAR],there are two children sitting in the back of the car.,,,31.0
9106145,24766,[CAR],they're going now.,,,31.0
9106164,24766,[CAR],I think they're going to a bonfire somewhere.,,,31.0
9106185,24766,[CAR],because we saw them last year at Halloween.,,,31.0
9106212,24766,[CAR],do you remember?,,,31.0
9106228,24766,[CAR],carrying pumpkins with the lanterns inside.,,,31.0
9106239,24766,[CHI],saw them.,-1.0,subject,31.0
9106258,24766,[CHI],two red one.,-1.0,plural,31.0
9106280,24766,[CHI],to mean to.,-1.0,"subject, object, other",31.0
9106306,24766,[CHI],no no.,1.0,,31.0
9106329,24766,[CHI],not mean to.,-1.0,"subject, auxiliary, object",31.0
9106345,24766,[CHI],um big big loudly.,-1.0,"determiner, other, verb",31.0
9106365,24766,[CAR],did you say not mean to?,,,31.0
9106386,24766,[CHI],um it's too heavy for me.,1.0,,31.0
9106404,24766,[CAR],what's what's too heavy for you?,,,31.0
9106432,24766,[CHI],too heavy.,1.0,,31.0
9106446,24766,[CAR],excuse me.,,,31.0
9106461,24766,[CAR],do you mind not putting fingerprints on my windowpane you cheeky monkey?,,,31.0
9106487,24766,[CAR],oh.,,,31.0
9106514,24766,[CHI],baby.,,,31.0
9106541,24766,[CHI],a baby one.,0.0,,31.0
9106565,24766,[CAR],a baby one.,,,31.0
9106597,24766,[CAR],no banging the glass Thomas.,,,31.0
9106615,24766,[CAR],no.,,,31.0
9106636,24766,[CHI],one no baby one.,-1.0,"determiner, other",31.0
9106653,24766,[CHI],a baby one.,0.0,,31.0
9106671,24766,[CAR],no.,,,31.0
9106691,24766,[CAR],if you bang the glass and it breaks we'll hafta have it boarded up and then you won't be able to see anything at all will you?,,,31.0
9106716,24766,[CHI],one one bang.,-1.0,verb,31.0
9106741,24766,[CAR],one bang.,,,31.0
9106755,24766,[CHI],come back again.,0.0,,31.0
9106772,24766,[CAR],no.,,,31.0
9106787,24766,[CAR],it's a different car.,,,31.0
9106816,24766,[CAR],it's a car driving past but it's not the people that have just gone out.,,,31.0
9106851,24766,[CAR],right.,,,31.0
9106873,24766,[CAR],what's that?,,,31.0
9106898,24766,[CHI],Thomas_The_Tank_Engine.,1.0,,31.0
9106922,24766,[CAR],Thomas_The_Tank_Engine.,,,31.0
9106942,24766,[CAR],is it a train?,,,31.0
9106961,24766,[CHI],um Thomas_The_Tank_Engine too too heavy for me.,-1.0,verb,31.0
9106982,24766,[CAR],Thomas_The_Tank_Engine's too heavy for you.,,,31.0
9107003,24766,[CHI],um no.,1.0,,31.0
9107016,24766,[CHI],the sky too heavy for me.,-1.0,verb,31.0
9107036,24766,[CAR],the sky's too heavy for you.,,,31.0
9107055,24766,[CHI],oh.,,,31.0
9107071,24766,[CAR],yes.,,,31.0
9107085,24766,[CAR],you can't lift the sky up can you?,,,31.0
9107104,24766,[CHI],oh ouch.,,,31.0
9107119,24766,[CHI],get the ladder for me.,1.0,,31.0
9107138,24766,[CAR],get the ladder for you.,,,31.0
9107153,24766,[CHI],yes.,,,31.0
9107170,24766,[CHI],it's.,,,31.0
9107187,24766,[CHI],not reach something.,-1.0,"subject, auxiliary, other",31.0
9107202,24766,[CHI],um no reach them lights.,-1.0,"subject, auxiliary, other",31.0
9107220,24766,[CAR],can you not reach something.,,,31.0
9107238,24766,[CAR],you want a ladder to climb right up to the sky.,,,31.0
9107251,24766,[CHI],yes.,,,31.0
9107268,24766,[CAR],oh dear me.,,,31.0
9107288,24766,[CHI],reach the fireworks.,-1.0,"subject, tense_aspect",31.0
9107303,24766,[CAR],reach the fireworks.,,,31.0
9107322,24766,[CHI],yes.,,,31.0
9107339,24766,[CHI],in that window the light reach.,-1.0,"subject, other",31.0
9107363,24766,[CAR],no.,,,31.0
9107373,24766,[CAR],the thing is Thomas.,,,31.0
9107393,24766,[CAR],you can't touch fireworks.,,,31.0
9107409,24766,[CAR],anyway even if you could get a ladder right up to the sky to catch them you mustn't because they're hot.,,,31.0
9107434,24766,[CAR],they're made of fire.,,,31.0
9107454,24766,[CAR],they're burning.,,,31.0
9107476,24766,[CAR],look.,,,31.0
9107494,24766,[CAR],a pink one over there.,,,31.0
9107516,24766,[CAR],let's just see if there's another one.,,,31.0
9107549,24766,[CAR],oh orange green.,,,31.0
9107569,24766,[CAR],orange green.,,,31.0
9107591,24766,[CAR],you tell me.,,,31.0
9107614,24766,[CHI],pink.,,,31.0
9107636,24766,[CAR],pink.,,,31.0
9107667,24766,[CAR],they were pretty weren't they?,,,31.0
9107696,24766,[CHI],a br brown too.,-1.0,"subject, verb",31.0
9107724,24766,[CAR],brown too.,,,31.0
9107756,24766,[CHI],brown light.,-1.0,determiner,31.0
9107782,24766,[CHI],got the net done.,-1.0,subject,31.0
9107797,24766,[CAR],pardon.,,,31.0
9107814,24766,[CHI],get a net.,0.0,,31.0
9107842,24766,[CAR],get a net.,,,31.0
9107862,24766,[CHI],yes.,,,31.0
9107884,24766,[CAR],oh you wanna catch them now do you?,,,31.0
9107903,24766,[CHI],hm.,,,31.0
9107920,24766,[CAR],you don't wanna climb up to the sky on a ladder.,,,31.0
9107949,24766,[CAR],you wanna catch them as they fall out of the sky.,,,31.0
9107974,24766,[CAR],they'll still be very hot Thomas.,,,31.0
9107994,24766,[CAR],you still couldn't touch them.,,,31.0
9108018,24766,[CAR],and anyway all the patterns disappear don't they?,,,31.0
9108037,24766,[CHI],yes.,,,31.0
9108055,24766,[CAR],that was a crackling.,,,31.0
9108088,24766,[CAR],oh look.,,,31.0
9108105,24766,[CAR],Fred's outside light has gone on now.,,,31.0
9108126,24766,[CHI],another firework I think.,0.0,,31.0
9108140,24766,[CAR],another firework you think.,,,31.0
9108160,24766,[CHI],sorry red one.,-1.0,determiner,31.0
9108183,24766,[CHI],not mean to.,-1.0,"subject, auxiliary",31.0
9108232,24766,[CAR],sorry red one.,,,31.0
9108252,24766,[CAR],not mean to.,,,31.0
9108274,24766,[CAR],what do you mean?,,,31.0
9108293,24766,[CHI],um not reach.,-1.0,"subject, auxiliary",31.0
9108313,24766,[CHI],a take the ladder from the fire engine.,0.0,,31.0
9108331,24766,[CAR],you want the ladder from the fire engine.,,,31.0
9108360,24766,[CHI],no.,,,31.0
9108382,24766,[CHI],too dark for me.,-1.0,"subject, verb",31.0
9108411,24766,[CAR],it is too dark for you inside.,,,31.0
9108436,24766,[CAR],but we've got to have the lights off inside to be able to see what's going on outside.,,,31.0
9108475,24766,[CHI],ouch.,,,31.0
9108497,24766,[CAR],well I think now it's teatime and then after tea we'll listen to some more.,,,31.0
9108529,24766,[CAR],it sounds now as if there were some at the back of the house Thomas.,,,31.0
9108568,24766,[CAR],so let's go towards the patio and you can sit in your chair and you can look out of the window there.,,,31.0
9108594,24766,[CAR],okay.,,,31.0
9108614,24766,[CHI],no reach it.,-1.0,"subject, other",31.0
9108632,24766,[CAR],right.,,,31.0
9108658,24766,[CAR],let's put some lights on.,,,31.0
9108680,24766,[CHI],oh.,,,31.0
9108703,24766,[CHI],uhoh.,,,31.0
9108724,24766,[CHI],another red one.,0.0,,31.0
9108747,24766,[CHI],another red bang.,0.0,,31.0
9108769,24766,[CHI],bang.,,,31.0
9108793,24766,[CHI],light on now.,-1.0,"determiner, verb",31.0
9108808,24766,[CAR],hm.,,,31.0
9108831,24766,[CAR],just put the table lamp on.,,,31.0
9108852,24766,[CHI],heard a pink one then.,-1.0,subject,31.0
9108869,24766,[CAR],you heard a pink one.,,,31.0
9108892,24766,[CHI],yes.,,,31.0
9108917,24766,[CHI],see a red one.,-1.0,subject,31.0
9108944,24766,[CHI],pink one.,-1.0,determiner,31.0
9108958,24766,[CHI],big bang.,-1.0,determiner,31.0
9108974,24766,[CHI],bang.,,,31.0
9109008,24766,[CHI],bang.,,,31.0
9109026,24766,[CHI],stop Daddy.,0.0,,31.0
9109047,24766,[CHI],bang.,,,31.0
9109066,24766,[CHI],bang.,,,31.0
9109102,24766,[CHI],bang.,,,31.0
9109128,24766,[CAR],are you telling Daddy what's happening outside?,,,31.0
9109147,24766,[CHI],watch.,,,31.0
9109166,24766,[CHI],Daddy not awake.,-1.0,verb,31.0
9109186,24766,[CHI],look.,,,31.0
9109221,24766,[CAR],did you say Daddy's not awake?,,,31.0
9109247,24766,[CAR],I think he is Thomas.,,,31.0
9109267,24766,[CAR],with you making that noise.,,,31.0
9109287,24766,[CAR],right.,,,31.0
9109306,24766,[CHI],sorry red one.,-1.0,determiner,31.0
9109327,24766,[CAR],it's a shame it's raining Thomas.,,,31.0
9109345,24766,[CAR],because a lot people standing outside watching the fireworks will be getting wet now won't they?,,,31.0
9109370,24766,[CHI],um the fire one fire engine.,0.0,,31.0
9109392,24766,[CAR],oh that's right.,,,31.0
9109411,24766,[CAR],you get your fire engine ready.,,,31.0
9109434,24766,[CHI],oh.,,,31.0
9109452,24766,[CHI],sorry fire engine.,-1.0,subject,31.0
9109503,24766,[CHI],yes please.,1.0,,31.0
9109525,24766,[CHI],get a ladder for me reach the firework.,-1.0,preposition,31.0
9109544,24766,[CHI],for me.,-1.0,other,31.0
9109561,24766,[CHI],reach.,,,31.0
9109575,24766,[CHI],one Mummy.,-1.0,preposition,31.0
9109592,24766,[CHI],one for Thomas.,1.0,,31.0
9109611,24766,[CHI],one for Daddy too.,1.0,,31.0
9109634,24766,[CAR],you're asking the fireman.,,,31.0
9109656,24766,[CHI],too.,,,31.0
9109677,24766,[CAR],you're asking the fireman for ladders.,,,31.0
9109697,24766,[CAR],one for you.,,,31.0
9109724,24766,[CAR],one for Mummy and one for Daddy.,,,31.0
9109743,24766,[CHI],yes.,,,31.0
9109757,24766,[CAR],is that so we can all go up to the sky?,,,31.0
9109781,24766,[CHI],oh.,,,31.0
9109797,24766,[CHI],one firework.,0.0,,31.0
9109817,24766,[CHI],fire.,,,31.0
9109841,24766,[CHI],one firework not.,-1.0,"verb, object",31.0
9109865,24766,[CAR],sorry.,,,31.0
9109881,24766,[CHI],reach the ladder for me.,1.0,,31.0
9109897,24766,[CHI],reach.,,,31.0
9109913,24766,[CHI],it's very hot.,1.0,,31.0
9109931,24766,[CAR],very hot.,,,31.0
9109956,24766,[CHI],hm.,,,31.0
9109971,24766,[CAR],it's very hot.,,,31.0
9109992,24766,[CHI],hm.,,,31.0
9110012,24766,[CHI],sorry firework.,-1.0,"subject, verb, determiner",31.0
9110034,24766,[CHI],problem.,,,31.0
9110074,24766,[CHI],a problem.,0.0,,31.0
9110100,24766,[CHI],problem.,,,31.0
9110118,24766,[CAR],there's a problem.,,,31.0
9110133,24766,[CHI],yes.,,,31.0
9110167,24766,[CAR],oh what's the problem Thomas?,,,31.0
9110198,24766,[CHI],um the fireworks problem.,1.0,,31.0
9110219,24766,[CAR],there's a firework problem.,,,31.0
9110241,24766,[CAR],oh do you think there's going to be problems?,,,31.0
9110301,24766,[CAR],do you think there's going to be problems and we need the fire engine.,,,31.0
9110331,24766,[CAR],oh Thomas quickly.,,,31.0
9110349,24766,[CAR],come this way sweetheart.,,,31.0
9110365,24766,[CHI],this way.,1.0,,31.0
9110383,24766,[CHI],come this way.,1.0,,31.0
9110403,24766,[CAR],come this way.,,,31.0
9110423,24766,[CAR],oh.,,,31.0
9110443,24766,[CAR],I think we can hear them rather than see them this way can't we?,,,31.0
9110462,24766,[CHI],problem.,,,31.0
9110480,24766,[CHI],problem that way.,-1.0,"determiner, verb",31.0
9110502,24766,[CHI],problem that way.,-1.0,"determiner, verb",31.0
9110518,24766,[CAR],there's a problem that way.,,,31.0
9110536,24766,[CHI],problem.,,,31.0
9110548,24766,[CHI],no bite the fire engine.,-1.0,"auxiliary, other",31.0
9110563,24766,[CHI],oh.,,,31.0
9110578,24766,[CAR],no bite the fire engine.,,,31.0
9110602,24766,[CAR],I don't think they'll bite the fire engine do you?,,,31.0
9110624,24766,[CHI],a chip pan.,0.0,,31.0
9110648,24766,[CHI],chip and the peas.,-1.0,determiner,31.0
9110666,24766,[CHI],fire.,,,31.0
9110682,24766,[CAR],are you talking about a chip pan and then you were talking about chips and peas putting the fire out.,,,31.0
9110713,24766,[CHI],hm hm.,1.0,,31.0
9110733,24766,[CHI],yes.,,,31.0
9110769,24766,[CAR],so poor Fireman_Sam as well as being busy putting bonfires out is he having to deal with a chip pan fire like the one that Aunty_Mabel and Pippin had.,,,31.0
9110797,24766,[CHI],yes.,,,31.0
9110817,24766,[CAR],oh dear.,,,31.0
9110825,24766,[CAR],he's busy isn't he?,,,31.0
9110844,24766,[CHI],got the step cab.,-1.0,subject,31.0
9110863,24766,[CAR],he has got out his cab.,,,31.0
9110894,24766,[CHI],got the step.,-1.0,subject,31.0
9110922,24766,[CHI],watch the fireworks.,0.0,,31.0
9110943,24766,[CAR],oh he's standing on the step to watch the fireworks.,,,31.0
9110963,24766,[CHI],um watch out Fireman_Sam.,1.0,,31.0
9110981,24766,[CHI],watch.,,,31.0
9111000,24766,[CAR],watch out Fireman_Sam.,,,31.0
9111028,24766,[CAR],are you telling him to be careful?,,,31.0
9111048,24766,[CHI],careful not fall down bump head.,-1.0,"verb, tense_aspect",31.0
9111068,24766,[CAR],no.,,,31.0
9111078,24766,[CAR],he won't fall down and bump his head he has got his Fireman_Sam helmet on.,,,31.0
9111099,24766,[CHI],see the firework.,0.0,subject,31.0
9111118,24766,[CAR],did you hear that one?,,,31.0
9111164,24766,[CAR],that was another crackly one wasn't it?,,,31.0
9111184,24766,[CHI],not chip.,-1.0,determiner,31.0
9111211,24766,[CHI],not the chip pan.,-1.0,"subject, verb",31.0
9111231,24766,[CHI],no.,,,31.0
9111250,24766,[CHI],drove off now.,-1.0,subject,31.0
9111272,24766,[CAR],he has driven off now has he?,,,31.0
9111299,24766,[CHI],Pippin chip pan on.,-1.0,verb,31.0
9111317,24766,[CHI],Pip Pippin.,0.0,,31.0
9111335,24766,[CHI],a Pippin house.,0.0,,31.0
9111355,24766,[CAR],Pippin's house.,,,31.0
9111379,24766,[CAR],do you think Aunty_Mabel's having any fireworks?,,,31.0
9111419,24766,[CAR],do you think she is?,,,31.0
9111440,24766,[CAR],the trouble is Pippin's a dog and Pippin?,,,31.0
9111465,24766,[CHI],no.,,,31.0
9111490,24766,[CHI],not have the firework.,-1.0,"subject, auxiliary",31.0
9111513,24766,[CAR],you've got to keep animals on bonfire night Thomas.,,,31.0
9111534,24766,[CAR],it's very frightening for them isn't it?,,,31.0
9111555,24766,[CHI],oh.,,,31.0
1562486,6877,[CAR],ahh.,,,54.0
1562497,6877,[CHI],it's a new one.,1.0,,54.0
1562509,6877,[CAR],what?,,,54.0
1562520,6877,[CAR],it is a different one.,,,54.0
1562533,6877,[CAR],what is that?,,,54.0
1562544,6877,[CHI],it's a lobster.,1.0,,54.0
1562552,6877,[CAR],oh.,,,54.0
1562563,6877,[CAR],how can you tell?,,,54.0
1562575,6877,[CHI],because they have.,-1.0,object,54.0
1562583,6877,[CAR],the claws.,,,54.0
1562595,6877,[CHI],yeah.,,,54.0
1562607,6877,[CAR],remember what you used to call the lobsters when you were little?,,,54.0
1562620,6877,[CHI],no.,,,54.0
1562631,6877,[CAR],you don't remember what you ca-called lobsters?,,,54.0
1562658,6877,[CAR],you called them monsters.,,,54.0
1562672,6877,[CHI],monsters?,,,54.0
1562682,6877,[CAR],you always wanted to see the monsters at Meijer.,,,54.0
1562696,6877,[CHI],why?,,,54.0
1562707,6877,[CAR],because they were always swimming in the tank remember?,,,54.0
1562724,6877,[CAR],and you'd say let's see the monsters.,,,54.0
1562737,6877,[CAR],and then we'd go to the monsters.,,,54.0
1562750,6877,[CAR],and what would you say?,,,54.0
1562762,6877,[CHI],monsters.,,,54.0
1562775,6877,[CAR],you'd say oh they smell.,,,54.0
1562787,6877,[CAR],they're stinky.,,,54.0
1562802,6877,[CAR],have you ever eaten lobster?,,,54.0
1562819,6877,[CHI],no.,,,54.0
1562832,6877,[CAR],did you know that people eat lobsters?,,,54.0
1562852,6877,[CHI],no.,,,54.0
1562865,6877,[CAR],can you imagine eating that thing?,,,54.0
1562878,6877,[CAR],you'd think it would be pretty crunchy wouldn't it.,,,54.0
1562897,6877,[CAR],but you know what you don't eat the outside.,,,54.0
1562909,6877,[CAR],you break it and inside is meat.,,,54.0
1562924,6877,[CHI],mm.,,,54.0
1562932,6877,[CAR],and it's very tasty.,,,54.0
1562946,6877,[CAR],you know how people eat lobster?,,,54.0
1562960,6877,[CHI],mm-mm.,,,54.0
1562972,6877,[CAR],they dip it in melted butter.,,,54.0
1562991,6877,[CAR],you know what though?,,,54.0
1563236,6877,[CAR],hold on.,,,54.0
1563259,6877,[CAR],I don't like lobster.,,,54.0
1563268,6877,[CAR],it doesn't taste very good to Mama.,,,54.0
1563288,6877,[CHI],but it taste?,-1.0,sv_agreement,54.0
1563303,6877,[CHI],that's yummy.,1.0,,54.0
1563319,6877,[CAR],hold on I think we skipped one.,,,54.0
1563337,6877,[CAR],oh my goodness.,,,54.0
1563345,6877,[CAR],what is that?,,,54.0
1563356,6877,[CHI],a pony.,1.0,,54.0
1563362,6877,[CAR],a pony.,,,54.0
1563371,6877,[CAR],how could you tell it's a pony and not a a a grown up horse?,,,54.0
1563384,6877,[CHI],because it's small.,1.0,,54.0
1563391,6877,[CAR],it does look smaller huh?,,,54.0
1563398,6877,[CAR],it's got really long legs compared to its body.,,,54.0
1563404,6877,[CAR],so it must be a smaller-it's a baby baby pony.,,,54.0
1563419,6877,[CAR],a baby horse.,,,54.0
1563432,6877,[CAR],you know what they call a baby horse?,,,54.0
1563446,6877,[CHI],no.,,,54.0
1563452,6877,[CAR],they call it a colt.,,,54.0
1563464,6877,[CHI],what's a colt?,1.0,,54.0
1563472,6877,[CAR],that's just a baby horse.,,,54.0
1563484,6877,[CAR],and then it grows up and it becomes a horse.,,,54.0
1563497,6877,[CAR],what does a horse say?,,,54.0
1563531,6877,[CAR],do?,,,54.0
1563540,6877,[CHI],I'm making a horse.,0.0,,54.0
1563552,6877,[CAR],you're drawing around it?,,,54.0
1563565,6877,[CHI],yeah.,,,54.0
1563575,6877,[CAR],well how many legs does a horse have?,,,54.0
1563586,6877,[CHI],four.,,,54.0
1563597,6877,[CAR],yeah and what about-what what's this?,,,54.0
1563610,6877,[CHI],a tail.,1.0,,54.0
1563626,6877,[CAR],it's its tail.,,,54.0
1563637,6877,[CAR],looks like a short little tail huh?,,,54.0
1563649,6877,[CHI],yeah.,,,54.0
1563657,6877,[CAR],usually horses have?,,,54.0
1563668,6877,[CAR],how long is a regular horse's tail?,,,54.0
1563681,6877,[CHI],this long.,1.0,,54.0
1563690,6877,[CAR],yeah like you show me on here?,,,54.0
1563709,6877,[CHI],yeah.,,,54.0
1563721,6877,[CAR],how long would it be?,,,54.0
1563747,6877,[CAR],see now I would think that it would go like this.,,,54.0
1563765,6877,[CAR],all the way down to maybe his right down to here.,,,54.0
1563790,6877,[CHI],yeah.,,,54.0
1563814,6877,[CAR],where'd the what do they use the horse what does the horse use his tail for?,,,54.0
1563836,6877,[CHI],to wag it.,1.0,,54.0
1563852,6877,[CAR],to wag his tail?,,,54.0
1563867,6877,[CAR],like a dog?,,,54.0
1563881,6877,[CHI],no.,,,54.0
1563896,6877,[CAR],no.,,,54.0
1563914,6877,[CAR],what do you think?,,,54.0
1563927,6877,[CHI],I don't know.,1.0,,54.0
1563937,6877,[CAR],maybe what if there's like a fly that lands on him?,,,54.0
1563950,6877,[CAR],how does he get rid of the fly?,,,54.0
1563967,6877,[CHI],he kicks it off.,1.0,,54.0
1563982,6877,[CAR],he kicks it off?,,,54.0
1563996,6877,[CAR],you think his foot could reach up to his back?,,,54.0
1564013,6877,[CHI],no.,,,54.0
1564028,6877,[CAR],what about his tail could swish it off.,,,54.0
1564044,6877,[CHI],yeah.,,,54.0
1564054,6877,[CAR],that's what a lot of times I think that's what they use their tail for.,,,54.0
1564077,6877,[CAR],swish it off.,,,54.0
1564113,6877,[CAR],and you know some horses get really fancy.,,,54.0
1564139,6877,[CAR],they braid the tails.,,,54.0
1564161,6877,[CAR],and they braid this part of the mane right there.,,,54.0
1564181,6877,[CHI],why?,,,54.0
1564198,6877,[CAR],and they put ribbons in it.,,,54.0
1564214,6877,[CAR],for fancy shows.,,,54.0
1564228,6877,[CAR],wouldn't that be cool?,,,54.0
1564243,6877,[CAR],whoa what's that?,,,54.0
1564253,6877,[CHI],popcorn.,,,54.0
1564268,6877,[CHI],and it's healthy.,1.0,,54.0
1564282,6877,[CAR],it's healthy?,,,54.0
1564299,6877,[CHI],but not really healthy.,1.0,,54.0
1564314,6877,[CAR],well it depends on how you cook it.,,,54.0
1564355,6877,[CAR],if you cook it with a lot of butter not very healthy.,,,54.0
1564371,6877,[CAR],but if you cook it with just a little butter popcorn's very healthy.,,,54.0
1564392,6877,[CAR],it's got lots of stuff in it good for your body.,,,54.0
1564408,6877,[CAR],especially fiber.,,,54.0
1564421,6877,[CAR],do you know what fiber does?,,,54.0
1564434,6877,[CHI],no.,,,54.0
1564447,6877,[CAR],makes your poopy soft.,,,54.0
1564467,6877,[CAR],not ready to turn it yet.,,,54.0
1564492,6877,[CAR],what do you like to eat popcorn?,,,54.0
1564510,6877,[CAR],when do you like to eat popcorn?,,,54.0
1564530,6877,[CHI],when it's when a movie's starting.,1.0,,54.0
1564540,6877,[CAR],of course you gotta have popcorn at the movie.,,,54.0
1564555,6877,[CAR],you know where else I think you guys like to eat popcorn?,,,54.0
1564574,6877,[CHI],no.,,,54.0
1564590,6877,[CAR],target.,,,54.0
1564604,6877,[CAR],you guys always have to have Target popcorn.,,,54.0
1564614,6877,[CHI],why?,,,54.0
1564624,6877,[CAR],did you know there are different ways of making popcorn?,,,54.0
1564644,6877,[CHI],no.,,,54.0
1564655,6877,[CAR],you can make it how do we make popcorn?,,,54.0
1564672,6877,[CHI],we pop it.,1.0,,54.0
1564684,6877,[CHI],I don't know.,1.0,,54.0
1564693,6877,[CAR],what do we put it in to pop it?,,,54.0
1564718,6877,[CHI],in the high thing.,1.0,,54.0
1564725,6877,[CAR],what's the thing called?,,,54.0
1564748,6877,[CHI],I don't know.,1.0,,54.0
1564757,6877,[CAR],microwave?,,,54.0
1564776,6877,[CAR],yeah.,,,54.0
1564787,6877,[CAR],but you know what?,,,54.0
1564797,6877,[CAR],when I was little they didn't you didn't pop popcorn in the microwave.,,,54.0
1564818,6877,[CAR],you know how you popped it?,,,54.0
1564845,6877,[CAR],there was a machine that you popped it in.,,,54.0
1564861,6877,[CAR],you put you put it in a machine and it gets hot and it pops the popcorn out.,,,54.0
1564885,6877,[CAR],you know how it used to be when my mom-before we had that kind of a machine?,,,54.0
1564906,6877,[CHI],mm-mm.,1.0,,54.0
1564917,6877,[CAR],you used to pop it in a in a pot on the stove.,,,54.0
1564931,6877,[CAR],and you know what you do?,,,54.0
1564939,6877,[CAR],you get a big pot a big pot with a handle.,,,54.0
1564954,6877,[CAR],and you put some oil inside.,,,54.0
1564962,6877,[CAR],and you throw some popcorn inside that hasn't popped yet.,,,54.0
1564974,6877,[CAR],and you put the lid on.,,,54.0
1564983,6877,[CAR],and you turn the heat on.,,,54.0
1564995,6877,[CAR],and you know what you do?,,,54.0
1565007,6877,[CAR],you shake it shake it and shake it and shake it and shake it over the heat.,,,54.0
1565022,6877,[CAR],so that it didn't burn but you had to shake it.,,,54.0
1565034,6877,[CAR],and guess what.,,,54.0
1565045,6877,[CAR],it popped the popcorn.,,,54.0
1565055,6877,[CAR],and that always tasted good to me that way.,,,54.0
1565064,6877,[CAR],and then we'd take melted butter on put it on there.,,,54.0
1565077,6877,[CAR],oh.,,,54.0
1565088,6877,[CHI],ow.,,,54.0
1565097,6877,[CAR],what's that?,,,54.0
1565108,6877,[CHI],a crocodile.,1.0,,54.0
1565120,6877,[CAR],yeah or an alligator.,,,54.0
1565130,6877,[CAR],one of the two.,,,54.0
1565143,6877,[CAR],who was telling us all about the alligator farm?,,,54.0
1565158,6877,[CHI],I don't know.,1.0,,54.0
1565170,6877,[CAR],you don't remember?,,,54.0
1565194,6877,[CAR],the alligator farm in Florida?,,,54.0
1565216,6877,[CAR],I remember Firstname was telling us all about the alligator farm.,,,54.0
1565228,6877,[CAR],were you listening when he told told what they were eating?,,,54.0
1565237,6877,[CHI],mm-hm.,,,54.0
1565245,6877,[CAR],what we they eating?,,,54.0
1565260,6877,[CHI],I don't know.,1.0,,54.0
1565267,6877,[CAR],remember he said they were they they were throwing him dead chickens?,,,54.0
1565283,6877,[CHI],yeah.,,,54.0
1565295,6877,[CAR],can you imagine the crocodile ate the whole chicken?,,,54.0
1565317,6877,[CAR],they must like chickens huh?,,,54.0
1565328,6877,[CAR],and it wasn't even cooked or anything.,,,54.0
1565340,6877,[CAR],and one of the guys was wrestling the alligator?,,,54.0
1565355,6877,[CAR],would you like to get close to that alligator?,,,54.0
1565367,6877,[CHI],mm-mm.,,,54.0
1565378,6877,[CAR],what does it look like he wants to do?,,,54.0
1565389,6877,[CHI],eat it.,1.0,,54.0
1565398,6877,[CAR],eat it.,,,54.0
1565408,6877,[CAR],eat you huh?,,,54.0
1565418,6877,[CAR],he'd snap your arm right off or something.,,,54.0
1565434,6877,[CAR],do you know where crocodiles live?,,,54.0
1565446,6877,[CHI],mm-mm.,,,54.0
1565457,6877,[CAR],do they live in the desert?,,,54.0
1565471,6877,[CHI],no.,,,54.0
1565483,6877,[CAR],no where do they live?,,,54.0
1565489,6877,[CHI],I don't know.,1.0,,54.0
1565499,6877,[CAR],you have no idea?,,,54.0
1565522,6877,[CAR],well do they live in trees?,,,54.0
1565536,6877,[CHI],no.,,,54.0
1565546,6877,[CAR],no because how could they get up in the trees?,,,54.0
1565560,6877,[CAR],do they live in a house?,,,54.0
1565663,6877,[CHI],no.,,,54.0
1565844,6877,[CAR],do they live in water?,,,54.0
1565987,6877,[CAR],they do.,,,54.0
1566003,6877,[CAR],they do live in water.,,,54.0
1566020,6877,[CHI],what are alligators?,1.0,,54.0
1566037,6877,[CAR],they probably can get fish in the water.,,,54.0
1566073,6877,[CHI],what are what are alligators?,1.0,,54.0
1566088,6877,[CAR],what about alligators?,,,54.0
1566099,6877,[CHI],what are they?,1.0,,54.0
1566109,6877,[CAR],what are they?,,,54.0
1566117,6877,[CHI],yeah.,,,54.0
1566128,6877,[CAR],they're like uh they're called reptiles.,,,54.0
1566135,6877,[CAR],you know that alligators lay eggs?,,,54.0
1566149,6877,[CAR],that's how they have their babies.,,,54.0
1566155,6877,[CHI],oh.,,,54.0
1566161,6877,[CAR],you know that?,,,54.0
1566169,6877,[CAR],like snakes.,,,54.0
1566176,6877,[CAR],and like chickens.,,,54.0
1566182,6877,[CAR],they lay little eggs.,,,54.0
1566191,6877,[CAR],and when a baby baby alligator is born it's probably not going to hurt you because he's so little huh?,,,54.0
1566205,6877,[CAR],this one looks like it's a full grown hungry alligator.,,,54.0
1566218,6877,[CAR],stay away from the alligators.,,,54.0
1566229,6877,[CHI],mama?,,,54.0
1566238,6877,[CAR],uh huh.,,,54.0
1566247,6877,[CHI],I saw uh this uh pre tend alligator.,0.0,,54.0
1566260,6877,[CAR],where?,,,54.0
1566272,6877,[CHI],I don't remember.,1.0,,54.0
1566283,6877,[CAR],but you saw a pretend one?,,,54.0
1566292,6877,[CAR],you know when we were at the Toledo zoo we saw a real one.,,,54.0
1566316,6877,[CAR],did you see the real one?,,,54.0
1566326,6877,[CAR],but it was behind glass so it wasn't too scary.,,,54.0
1566335,6877,[CHI],oh.,,,54.0
1566343,6877,[CAR],do you remember that?,,,54.0
1566357,6877,[CAR],mm-hm.,,,54.0
1566368,6877,[CAR],yeah.,,,54.0
1566375,6877,[CHI],well well where were we?,1.0,,54.0
1566384,6877,[CAR],uh the Toledo zoo.,,,54.0
1566395,6877,[CAR],it's in the same spot where the snakes are.,,,54.0
1566408,6877,[CAR],snakes and the turtles.,,,54.0
1566420,6877,[CAR],hm.,,,54.0
1566426,6877,[CAR],we'll have to go again and figure it out huh?,,,54.0
1566435,6877,[CAR],what do you think?,,,54.0
1566446,6877,[CHI],yeah.,,,54.0
1566454,6877,[CAR],does his skin look like it would be very soft to pet?,,,54.0
1566466,6877,[CHI],no.,,,54.0
1566475,6877,[CAR],how does it look?,,,54.0
1566484,6877,[CHI],it looks bumpy.,1.0,,54.0
1566491,6877,[CAR],it looks really bumpy like it would be scratchy and stuff.,,,54.0
1566512,6877,[CHI],mm-hm.,,,54.0
1566523,6877,[CAR],yeah I'd stay away from the alligator.,,,54.0
1566535,6877,[CAR],ready?,,,54.0
1566545,6877,[CHI],mm-hm.,,,54.0
1566554,6877,[CAR],what's that?,,,54.0
1566565,6877,[CHI],a clown.,1.0,,54.0
1566577,6877,[CAR],how can you tell it's a clown?,,,54.0
1566591,6877,[CHI],because it has a red nose.,1.0,,54.0
1566605,6877,[CAR],a red nose.,,,54.0
1566616,6877,[CAR],what else does he have?,,,54.0
1566633,6877,[CHI],I don't know.,1.0,,54.0
1566645,6877,[CHI],funny hair.,1.0,,54.0
1566658,6877,[CAR],really funny hair.,,,54.0
1566672,6877,[CAR],what else?,,,54.0
1566686,6877,[CHI],because he's making a funny face.,1.0,,54.0
1566703,6877,[CAR],that's true.,,,54.0
1566719,6877,[CHI],and a big bow.,1.0,,54.0
1566729,6877,[CAR],he does have a big bow.,,,54.0
1566742,6877,[CAR],sometimes you can tell because they got really funny clothes huh?,,,54.0
1566753,6877,[CAR],look at his little tiny hat.,,,54.0
1566769,6877,[CAR],they usually have huge giant shoes.,,,54.0
1566779,6877,[CAR],make their feet look really big.,,,54.0
1566789,6877,[CHI],yeah.,,,54.0
1566801,6877,[CAR],why do you think his fingers are in his ears?,,,54.0
1566813,6877,[CHI],because he's making a a funny face.,1.0,,54.0
1566822,6877,[CAR],can you make a funny face?,,,54.0
1566842,6877,[CAR],you gotta do more than just fingers in your ears dontcha?,,,54.0
1566854,6877,[CHI],yeah.,,,54.0
1566864,6877,[CAR],you gotta make a silly face on top of it.,,,54.0
1566873,6877,[CAR],have you ever seen a clown?,,,54.0
1566897,6877,[CHI],no.,,,54.0
1566903,6877,[CAR],I don't think we have.,,,54.0
1566913,6877,[CAR],I think you're right.,,,54.0
1566923,6877,[CAR],we have not seen a clown.,,,54.0
1566931,6877,[CAR],where would you see a clown at?,,,54.0
1566942,6877,[CHI],the circus.,1.0,,54.0
1566950,6877,[CAR],mm-hm and we've never been to the circus.,,,54.0
1566958,6877,[CHI],when?,,,54.0
1566971,6877,[CAR],we just never have been to the circus.,,,54.0
1566983,6877,[CHI],but where are are circuses?,1.0,,54.0
1566991,6877,[CAR],well they come to town every once in awhile.,,,54.0
1567002,6877,[CAR],we just have never been to a circus.,,,54.0
1567012,6877,[CAR],but yep that would be a lot of fun.,,,54.0
1567024,6877,[CAR],mm-hm what's this?,,,54.0
1567031,6877,[CHI],a teacher.,1.0,,54.0
1567042,6877,[CAR],how can you tell?,,,54.0
1567059,6877,[CHI],because it has a skirt and a shirt and pink shoes.,1.0,,54.0
1567076,6877,[CAR],and she's writing on the chalkboard?,,,54.0
1567089,6877,[CHI],yeah.,,,54.0
1567098,6877,[CAR],mm-hm.,,,54.0
1567108,6877,[CAR],what do you think she's teaching?,,,54.0
1567122,6877,[CHI],I don't know.,1.0,,54.0
1567132,6877,[CAR],do you know?,,,54.0
1567144,6877,[CHI],no.,,,54.0
1567153,6877,[CAR],you know what I think she's teaching al-uh geometry.,,,54.0
1567167,6877,[CAR],which you don't know what that is.,,,54.0
1567181,6877,[CAR],but it's a kind of a math.,,,54.0
1567194,6877,[CAR],do you think she's smart?,,,54.0
1567205,6877,[CHI],mm-hm.,,,54.0
1567213,6877,[CAR],how can you tell?,,,54.0
1567223,6877,[CHI],because she has glasses.,1.0,,54.0
1567237,6877,[CAR],do glasses make you smart?,,,54.0
1567259,6877,[CAR],that means we're very smart huh?,,,54.0
1567268,6877,[CHI],mm.,,,54.0
1567287,6877,[CAR],oh you don't want to look at her clothes?,,,54.0
1567309,6877,[CAR],she had the most beautiful red shoes.,,,54.0
1567322,6877,[CAR],did you see her shoes?,,,54.0
1567332,6877,[CHI],yes.,,,54.0
1567343,6877,[CAR],okay.,,,54.0
1567355,6877,[CHI],a cake.,0.0,,54.0
1567364,6877,[CAR],cake?,,,54.0
1567374,6877,[CAR],what kind of cake is it?,,,54.0
1567388,6877,[CHI],chocolate cake.,1.0,,54.0
1567396,6877,[CAR],is it chocolate cake?,,,54.0
1567408,6877,[CAR],it's got chocolate frosting.,,,54.0
1567419,6877,[CAR],what kind of cake is it inside?,,,54.0
1567429,6877,[CHI],mm mm mm.,0.0,,54.0
1567440,6877,[CAR],what color is it?,,,54.0
1567449,6877,[CHI],yellow.,,,54.0
1567457,6877,[CAR],yellow cake with chocolate frosting.,,,54.0
1567471,6877,[CHI],mm-hm.,,,54.0
1567482,6877,[CAR],that's the kind that's your daddy's favorite.,,,54.0
1567492,6877,[CAR],you know that?,,,54.0
1567504,6877,[CHI],no.,,,54.0
1567513,6877,[CAR],it is.,,,54.0
1567523,6877,[CAR],yellow cake with chocolate frosting.,,,54.0
1567531,6877,[CAR],and a big glass of milk.,,,54.0
1567540,6877,[CAR],do you think it was somebody's birthday cake?,,,54.0
1567553,6877,[CHI],mm-hm.,,,54.0
1567564,6877,[CAR],how why do you think so?,,,54.0
1567572,6877,[CHI],no?,,,54.0
1567586,6877,[CAR],why not?,,,54.0
1567598,6877,[CHI],because it's pretend.,1.0,,54.0
1567609,6877,[CHI],see.,,,54.0
1567621,6877,[CHI],yuck!,,,54.0
1567631,6877,[CAR],no you can't really eat it no.,,,54.0
1567644,6877,[CAR],you know if it was someone's birthday cake I bet ya there'd be like a candle on it or something.,,,54.0
1567659,6877,[CAR],don't you?,,,54.0
1567683,6877,[CAR],sometimes people just have cake for dessert?,,,54.0
1567692,6877,[CAR],do we have cake for dessert?,,,54.0
1567832,6877,[CHI],yes.,,,54.0
1568892,6877,[CAR],do we?,,,54.0
1569448,6877,[CHI],mm-hm.,,,54.0
1569456,6877,[CAR],usually only when it's dessert for someone's birthday.,,,54.0
1569516,6877,[CHI],yeah.,,,54.0
1569585,6877,[CAR],what is your favorite kind of cake?,,,54.0
1569598,6877,[CHI],mm the square cake.,1.0,,54.0
1569604,6877,[CAR],square cake?,,,54.0
1569620,6877,[CAR],well what flavor?,,,54.0
1569631,6877,[CHI],hm.,,,54.0
1569638,6877,[CAR],can't hear you when you've got your finger in your mouth.,,,54.0
1569653,6877,[CAR],what's your favorite flavor of cake?,,,54.0
1569666,6877,[CHI],strawberry.,,,54.0
1569682,6877,[CAR],strawberry.,,,54.0
1569695,6877,[CAR],with what kind of frosting?,,,54.0
1569714,6877,[CHI],white.,,,54.0
1569727,6877,[CAR],with white frosting?,,,54.0
1569744,6877,[CAR],sounds good to me.,,,54.0
1569754,6877,[CAR],I remember when you were turning three you had to have pink cake pink frosting and pink sprinkles and pink candles.,,,54.0
1569768,6877,[CHI],why?,,,54.0
1569778,6877,[CAR],I don't know.,,,54.0
1569786,6877,[CAR],you were my pink girl then.,,,54.0
1569794,6877,[CAR],that's why we started calling you.,,,54.0
1569814,6877,[CHI],pink.,,,54.0
1569818,6877,[CHI],it looks like pink.,1.0,,54.0
1569830,6877,[CAR],kind of.,,,54.0
1569850,6877,[CAR],it looks a little more it looks more red to me but?,,,54.0
1569866,6877,[CHI],no.,,,54.0
1569876,6877,[CAR],okay.,,,54.0
1569885,6877,[CAR],well you got?,,,54.0
1569896,6877,[CHI],dark pink.,1.0,,54.0
1569907,6877,[CAR],well you got pink pony tails in.,,,54.0
1569916,6877,[CHI],and pink on my shirt.,1.0,,54.0
1569928,6877,[CAR],pink flowers on your shirt.,,,54.0
1569942,6877,[CAR],are you ready to turn the page?,,,54.0
1569954,6877,[CAR],okay.,,,54.0
1569964,6877,[CAR],oh what's that?,,,54.0
1569978,6877,[CHI],a orange.,-1.0,determiner,54.0
1569991,6877,[CHI],it's healthy.,1.0,,54.0
1570010,6877,[CAR],it is healthy you're right.,,,54.0
1570019,6877,[CAR],is it what kind of a food is it?,,,54.0
1570032,6877,[CAR],is it is it a vegetable?,,,54.0
1570044,6877,[CHI],no.,,,54.0
1570057,6877,[CAR],what is it?,,,54.0
1570069,6877,[CHI],a fruit.,1.0,,54.0
1570081,6877,[CAR],it is a fruit.,,,54.0
1570100,6877,[CAR],what do they d-what do people do with oranges?,,,54.0
1570118,6877,[CHI],I don't know.,1.0,,54.0
1570130,6877,[CAR],what?,,,54.0
1570147,6877,[CHI],eat it.,1.0,,54.0
1570156,6877,[CAR],you eat it.,,,54.0
1570171,6877,[CAR],how do you eat it first?,,,54.0
1570186,6877,[CHI],mama sometimes I like oranges on birthday cake.,1.0,,54.0
1570199,6877,[CAR],oranges on birthday cake?,,,54.0
1570216,6877,[CHI],maybe it would taste yummy.,1.0,,54.0
1570232,6877,[CAR],I don't know.,,,54.0
1570247,6877,[CHI],maybe just the juice.,1.0,,54.0
1570264,6877,[CAR],ew well maybe if you mixed it in with the frosting.,,,54.0
1570282,6877,[CHI],mm-hm.,,,54.0
1570295,6877,[CAR],well how do you eat an a an orange?,,,54.0
1570309,6877,[CAR],do you just go right at it like an apple?,,,54.0
1570325,6877,[CHI],no.,,,54.0
1570339,6877,[CAR],how come?,,,54.0
1570353,6877,[CHI],because it's yucky skin.,1.0,,54.0
1570368,6877,[CAR],so you have-what do you have to do with it?,,,54.0
1570379,6877,[CHI],peel it off.,1.0,,54.0
1570394,6877,[CAR],peel the skin off?,,,54.0
1570407,6877,[CAR],well what do you-what else-so you can peel the skin off and eat it.,,,54.0
1570421,6877,[CAR],what else can you do with an orange?,,,54.0
1570441,6877,[CHI],I don't know.,1.0,,54.0
1570447,6877,[CAR],can you juice it?,,,54.0
1570474,6877,[CAR],and make what?,,,54.0
1570487,6877,[CHI],I don't know.,1.0,,54.0
1570497,6877,[CAR],orange juice.,,,54.0
1570509,6877,[CHI],yes.,,,54.0
1570523,6877,[CAR],who likes orange juice?,,,54.0
1570541,6877,[CHI],me.,,,54.0
1570549,6877,[CAR],you know that Mommy when she was little when she grew up she had four orange trees in her yard.,,,54.0
1570570,6877,[CHI],no.,,,54.0
1570583,6877,[CAR],and every year we would get new oranges that grew on the tree.,,,54.0
1570598,6877,[CAR],and you could just pick them right off the tree.,,,54.0
1570616,6877,[CAR],and we could eat them in the morning and they would still be cold from the night.,,,54.0
1570637,6877,[CAR],they were my favorite.,,,54.0
1570650,6877,[CAR],grandma and Grandpa still have the orange trees at their house.,,,54.0
1570666,6877,[CAR],did you know that?,,,54.0
1570681,6877,[CHI],when when can I when ca-what what Grandma?,-1.0,other,54.0
1570693,6877,[CAR],grandma Firstname that's coming today.,,,54.0
1570702,6877,[CHI],not today.,1.0,,54.0
1570715,6877,[CAR],tonight.,,,54.0
1570723,6877,[CAR],ready?,,,54.0
1570736,6877,[CHI],is today Monday?,1.0,,54.0
1570748,6877,[CAR],today is Monday.,,,54.0
1570761,6877,[CHI],mm.,,,54.0
1570774,6877,[CAR],what is that?,,,54.0
1570785,6877,[CHI],a planer.,0.0,,54.0
1570795,6877,[CAR],it's a what?,,,54.0
1570813,6877,[CHI],a plane guy.,1.0,,54.0
1570911,6877,[CAR],it's an airplane pilot right?,,,54.0
1570927,6877,[CHI],yeah.,,,54.0
1570935,6877,[CAR],how can you tell?,,,54.0
1570946,6877,[CHI],because he's flying in the plane.,1.0,,54.0
1570950,6877,[CAR],yeah.,,,54.0
1570959,6877,[CAR],is it the whole airplane or is it just part of it?,,,54.0
1570972,6877,[CHI],it's just part of it.,1.0,,54.0
1570989,6877,[CAR],what part of the airplane is it?,,,54.0
1570998,6877,[CHI],the front part.,1.0,,54.0
1571008,6877,[CAR],the very front part.,,,54.0
1571015,6877,[CAR],what's he?,,,54.0
1571034,6877,[CAR],oh hold on.,,,54.0
1571045,6877,[CHI],mm.,,,54.0
1571049,6877,[CAR],who do you know who likes to fly airplanes?,,,54.0
1571062,6877,[CHI],daddy.,,,54.0
1571071,6877,[CAR],yeah.,,,54.0
1571080,6877,[CAR],does that mean he's a pilot?,,,54.0
1571092,6877,[CHI],yes.,,,54.0
1571102,6877,[CAR],yeah.,,,54.0
1571117,6877,[CAR],okay.,,,54.0
1571128,6877,[CHI],is that a girl?,1.0,,54.0
1571136,6877,[CAR],you tell me.,,,54.0
1571148,6877,[CAR],does it look like a girl?,,,54.0
1571159,6877,[CHI],yes.,,,54.0
1571169,6877,[CAR],it looks like a girl to me too.,,,54.0
1571184,6877,[CHI],because that?,-1.0,preposition,54.0
1571197,6877,[CAR],what?,,,54.0
1571214,6877,[CAR],what's she playing?,,,54.0
1571227,6877,[CAR],what sport?,,,54.0
1571237,6877,[CHI],foot?,,,54.0
1571248,6877,[CAR],yeah say it.,,,54.0
1571260,6877,[CHI],basketball.,,,54.0
1571290,6877,[CAR],no not basketball.,,,54.0
1571299,6877,[CAR],football?,,,54.0
1571316,6877,[CAR],do girls usually play football?,,,54.0
1571330,6877,[CHI],no.,,,54.0
1571337,6877,[CAR],not professionally that's for sure.,,,54.0
1571351,6877,[CHI],but.,,,54.0
1571362,6877,[CAR],but some girls like to play it.,,,54.0
1571380,6877,[CHI],why?,,,54.0
1571385,6877,[CAR],um because it's good exercise and it's fun I suppose.,,,54.0
1571400,6877,[CAR],what what what color is her uh is her jersey?,,,54.0
1571412,6877,[CAR],her shirt?,,,54.0
1571422,6877,[CHI],blue.,,,54.0
1571431,6877,[CAR],it is blue.,,,54.0
1571440,6877,[CAR],it matches her-what's on her head?,,,54.0
1571449,6877,[CHI],helmet.,,,54.0
1571458,6877,[CAR],it matches her helmet that's right.,,,54.0
1571469,6877,[CHI],and her-what are those?,1.0,,54.0
1571477,6877,[CAR],those are socks.,,,54.0
1571487,6877,[CHI],her socks.,1.0,,54.0
1571496,6877,[CAR],mm-hm.,,,54.0
1571512,6877,[CAR],what's she gonna do with that football?,,,54.0
1571518,6877,[CHI],gonna throw it.,0.0,,54.0
1571529,6877,[CAR],she's gonna throw it you're right.,,,54.0
1571541,6877,[CAR],you know who the person who throws the football is called?,,,54.0
1571555,6877,[CHI],no.,,,54.0
1571566,6877,[CAR],do you know what he's called?,,,54.0
1571588,6877,[CAR],quarterback.,,,54.0
1571595,6877,[CHI],oh.,,,54.0
1571604,6877,[CAR],does that make sense?,,,54.0
1571615,6877,[CHI],yeah.,,,54.0
1571625,6877,[CAR],doesn't make sense to me.,,,54.0
1571636,6877,[CAR],I don't know why he's called a quarterback.,,,54.0
1571648,6877,[CAR],but he is.,,,54.0
1571659,6877,[CAR],he's called the quarterback and he thows the-and he throws the ball.,,,54.0
1571672,6877,[CAR],but this is a girl but she's the quarterback.,,,54.0
1571684,6877,[CAR],she's got a lucky number on her shirt too.,,,54.0
1571696,6877,[CHI],ooh cereal.,0.0,,54.0
1571706,6877,[CAR],what cereal is that?,,,54.0
1571717,6877,[CAR],what kind does it look like?,,,54.0
1571730,6877,[CHI],frosted Flakes.,1.0,,54.0
1571742,6877,[CAR],it does except it doesn't look like it's frosted.,,,54.0
1571753,6877,[CAR],it looks like it's just corn flakes.,,,54.0
1571762,6877,[CHI],what are corn flakes?,1.0,,54.0
1571774,6877,[CAR],they're like Frosted Flakes without the sugar on them.,,,54.0
1571784,6877,[CHI],mm.,,,54.0
1571790,6877,[CAR],maybe add a little sugar to the bowl to make them taste a little better.,,,54.0
1571800,6877,[CAR],I grew up on corn flakes.,,,54.0
1571809,6877,[CAR],but you know what it's missing?,,,54.0
1571818,6877,[CAR],how she gonna-how you gonna eat the sp-the cereal?,,,54.0
1571827,6877,[CHI],milk.,,,54.0
1571836,6877,[CAR],there-i don't see any milk in there.,,,54.0
1571845,6877,[CAR],what else is missing?,,,54.0
1571854,6877,[CHI],sugar.,,,54.0
1571862,6877,[CAR],what else is missing?,,,54.0
1571866,6877,[CHI],I don't know.,1.0,,54.0
1571874,6877,[CAR],he gonna just put his face in in this in the bowl and eat it?,,,54.0
1571883,6877,[CAR],what do you?,,,54.0
1571893,6877,[CHI],a spoon.,0.0,,54.0
1571901,6877,[CAR],you don't have a spoon.,,,54.0
1571910,6877,[CAR],how you gonna eat the cereal?,,,54.0
1571919,6877,[CHI],maybe this-maybe it's for maybe it's dog cereal.,0.0,,54.0
1571927,6877,[CAR],dog cereal?,,,54.0
1571937,6877,[CHI],yeah.,,,54.0
1571944,6877,[CAR],I don't know.,,,54.0
1571953,6877,[CAR],or maybe it's just a snack and you just eat it out like a dry cereal snack.,,,54.0
1571965,6877,[CHI],yeah.,,,54.0
1571972,6877,[CAR],that's what we do sometimes huh?,,,54.0
1571981,6877,[CHI],yeah.,,,54.0
1571988,6877,[CAR],okay.,,,54.0
1571995,6877,[CAR],anything else?,,,54.0
1572004,6877,[CHI],no.,,,54.0
1572011,6877,[CAR],does it make you feel like you wanna eat lunch or breakfast?,,,54.0
1572018,6877,[CHI],yeah.,,,54.0
1572028,6877,[CAR],my goodness what's that?,,,54.0
1572141,6877,[CHI],witch.,,,54.0
1572235,6877,[CAR],a witch?,,,54.0
1572257,6877,[CAR],how can you tell it's a witch?,,,54.0
1572272,6877,[CHI],because it-she's flying up and she's green.,0.0,,54.0
1572278,6877,[CAR],she's green.,,,54.0
1572281,6877,[CAR],she's flying on-what is she flying on?,,,54.0
1572287,6877,[CHI],a broom.,1.0,,54.0
1572290,6877,[CAR],and what does she have on her head?,,,54.0
1572296,6877,[CHI],a a witch hat.,0.0,,54.0
1572300,6877,[CAR],a witch's pointy hat huh?,,,54.0
1572306,6877,[CAR],does she look like a mean witch?,,,54.0
1572315,6877,[CHI],no.,,,54.0
1572318,6877,[CAR],how come?,,,54.0
1572322,6877,[CHI],because she has a happy face.,1.0,,54.0
1572326,6877,[CAR],she's got a very happy face.,,,54.0
1572329,6877,[CAR],although she's got a very big nose.,,,54.0
1572334,6877,[CHI],yeah that's how witches are.,0.0,,54.0
1572339,6877,[CAR],oh wait wait wait wait.,,,54.0
1572345,6877,[CAR],we're supposed to talk about each page for a little bit at a time.,,,54.0
1572352,6877,[CAR],so it looks like witches are green.,,,54.0
1572355,6877,[CHI],mm-hm.,,,54.0
1572359,6877,[CAR],and they wear long black clothes-dress right?,,,54.0
1572364,6877,[CHI],yeah.,,,54.0
1572367,6877,[CAR],they ride on a broom?,,,54.0
1572372,6877,[CHI],mm-hm.,,,54.0
1572374,6877,[CAR],and they fly in the sky on a broom?,,,54.0
1572379,6877,[CAR],can you imagine flying on a broom?,,,54.0
1572385,6877,[CAR],do you think that's real?,,,54.0
1572391,6877,[CAR],do you think witches are real?,,,54.0
1572400,6877,[CAR],do you think witches are real?,,,54.0
1572409,6877,[CAR],you know what I think?,,,54.0
1572413,6877,[CAR],I think witches are like elves and fairies and leprechauns.,,,54.0
1572419,6877,[CHI],why?,,,54.0
1572424,6877,[CAR],they're not really real.,,,54.0
1572429,6877,[CHI],but?,,,54.0
1572433,6877,[CAR],they're just pretend.,,,54.0
1572439,6877,[CAR],but they're fun to think about.,,,54.0
1572445,6877,[CHI],mommy but Firstname really seen real leprechauns.,-1.0,auxiliary,54.0
1572450,6877,[CAR],mm-hm.,,,54.0
1572454,6877,[CAR],she didn't see the leprechauns.,,,54.0
1572460,6877,[CAR],she just saw what they left behind.,,,54.0
1572466,6877,[CAR],the mess.,,,54.0
1572471,6877,[CAR],remember we talked about it?,,,54.0
1572476,6877,[CAR],it was just really Missus Firstname doing it.,,,54.0
1572480,6877,[CHI],yeah.,,,54.0
1572486,6877,[CAR],and so witches aren't really real.,,,54.0
1572491,6877,[CHI],yeah.,,,54.0
1572496,6877,[CAR],but they're fun to think about.,,,54.0
1572502,6877,[CAR],like mermaids and faries and Pegasus ponies.,,,54.0
1572516,6877,[CAR],mm-hm.,,,54.0
1572523,6877,[CHI],but I have toys of those.,1.0,,54.0
1572532,6877,[CAR],mm-hm you do.,,,54.0
1572536,6877,[CAR],people dress up like witches at Halloween a lot of times.,,,54.0
1572544,6877,[CAR],what in the world is that?,,,54.0
1572554,6877,[CHI],broccoli.,,,54.0
1572560,6877,[CAR],what is it?,,,54.0
1572570,6877,[CAR],is it healthy for you?,,,54.0
1572577,6877,[CHI],yes.,,,54.0
1572585,6877,[CAR],it is very healthy.,,,54.0
1572593,6877,[CAR],do you like to eat broccoli?,,,54.0
1572604,6877,[CHI],no.,,,54.0
1572612,6877,[CAR],you don't?,,,54.0
1572620,6877,[CAR],you like to eat it with some things right?,,,54.0
1572629,6877,[CAR],when we have broccoli chicken and rice you like to eat that.,,,54.0
1572647,6877,[CAR],you eat the broccoli okay.,,,54.0
1572654,6877,[CHI],yeah.,,,54.0
1572661,6877,[CAR],you know I-I didn't like broccoli very much when I was a kid.,,,54.0
1572673,6877,[CAR],but when I grew up I really liked it.,,,54.0
1572677,6877,[CAR],I think I didn't like it because my mom always cooked it to make it mushy.,,,54.0
1572686,6877,[CHI],oh.,,,54.0
1572692,6877,[CAR],but you know what sometimes people do to make it taste better?,,,54.0
1572700,6877,[CHI],no.,,,54.0
1572707,6877,[CAR],especially for kids?,,,54.0
1572720,6877,[CAR],put cheese sauce all over it.,,,54.0
1572731,6877,[CAR],would cheese sauce be good on it?,,,54.0
1572746,6877,[CAR],I think it would be very good on it.,,,54.0
1572762,6877,[CAR],what's that?,,,54.0
1572769,6877,[CHI],a penguin.,1.0,,54.0
1572773,6877,[CAR],a penguin?,,,54.0
1572782,6877,[CAR],how can you tell?,,,54.0
1572788,6877,[CHI],because it has it's walking very slow.,1.0,,54.0
1572796,6877,[CAR],uh huh.,,,54.0
1572804,6877,[CHI],it's on the they slide on their belly.,0.0,,54.0
1572810,6877,[CAR],they slide on their bellies?,,,54.0
1572819,6877,[CAR],can you slide on your belly?,,,54.0
1572827,6877,[CHI],no.,,,54.0
1572832,6877,[CAR],no.,,,54.0
1572840,6877,[CHI],not if I was a penguin.,1.0,,54.0
1572848,6877,[CAR],if you were a penguin you sure sure could.,,,54.0
1572857,6877,[CAR],but you probably have to slide on something that's icy and slippery huh?,,,54.0
1572864,6877,[CHI],yeah but.,-1.0,"subject, verb",54.0
1572871,6877,[CAR],do you remember where penguins live?,,,54.0
1572878,6877,[CHI],no.,,,54.0
1572885,6877,[CAR],what was Firstname's book say that penguins live?,,,54.0
1572893,6877,[CHI],I don't know.,1.0,,54.0
1572901,6877,[CAR],Antarctica.,,,54.0
1572908,6877,[CHI],mm-hm.,,,54.0
1572913,6877,[CAR],where there's lots of snow.,,,54.0
1572920,6877,[CAR],can they fly?,,,54.0
1572927,6877,[CHI],no.,,,54.0
1572935,6877,[CAR],oh what do they do then?,,,54.0
1572944,6877,[CHI],slide on their belly.,1.0,,54.0
1572951,6877,[CAR],where else do they-where else do they live most of the time?,,,54.0
1572960,6877,[CAR],if they don't live on the ice where do they live?,,,54.0
1572964,6877,[CHI],in the water.,1.0,,54.0
1572972,6877,[CAR],in the water.,,,54.0
1572978,6877,[CAR],and what do they eat in the water?,,,54.0
1572987,6877,[CHI],fish.,,,54.0
1572996,6877,[CAR],they like to eat fish don't they?,,,54.0
1573004,6877,[CHI],and and sea what are those called again?,1.0,,54.0
1573015,6877,[CAR],what are what called?,,,54.0
1573023,6877,[CHI],the things that eat penguins.,1.0,,54.0
1573031,6877,[CAR],uh sea lions?,,,54.0
1573040,6877,[CHI],yeah.,,,54.0
1573051,6877,[CAR],yeah.,,,54.0
1573058,6877,[CAR],they try to stay away from the sea lions.,,,54.0
1573066,6877,[CHI],yeah.,,,54.0
1573073,6877,[CAR],they don't want to be eaten.,,,54.0
1573082,6877,[CAR],well what's that?,,,54.0
1573114,6877,[CHI],it looks like a daddy elephant.,1.0,,54.0
1573125,6877,[CAR],a daddy elephant?,,,54.0
1573130,6877,[CAR],why is it a daddy elephant?,,,54.0
1573142,6877,[CHI],because it's big.,1.0,,54.0
1573150,6877,[CAR],it is and his and his tusks these white teeth right there are pretty long.,,,54.0
1573158,6877,[CHI],yeah.,,,54.0
1573166,6877,[CAR],you know when they're babies they're very very very short.,,,54.0
1573178,6877,[CAR],so I would guess that he's not completely a a old daddy because look.,,,54.0
1573186,6877,[CHI],yeah.,,,54.0
1573194,6877,[CAR],they would probably be like this long right here.,,,54.0
1573205,6877,[CAR],here to here.,,,54.0
1573213,6877,[CHI],oh.,,,54.0
1573222,6877,[CAR],can you imagine them being that long?,,,54.0
1573231,6877,[CHI],no.,,,54.0
1573239,6877,[CAR],so what do you like about elephants?,,,54.0
1573249,6877,[CAR],do you like elephants?,,,54.0
1573261,6877,[CHI],no.,,,54.0
1573269,6877,[CAR],I like to see the elephants at the zoo.,,,54.0
1573281,6877,[CHI],yeah me?,-1.0,other,54.0
1573290,6877,[CAR],you know why?,,,54.0
1573298,6877,[CHI],no.,,,54.0
1573307,6877,[CAR],because they're like the biggest ele-the biggest animals at the zoo.,,,54.0
1573316,6877,[CHI],me too.,1.0,,54.0
1573326,6877,[CHI],the end.,0.0,,54.0
1573335,6877,[CAR],you're gonna be done?,,,54.0
1573343,6877,[CHI],yeah.,,,54.0
1573354,6877,[CAR],okay.,,,54.0
1573362,6877,[CAR],you you're all done?,,,54.0
1573371,6877,[CAR],you finished your attention span?,,,54.0
1573380,6877,[CHI],yes.,,,54.0
1573386,6877,[CAR],you wanna do anything else while we're in here?,,,54.0
1573394,6877,[CHI],mm.,,,54.0
1573402,6877,[CAR],wanna find your favorite picture in the whole book?,,,54.0
1573413,6877,[CHI],okay.,,,54.0
1573421,6877,[CAR],you find your favorite picture in the whole book and you tell me why it's your favorite.,,,54.0
1573437,6877,[CAR],the orange is your favorite?,,,54.0
1573443,6877,[CHI],yeah.,,,54.0
1573450,6877,[CAR],oh my goodness.,,,54.0
1573460,6877,[CAR],well I certainly like oranges a lot.,,,54.0
1573469,6877,[CAR],they're very juicy.,,,54.0
1573478,6877,[CHI],actually no.,-1.0,other,54.0
1573486,6877,[CAR],no?,,,54.0
1573492,6877,[CHI],cake.,,,54.0
1573498,6877,[CAR],yeah.,,,54.0
1573504,6877,[CAR],why is it your favorite?,,,54.0
1573512,6877,[CHI],because I just like it.,1.0,,54.0
1573520,6877,[CAR],because you just like it.,,,54.0
1573534,6877,[CHI],because it tastes good.,1.0,,54.0
1573543,6877,[CAR],yeah.,,,54.0
1573548,6877,[CAR],okay well let's go okay?,,,54.0
1410926,6439,[CAR],okay that means that we can start.,,,60.0
1410939,6439,[CAR],the name of the book is.,,,60.0
1410954,6439,[CAR],who can?,,,60.0
1410981,6439,[CAR],who can take out the trash?,,,60.0
1410996,6439,[CAR],who is that?,,,60.0
1411015,6439,[CHI],a man.,1.0,,60.0
1411030,6439,[CAR],that looks like a boy.,,,60.0
1411060,6439,[CAR],who can catch frogs?,,,60.0
1411075,6439,[CAR],you caught a frog yesterday in the pool didn't you?,,,60.0
1411093,6439,[CHI],um um Firstname did.,1.0,,60.0
1411107,6439,[CAR],Firstname did.,,,60.0
1411119,6439,[CAR],looks like a girl could catch a frog though couldn't she?,,,60.0
1411137,6439,[CAR],she's letting it go into the water.,,,60.0
1411164,6439,[CAR],who can do aerobics?,,,60.0
1411178,6439,[CAR],what is he doing?,,,60.0
1411195,6439,[CHI],I don't know.,1.0,,60.0
1411211,6439,[CAR],it looks like he's doing exercises.,,,60.0
1411228,6439,[CAR],and there's music playing.,,,60.0
1411243,6439,[CAR],see the notes?,,,60.0
1411257,6439,[CAR],oh no!,,,60.0
1411273,6439,[CAR],the book fell apart.,,,60.0
1411306,6439,[CAR],who can be a ballet dancer?,,,60.0
1411327,6439,[CAR],what's she doing?,,,60.0
1411343,6439,[CHI],I don't know.,1.0,,60.0
1411359,6439,[CAR],it looks like she's dancing.,,,60.0
1411386,6439,[CAR],who can play hopscotch?,,,60.0
1411401,6439,[CHI],I don't know.,1.0,,60.0
1411416,6439,[CAR],he jumps one two three four five six seven eight.,,,60.0
1411433,6439,[CAR],it's a game that you play using chalk.,,,60.0
1411452,6439,[CAR],and you write on the sidewalk.,,,60.0
1411467,6439,[CAR],do you write on the sidewalk?,,,60.0
1411494,6439,[CAR],mhm.,,,60.0
1411517,6439,[CAR],who can drive a truck?,,,60.0
1411532,6439,[CAR],who's that driving the truck?,,,60.0
1411548,6439,[CHI],I don't know.,1.0,,60.0
1411563,6439,[CAR],does that look like a boy or a girl?,,,60.0
1411576,6439,[CHI],I don't know.,1.0,,60.0
1411587,6439,[CAR],yes you do.,,,60.0
1411601,6439,[CAR],it looks like a girl.,,,60.0
1411627,6439,[CAR],who can do dusting?,,,60.0
1411641,6439,[CHI],I don't know.,1.0,,60.0
1411656,6439,[CAR],do you ever dust?,,,60.0
1411683,6439,[CAR],you don't ever take a towel and and dust?,,,60.0
1411712,6439,[CAR],no?,,,60.0
1411725,6439,[CAR],does Firstname?,,,60.0
1411747,6439,[CAR],mhm.,,,60.0
1411797,6439,[CAR],who can be a firefighter?,,,60.0
1411806,6439,[CAR],firefighter.,,,60.0
1411818,6439,[CAR],what's that?,,,60.0
1411829,6439,[CHI],that's a firetruck.,1.0,,60.0
1411841,6439,[CAR],and what's this sposta be?,,,60.0
1411863,6439,[CHI],fire.,,,60.0
1411876,6439,[CAR],fire.,,,60.0
1411890,6439,[CAR],and what's he doing?,,,60.0
1411904,6439,[CHI],putting the fire out.,1.0,,60.0
1411917,6439,[CAR],with what?,,,60.0
1411929,6439,[CAR],what's this?,,,60.0
1411944,6439,[CHI],with water.,1.0,,60.0
1411956,6439,[CAR],yes water will put the fire out.,,,60.0
1412002,6439,[CAR],who can paint a house?,,,60.0
1412014,6439,[CHI],girl.,,,60.0
1412026,6439,[CAR],girl.,,,60.0
1412029,6439,[CAR],see this is her room and this is a door.,,,60.0
1412047,6439,[CHI],this is a door?,1.0,,60.0
1412059,6439,[CAR],well it looked like a door.,,,60.0
1412074,6439,[CAR],here's the door.,,,60.0
1412084,6439,[CAR],I don't know what that is.,,,60.0
1412098,6439,[CAR],she's.,,,60.0
1412107,6439,[CHI],that's the roof.,1.0,,60.0
1412121,6439,[CAR],oh I see.,,,60.0
1412134,6439,[CAR],she's putting.,,,60.0
1412147,6439,[CHI],that's?,,,60.0
1412158,6439,[CAR],what's this she's doing?,,,60.0
1412173,6439,[CHI],I don't know.,1.0,,60.0
1412187,6439,[CAR],it's paint.,,,60.0
1412199,6439,[CAR],she's sposta be putting red paint on it.,,,60.0
1412210,6439,[CAR],see?,,,60.0
1412216,6439,[CAR],it says paint bucket?,,,60.0
1412242,6439,[CAR],with red paint.,,,60.0
1412251,6439,[CHI],hey mom?,1.0,,60.0
1412262,6439,[CHI],this is where all the snow.,-1.0,verb,60.0
1412281,6439,[CAR],oh?,,,60.0
1412295,6439,[CAR],what's this?,,,60.0
1412312,6439,[CHI],I don't know.,1.0,,60.0
1412324,6439,[CAR],I think it's window curtains but I'm not sure.,,,60.0
1412348,6439,[CAR],who can pick flowers?,,,60.0
1412355,6439,[CHI],a boy.,1.0,,60.0
1412367,6439,[CAR],yeah.,,,60.0
1412386,6439,[CAR],what's he picking?,,,60.0
1412411,6439,[CAR],what color?,,,60.0
1412420,6439,[CHI],um purple.,1.0,,60.0
1412429,6439,[CAR],purple.,,,60.0
1412449,6439,[CAR],who can be a sailor?,,,60.0
1412465,6439,[CHI],uh a man.,1.0,,60.0
1412472,6439,[CAR],mhm.,,,60.0
1412483,6439,[CAR],do you know what a sailor what he drives?,,,60.0
1412510,6439,[CAR],what?,,,60.0
1412523,6439,[CHI],um I don't know.,1.0,,60.0
1412537,6439,[CAR],boat.,,,60.0
1412550,6439,[CHI],a boat.,1.0,,60.0
1412562,6439,[CAR],mhm.,,,60.0
1412576,6439,[CAR],see this?,,,60.0
1412588,6439,[CAR],remember on the Muppet_Treasure_Island there's that wheel and that's what they use to to steer the boat.,,,60.0
1412615,6439,[CAR],who can play with toy trucks?,,,60.0
1412628,6439,[CHI],a girl.,1.0,,60.0
1412639,6439,[CAR],mhm.,,,60.0
1412654,6439,[CAR],can a boy play with toy trucks?,,,60.0
1412678,6439,[CAR],yeah.,,,60.0
1412690,6439,[CAR],so can girls.,,,60.0
1412717,6439,[CAR],who can deliver the newspaper?,,,60.0
1412729,6439,[CHI],a boy.,1.0,,60.0
1412743,6439,[CAR],who who do we know that did that?,,,60.0
1412762,6439,[CHI],Firstname.,,,60.0
1412776,6439,[CAR],that's right.,,,60.0
1412809,6439,[CAR],who can be a cheerleader?,,,60.0
1412821,6439,[CHI],um a girl.,1.0,,60.0
1412827,6439,[CAR],girl.,,,60.0
1412840,6439,[CAR],remember those?,,,60.0
1412856,6439,[CAR],we had those at the store.,,,60.0
1412867,6439,[CAR],you and Firstname would play with them.,,,60.0
1412880,6439,[CAR],you'd go up and down and make noise.,,,60.0
1412893,6439,[CAR],they're blue and yellow.,,,60.0
1412908,6439,[CAR],Firstname always plays with them.,,,60.0
1412923,6439,[CAR],that's what.,,,60.0
1412933,6439,[CHI],pompom.,,,60.0
1412947,6439,[CAR],no but that's what she got in her hand.,,,60.0
1412960,6439,[CAR],that's what cheerleaders do.,,,60.0
1412984,6439,[CAR],who can feed a baby?,,,60.0
1412993,6439,[CHI],a daddy.,1.0,,60.0
1413005,6439,[CAR],a daddy.,,,60.0
1413015,6439,[CAR],did your daddy feed your baby brother?,,,60.0
1413039,6439,[CAR],mhm.,,,60.0
1413051,6439,[CAR],did Firstnmae?,,,60.0
1413077,6439,[CAR],can mommies?,,,60.0
1413104,6439,[CAR],yeah?,,,60.0
1413116,6439,[CAR],you remember dad feeding the baby.,,,60.0
1413145,6439,[CAR],who can help bake cookies?,,,60.0
1413158,6439,[CHI],a girl.,1.0,,60.0
1413170,6439,[CAR],yes.,,,60.0
1413201,6439,[CAR],who can play football?,,,60.0
1413218,6439,[CHI],a girl.,1.0,,60.0
1413229,6439,[CAR],mhm.,,,60.0
1413255,6439,[CAR],who can be a race car driver?,,,60.0
1413269,6439,[CHI],um um a dad.,1.0,,60.0
1413280,6439,[CAR],mhm.,,,60.0
1413301,6439,[CAR],who can knit a sweater?,,,60.0
1413309,6439,[CHI],a dad.,1.0,,60.0
1413322,6439,[CAR],yup.,,,60.0
1413346,6439,[CAR],who can do sewing?,,,60.0
1413352,6439,[CHI],a girl.,1.0,,60.0
1413372,6439,[CAR],yeah.,,,60.0
1413374,6439,[CAR],what's she going to do?,,,60.0
1413389,6439,[CHI],she's going to sew this.,1.0,,60.0
1413403,6439,[CAR],it looks like she needs to put his arm back on that teddy bear.,,,60.0
1413416,6439,[CHI],someone broke it.,1.0,,60.0
1413424,6439,[CAR],yeah.,,,60.0
1413443,6439,[CAR],who can be a seamstress?,,,60.0
1413454,6439,[CHI],a girl.,1.0,,60.0
1413461,6439,[CAR],mhm.,,,60.0
1413468,6439,[CAR],look she's going to make something.,,,60.0
1413484,6439,[CAR],who can play with dolls?,,,60.0
1413500,6439,[CHI],a boy.,1.0,,60.0
1413532,6439,[CAR],who can fix a bike?,,,60.0
1413543,6439,[CHI],a dad.,1.0,,60.0
1413552,6439,[CAR],yup.,,,60.0
1413562,6439,[CAR],who can chop wood?,,,60.0
1413574,6439,[CHI],a girl.,1.0,,60.0
1413591,6439,[CAR],a girl.,,,60.0
1413603,6439,[CAR],what's that?,,,60.0
1413614,6439,[CHI],it's an axe.,1.0,,60.0
1413622,6439,[CAR],the end.,,,60.0
1413633,6439,[CAR],now she said that you can knock on the window when we got to the end of the book.,,,60.0
1519193,6739,[CAR],oh no the food.,,,59.0
1519206,6739,[CAR],more food.,,,59.0
1519220,6739,[CAR],um what is that?,,,59.0
1519233,6739,[CHI],muffin.,,,59.0
1519244,6739,[CAR],it sure is.,,,59.0
1519257,6739,[CAR],what kind of muffin do you think it is?,,,59.0
1519287,6739,[CAR],a what?,,,59.0
1519298,6739,[CHI],chocolate?,,,59.0
1519308,6739,[CAR],chocolate?,,,59.0
1519321,6739,[CAR],you think chocolate?,,,59.0
1519428,6739,[CAR],it kinda looks like it has nuts on it.,,,59.0
1519442,6739,[CAR],or oats maybe.,,,59.0
1519516,6739,[CAR],I don't know.,,,59.0
1519528,6739,[CAR],I it could be blueberry.,,,59.0
1519543,6739,[CAR],it could be a blueberry muffin.,,,59.0
1519558,6739,[CAR],I'm not sure.,,,59.0
1519574,6739,[CAR],it could be chocolate though.,,,59.0
1519592,6739,[CAR],it could very well be.,,,59.0
1519607,6739,[CAR],oh what's that?,,,59.0
1519620,6739,[CAR],is that an ice cream cone?,,,59.0
1519635,6739,[CAR],strawberry ice cream cone.,,,59.0
1519650,6739,[CAR],that looks really good.,,,59.0
1519663,6739,[CHI],yeah that looks really good.,1.0,,59.0
1519674,6739,[CAR],yeah?,,,59.0
1519686,6739,[CAR],what's your favorite ice cream?,,,59.0
1519693,6739,[CHI],chocolate.,,,59.0
1519707,6739,[CAR],chocolate?,,,59.0
1519721,6739,[CAR],you can speak up a little bit.,,,59.0
1519733,6739,[CAR],you can speak up.,,,59.0
1519745,6739,[CAR],you can talk like how we're at home.,,,59.0
1519759,6739,[CAR],you can talk like that.,,,59.0
1519777,6739,[CAR],are you kinda zoning out right now?,,,59.0
1519796,6739,[CAR],yeah?,,,59.0
1519812,6739,[CAR],alright.,,,59.0
1519822,6739,[CAR],okay.,,,59.0
1519832,6739,[CHI],a butterfly.,0.0,,59.0
1519848,6739,[CAR],a butterfly.,,,59.0
1519859,6739,[CHI],yeah.,,,59.0
1519872,6739,[CAR],that's right.,,,59.0
1520347,6739,[CAR],remember when we were at the zoo?,,,59.0
1520423,6739,[CAR],and aunt firstname had one on her finger?,,,59.0
1520456,6739,[CAR],and I had one on my and I had one on my head?,,,59.0
1520472,6739,[CAR],do you remember that?,,,59.0
1520495,6739,[CAR],that was cool.,,,59.0
1520506,6739,[CAR],there were blue ones.,,,59.0
1520518,6739,[CAR],and yellow ones.,,,59.0
1520531,6739,[CAR],this one's cool.,,,59.0
1520543,6739,[CHI],there were big ones.,1.0,,59.0
1520554,6739,[CHI],and little ones.,1.0,,59.0
1520563,6739,[CAR],and little ones.,,,59.0
1520577,6739,[CAR],that's right.,,,59.0
1520585,6739,[CAR],there were millions of butterflies at the zoo.,,,59.0
1520605,6739,[CAR],yeah.,,,59.0
1520615,6739,[CAR],in that place.,,,59.0
1520626,6739,[CAR],and they had to check us.,,,59.0
1520638,6739,[CAR],do you remember that?,,,59.0
1520661,6739,[CAR],they had to make sure that we didn't have any butterflies on us when we left.,,,59.0
1520677,6739,[CAR],do you remember that?,,,59.0
1520689,6739,[CAR],that was pretty cool.,,,59.0
1520704,6739,[CAR],do you need a kleenex?,,,59.0
1520719,6739,[CHI],no.,,,59.0
1520727,6739,[CAR],okay.,,,59.0
1520735,6739,[CAR],ah that's a kitty cat.,,,59.0
1520746,6739,[CHI],kitty cat.,-1.0,determiner,59.0
1520758,6739,[CAR],kitty cat.,,,59.0
1520770,6739,[CHI],kitty.,,,59.0
1520777,6739,[CAR],yeah.,,,59.0
1520793,6739,[CAR],it's a kitty cat.,,,59.0
1520810,6739,[CAR],what do you think of that kitty cat?,,,59.0
1520829,6739,[CHI],um kitty cats do kitty cats go in the zoo?,1.0,,59.0
1520842,6739,[CAR],um probably.,,,59.0
1520851,6739,[CAR],um the bigger cats do.,,,59.0
1520862,6739,[CAR],like the um tigers.,,,59.0
1520871,6739,[CAR],and the lions.,,,59.0
1520883,6739,[CHI],but they're not cats.,1.0,,59.0
1520895,6739,[CAR],they are actually.,,,59.0
1520907,6739,[CAR],they're a different kind of cat.,,,59.0
1520912,6739,[CAR],but they're part of the cat family.,,,59.0
1521067,6739,[CHI],they're lions.,1.0,,59.0
1521077,6739,[CAR],mm-hm.,,,59.0
1521089,6739,[CAR],and that's part of the cat family.,,,59.0
1521096,6739,[CAR],except they're big cats.,,,59.0
1521108,6739,[CAR],did you know that?,,,59.0
1521118,6739,[CHI],they're big.,1.0,,59.0
1521125,6739,[CAR],yeah they're like big cats when you see them.,,,59.0
1521136,6739,[CAR],they're big and furry.,,,59.0
1521146,6739,[CAR],like at the zoo.,,,59.0
1521157,6739,[CAR],but like a regular kitty cat like this?,,,59.0
1521169,6739,[CAR],like this looks like miss firstname's cat next door.,,,59.0
1521190,6739,[CHI],yeah.,,,59.0
1521201,6739,[CAR],she has a did you know she had a couple cats?,,,59.0
1521214,6739,[CHI],no.,,,59.0
1521229,6739,[CAR],she has a couple.,,,59.0
1521240,6739,[CAR],her cat she has a grey cat and now she has a black cat.,,,59.0
1521252,6739,[CAR],but I don't think she has this cat.,,,59.0
1521263,6739,[CAR],this cat looks brown.,,,59.0
1521275,6739,[CAR],like a tabby cat.,,,59.0
1521283,6739,[CAR],they call these tabby cats.,,,59.0
1521291,6739,[CAR],I'm not really sure why but.,,,59.0
1521300,6739,[CAR],mm.,,,59.0
1521310,6739,[CHI],that guy is going in a racecar.,1.0,,59.0
1521320,6739,[CAR],yeah that's a racecar.,,,59.0
1521328,6739,[CHI],the six and a one.,1.0,,59.0
1521339,6739,[CAR],a six and a one.,,,59.0
1521392,6739,[CAR],that's right.,,,59.0
1521402,6739,[CAR],sixteen.,,,59.0
1521417,6739,[CAR],the number sixteen car.,,,59.0
1521429,6739,[CAR],that's looks like a racetrack.,,,59.0
1521440,6739,[CAR],I'm not sure what race it is.,,,59.0
1521447,6739,[CAR],but this guy looks uh like the racecar driver for this car.,,,59.0
1521463,6739,[CAR],I wonder if he's been driving it all day.,,,59.0
1521473,6739,[CAR],if he just finished the race or he's about to get in the car.,,,59.0
1521479,6739,[CAR],look it.,,,59.0
1521487,6739,[CAR],a lot of people there watching the race.,,,59.0
1521497,6739,[CAR],it's a cool car.,,,59.0
1521508,6739,[CAR],hm.,,,59.0
1521517,6739,[CAR],that is a fireman.,,,59.0
1521527,6739,[CAR],up on a ladder.,,,59.0
1521535,6739,[CHI],up high on a ladder.,1.0,,59.0
1521543,6739,[CAR],yeah looks like he?,,,59.0
1521548,6739,[CHI],probably putting out a fire.,1.0,,59.0
1521559,6739,[CAR],yeah.,,,59.0
1521569,6739,[CAR],and what do you think-what is he using to put out the fire?,,,59.0
1521579,6739,[CHI],a hose.,1.0,,59.0
1521584,6739,[CAR],yeah.,,,59.0
1521595,6739,[CAR],and water.,,,59.0
1521605,6739,[CAR],that's looks like maybe where the water comes out.,,,59.0
1521618,6739,[CAR],at the end of the hose.,,,59.0
1521629,6739,[CAR],hm.,,,59.0
1521639,6739,[CAR],he looks pretty happy there.,,,59.0
1521650,6739,[CAR],and he looks like he's up on the ladder too.,,,59.0
1521663,6739,[CAR],so the fire must be up high.,,,59.0
1521673,6739,[CAR],maybe in a building.,,,59.0
1521681,6739,[CAR],aw that's nice.,,,59.0
1521692,6739,[CAR],that's a dolphin.,,,59.0
1521700,6739,[CHI],dolphin.,,,59.0
1521708,6739,[CAR],yeah.,,,59.0
1521715,6739,[CAR],and a dolphin they are they are in the ocean.,,,59.0
1521727,6739,[CAR],and you guys were talking about the ocean this week at school.,,,59.0
1521759,6739,[CHI],yeah.,,,59.0
1521771,6739,[CAR],you guys were talking about that.,,,59.0
1521783,6739,[CAR],and um you were talking about sharks too.,,,59.0
1521795,6739,[CAR],and the dolphin they swim with the sharks in the ocean.,,,59.0
1521809,6739,[CAR],and they swim with all the other fish too.,,,59.0
1521820,6739,[CAR],the uh the dolphin are they're more gentle and fun.,,,59.0
1521830,6739,[CAR],you can actually swim with the dolphins.,,,59.0
1521841,6739,[CAR],oh we were just talking about pumpkins today.,,,59.0
1521855,6739,[CAR],because you were playing with the orange play-doh.,,,59.0
1521867,6739,[CAR],and that means what?,,,59.0
1521875,6739,[CAR],when you see a pumpkin what do you think of?,,,59.0
1521888,6739,[CHI],a pumpkin patch.,1.0,,59.0
1521901,6739,[CAR],a pumpkin patch yeah?,,,59.0
1521910,6739,[CAR],you know what I think about?,,,59.0
1521921,6739,[CHI],what?,,,59.0
1521930,6739,[CAR],I think about I think halloween.,,,59.0
1521939,6739,[CHI],I think about cutting this um this this hallow- this?,-1.0,object,59.0
1521945,6739,[CHI],what is this again?,1.0,,59.0
1521955,6739,[CAR],this is a pumpkin.,,,59.0
1521966,6739,[CHI],I'm gonna carve a pumpkin.,1.0,,59.0
1521978,6739,[CAR],you're gonna carve the pumpkin?,,,59.0
1521991,6739,[CHI],yes.,,,59.0
1522000,6739,[CAR],and when you carve the pumpkin?,,,59.0
1522011,6739,[CHI],you put a light in it.,1.0,,59.0
1522022,6739,[CAR],you put a light in it that's right.,,,59.0
1522034,6739,[CHI],it's jack-o-lantern.,-1.0,determiner,59.0
1522047,6739,[CAR],and then it's a jack-o-lantern.,,,59.0
1522058,6739,[CAR],that's right.,,,59.0
1522070,6739,[CAR],that's right.,,,59.0
1522079,6739,[CAR],you're absolutely right.,,,59.0
1522093,6739,[CAR],and we put it on our porch for halloween.,,,59.0
1522105,6739,[CHI],yeah.,,,59.0
1522114,6739,[CAR],and we put the lights in it.,,,59.0
1522125,6739,[CHI],yeah.,,,59.0
1522135,6739,[CAR],cool.,,,59.0
1522142,6739,[CAR],yeah that's cool.,,,59.0
1522154,6739,[CAR],what's that?,,,59.0
1522159,6739,[CHI],parrot.,,,59.0
1522167,6739,[CAR],that's a parrot that's right.,,,59.0
1522190,6739,[CAR],he's beautiful.,,,59.0
1522204,6739,[CAR],he's got green and blue and yellow.,,,59.0
1522214,6739,[CAR],and sometimes they can talk.,,,59.0
1522223,6739,[CAR],they say hello hello.,,,59.0
1522235,6739,[CAR],did you know firstname has a parrot at his house?,,,59.0
1522244,6739,[CHI],yeah.,,,59.0
1522255,6739,[CAR],you know?,,,59.0
1522264,6739,[CAR],do you remember what his name is?,,,59.0
1522287,6739,[CAR],his name is.,,,59.0
1522297,6739,[CAR],he's a parrot.,,,59.0
1522306,6739,[CAR],hm what's that?,,,59.0
1522318,6739,[CHI],a balle-a ballerina.,1.0,,59.0
1522328,6739,[CAR],a ballerina.,,,59.0
1522340,6739,[CAR],that's right.,,,59.0
1522350,6739,[CAR],she's dancing.,,,59.0
1522360,6739,[CAR],she looks really happy too.,,,59.0
1522370,6739,[CAR],to be dancing around.,,,59.0
1522381,6739,[CAR],she has a pretty dress.,,,59.0
1522392,6739,[CAR],a pretty tutu on.,,,59.0
1522403,6739,[CAR],that's what you call an outfit for a ballerina.,,,59.0
1522415,6739,[CAR],what do you think of that?,,,59.0
1522471,6739,[CHI],um turn the other page.,0.0,,59.0
1522482,6739,[CAR],okay turn the other page.,,,59.0
1522491,6739,[CAR],oh cool.,,,59.0
1522501,6739,[CAR],pineapple.,,,59.0
1522513,6739,[CHI],pineapple.,,,59.0
1522527,6739,[CAR],I almost bought one today at the grocery store.,,,59.0
1522825,6739,[CAR],but we still have some left at home.,,,59.0
1522856,6739,[CHI],cool.,,,59.0
1522865,6739,[CHI],pineapple pineapple.,-1.0,determiner,59.0
1522874,6739,[CAR],that's right.,,,59.0
1522881,6739,[CAR],and pineapple is sweet too.,,,59.0
1522889,6739,[CAR],that one that we had was really sweet and juicy.,,,59.0
1522907,6739,[CAR],and also um the pineapple means um.,,,59.0
1522919,6739,[CHI],good luck?,1.0,,59.0
1522935,6739,[CAR],good luck.,,,59.0
1522941,6739,[CAR],yes it does.,,,59.0
1522952,6739,[CAR],and it means welcome.,,,59.0
1522967,6739,[CAR],it means welcome and good luck.,,,59.0
1522990,6739,[CAR],they're kinda picky though.,,,59.0
1523007,6739,[CAR],like those are pointy.,,,59.0
1523020,6739,[CAR],you might like not cut your finger but.,,,59.0
1523036,6739,[CAR],they're just kinda picky.,,,59.0
1523047,6739,[CAR],a little bit picky.,,,59.0
1523060,6739,[CAR],kinda like a palm tree.,,,59.0
1523082,6739,[CAR],a little picky.,,,59.0
1523100,6739,[CAR],but sweet.,,,59.0
1523115,6739,[CHI],coconuts.,,,59.0
1523127,6739,[CAR],mm-hm.,,,59.0
1523138,6739,[CAR],mm coconuts?,,,59.0
1523169,6739,[CAR],coconuts are pretty sh- well they're they're big and round.,,,59.0
1523184,6739,[CHI],no a coconut tree.,0.0,,59.0
1523203,6739,[CAR],a coconut tree.,,,59.0
1523216,6739,[CAR],yes that is a palm tree the coconut tree.,,,59.0
1523231,6739,[CAR],yes.,,,59.0
1523236,6739,[CAR],that's right.,,,59.0
1523258,6739,[CAR],we know what that is.,,,59.0
1523277,6739,[CHI],a skunk.,1.0,,59.0
1523293,6739,[CAR],that's right.,,,59.0
1523306,6739,[CAR],we had a whole family living?,,,59.0
1523323,6739,[CHI],at a house up the street.,1.0,,59.0
1523340,6739,[CAR],yep at the house across the street.,,,59.0
1523350,6739,[CAR],they had a whole family of them.,,,59.0
1523360,6739,[CAR],there were I don't know.,,,59.0
1523369,6739,[CAR],how many do you think there were?,,,59.0
1523380,6739,[CAR],how many how many in that family do you think.,,,59.0
1523392,6739,[CAR],how many would you guess there were?,,,59.0
1523411,6739,[CHI],three?,,,59.0
1523427,6739,[CAR],three?,,,59.0
1523449,6739,[CAR],yeah.,,,59.0
1523454,6739,[CHI],like there was a hundred.,-1.0,"sv_agreement, object",59.0
1523465,6739,[CAR],there were a lot yeah.,,,59.0
1523474,6739,[CAR],and they lived under the deck.,,,59.0
1523488,6739,[CAR],like right underneath the ground.,,,59.0
1523499,6739,[CAR],they were really cute but I don't?,,,59.0
1523513,6739,[CHI],yeah they have a stinky smell.,1.0,,59.0
1523523,6739,[CAR],they did.,,,59.0
1523535,6739,[CAR],because they I think they they were near our garbage.,,,59.0
1523538,6739,[CAR],and they started stinking over there.,,,59.0
1523552,6739,[CAR],they have the spray in their tail.,,,59.0
1523576,6739,[CAR],did you know that?,,,59.0
1523592,6739,[CAR],they go chh like that with their tail.,,,59.0
1523618,6739,[CAR],if they get scared or if there hear a noise or?,,,59.0
1523630,6739,[CAR],to protect themselves.,,,59.0
1523648,6739,[CAR],that's how they spray.,,,59.0
1523661,6739,[CHI],ew.,,,59.0
1523672,6739,[CAR],I know.,,,59.0
1523683,6739,[CAR],so if you get sprayed by a skunk its like ek.,,,59.0
1523696,6739,[CAR],it's really yucky.,,,59.0
1523719,6739,[CAR],but uh grandma told me grandma firstname told me that if you get sprayed by a skunk that you should soak yourself in tomato juice.,,,59.0
1523733,6739,[CAR],and it'll get the stink out.,,,59.0
1523754,6739,[CAR],like take a bath in tomato juice.,,,59.0
1523778,6739,[CHI],ew.,,,59.0
1523789,6739,[CAR],I know.,,,59.0
1523801,6739,[CAR],that doesn't sound really good either does it?,,,59.0
1523816,6739,[CAR],mm-mm.,,,59.0
1523833,6739,[CHI],tomato juice.,0.0,,59.0
1523841,6739,[CAR],tomato juice yeah.,,,59.0
1523861,6739,[CAR],to get a big can of tomato juice.,,,59.0
1523875,6739,[CAR],so.,,,59.0
1523890,6739,[CAR],but he's pretty cute.,,,59.0
1523908,6739,[CAR],I mean they look really cute but I wouldn't want to run into one.,,,59.0
1523933,6739,[CAR],mm-mm.,,,59.0
1523945,6739,[CHI],this is the last page.,1.0,,59.0
1523959,6739,[CAR],oop no we're close.,,,59.0
1523970,6739,[CAR],only a couple more.,,,59.0
1523979,6739,[CAR],three more left.,,,59.0
1523990,6739,[CAR],what do you think?,,,59.0
1524009,6739,[CHI],no we got?,-1.0,object,59.0
1524032,6739,[CAR],how many do we have?,,,59.0
1524042,6739,[CHI],I think I think we got one two three.,1.0,,59.0
1524056,6739,[CAR],one mm-hm.,,,59.0
1524068,6739,[CAR],okay good.,,,59.0
1524086,6739,[CHI],we got three more.,1.0,,59.0
1524095,6739,[CAR],three more to go.,,,59.0
1524106,6739,[CAR],what do you think about this one?,,,59.0
1524120,6739,[CAR],who is that?,,,59.0
1524131,6739,[CHI],grandma.,,,59.0
1524155,6739,[CAR],it looks like a grandma doesn't it?,,,59.0
1524168,6739,[CAR],and?,,,59.0
1524191,6739,[CHI],it's old old old grandma.,-1.0,determiner,59.0
1524203,6739,[CAR],what's that?,,,59.0
1524214,6739,[CHI],it's a old old old?,-1.0,"determiner, object",59.0
1524250,6739,[CAR],old old grandma?,,,59.0
1524263,6739,[CAR],how can you tell?,,,59.0
1524273,6739,[CHI],because she's walking on a stick.,1.0,,59.0
1524288,6739,[CAR],walking on a stick on a cane.,,,59.0
1524302,6739,[CAR],yeah that's right.,,,59.0
1524332,6739,[CAR],and um and her hair's grey.,,,59.0
1524356,6739,[CAR],that's how I can tell she's a grandma.,,,59.0
1524370,6739,[CAR],it looks like she's got some wrinkles around her mouth and her face.,,,59.0
1524383,6739,[CAR],and um that's how I can tell that she's a that she's a grandma.,,,59.0
1524399,6739,[CAR],yeah.,,,59.0
1524411,6739,[CHI],turn the other page.,1.0,,59.0
1524425,6739,[CAR],okay.,,,59.0
1524441,6739,[CAR],aw what's that?,,,59.0
1524457,6739,[CAR],what is that?,,,59.0
1524469,6739,[CHI],a huge giant cracker.,1.0,,59.0
1524479,6739,[CAR],it's a huge giant cracker.,,,59.0
1524492,6739,[CAR],that's right.,,,59.0
1524508,6739,[CAR],it's a saltine cracker.,,,59.0
1524522,6739,[CAR],um we usually have these when we have a tummy ache.,,,59.0
1524541,6739,[CAR],or um for a snack.,,,59.0
1524550,6739,[CAR],or actually we have that with soup.,,,59.0
1524559,6739,[CAR],we'll eat our crackers with soup.,,,59.0
1524581,6739,[CAR],now what's that?,,,59.0
1524598,6739,[CHI],at his office.,-1.0,"subject, verb",59.0
1524611,6739,[CAR],who is that?,,,59.0
1524623,6739,[CHI],a principal.,1.0,,59.0
1524635,6739,[CAR],it's a principal?,,,59.0
1524648,6739,[CAR],you think so?,,,59.0
1524662,6739,[CAR],at a?,,,59.0
1524678,6739,[CAR],you know it could be a principal.,,,59.0
1524696,6739,[CHI],he has a black shirt.,1.0,,59.0
1524713,6739,[CAR],that's right he's got a robe on.,,,59.0
1524729,6739,[CAR],now I think that he might be a judge.,,,59.0
1524741,6739,[CAR],like in a court.,,,59.0
1524763,6739,[CAR],because he's wearing a robe.,,,59.0
1524780,6739,[CAR],and that a judge wears a robe like that.,,,59.0
1524792,6739,[CAR],um so he could be a principal.,,,59.0
1524810,6739,[CAR],or he could be a judge.,,,59.0
1524827,6739,[CHI],no principals have these.,0.0,,59.0
1524840,6739,[CAR],they have these the desk there?,,,59.0
1524850,6739,[CHI],uh huh.,1.0,,59.0
1524868,6739,[CAR],yeah.,,,59.0
1524883,6739,[CAR],yeah they do.,,,59.0
1524892,6739,[CAR],I just I don't know if principals if they wear the robe like that.,,,59.0
1524916,6739,[CAR],they might.,,,59.0
1524927,6739,[CAR],I don't know.,,,59.0
1524941,6739,[CHI],let's turn the?,-1.0,object,59.0
1524951,6739,[CAR],that was the last picture.,,,59.0
1524959,6739,[CAR],now we'll we'll uh knock on the glass but I think we should get a kleenex for your nose.,,,59.0
1537683,6810,[CAR],what does that look like?,,,53.0
1537696,6810,[CHI],cake piece.,-1.0,determiner,53.0
1537721,6810,[CAR],mm did you know that's Daddy's favorite kind?,,,53.0
1537739,6810,[CAR],it's yellow cake with chocolate frosting.,,,53.0
1537753,6810,[CHI],wow.,,,53.0
1537769,6810,[CAR],what's your favorite part the cake or the frosting?,,,53.0
1537787,6810,[CHI],the frost the frosting.,1.0,,53.0
1537802,6810,[CAR],mm.,,,53.0
1537816,6810,[CAR],do you know what?,,,53.0
1537829,6810,[CAR],my birthday's coming up pretty soon.,,,53.0
1537850,6810,[CAR],in about nine days.,,,53.0
1537863,6810,[CAR],think we'll make a cake for it?,,,53.0
1537876,6810,[CHI],mm-hm.,,,53.0
1537890,6810,[CAR],will you help Daddy make a cake?,,,53.0
1537906,6810,[CHI],yeah.,,,53.0
1537921,6810,[CHI],can we please make this kind?,1.0,,53.0
1537937,6810,[CAR],the yellow cake with the chocolate frosting?,,,53.0
1537953,6810,[CHI],yeah.,,,53.0
1537965,6810,[CAR],sure.,,,53.0
1537983,6810,[CAR],that sounds good to me.,,,53.0
1538000,6810,[CAR],we'll have to look downstairs and see if we have those kinds of cake mixes.,,,53.0
1538018,6810,[CAR],alright.,,,53.0
1538036,6810,[CAR],whoa what does that look like?,,,53.0
1538053,6810,[CHI],pilot.,,,53.0
1538067,6810,[CAR],oh that's a good idea huh?,,,53.0
1538087,6810,[CAR],a pilot.,,,53.0
1538104,6810,[CAR],we were just talking about pilots weren't we?,,,53.0
1538123,6810,[CAR],and going to pilot going to school to learn how to be a pilot?,,,53.0
1538150,6810,[CHI],yeah.,,,53.0
1538167,6810,[CAR],do you know Uncle Firstname knows how to fly airplanes?,,,53.0
1538182,6810,[CAR],firstname's dad.,,,53.0
1538199,6810,[CAR],aunt Firstname's husband.,,,53.0
1538214,6810,[CHI],wow.,,,53.0
1538231,6810,[CAR],what does it look like the pilots doing?,,,53.0
1538249,6810,[CHI],flying an air flying the airplane.,1.0,,53.0
1538269,6810,[CAR],but he's not looking out the window.,,,53.0
1538288,6810,[CHI],mm.,,,53.0
1538302,6810,[CAR],hm.,,,53.0
1538315,6810,[CAR],kinda of tough to tell.,,,53.0
1538326,6810,[CHI],uh huh.,1.0,,53.0
1538336,6810,[CAR],maybe he's saying something to someone else over here.,,,53.0
1538349,6810,[CHI],no maybe he's talking on the radio.,1.0,,53.0
1538364,6810,[CAR],oh that's true.,,,53.0
1538372,6810,[CAR],to the air traffic controllers?,,,53.0
1538387,6810,[CHI],yeah.,,,53.0
1538407,6810,[CAR],good.,,,53.0
1538420,6810,[CAR],do you remember what the air traffic controllers do?,,,53.0
1538435,6810,[CHI],what?,,,53.0
1538451,6810,[CAR],they're the ones that sit up in those big high towers and they make sure that none of the planes bump into each other.,,,53.0
1538469,6810,[CHI],oh.,,,53.0
1538482,6810,[CAR],seems like an important job.,,,53.0
1538500,6810,[CAR],oh what's that?,,,53.0
1538513,6810,[CHI],penguin.,,,53.0
1538522,6810,[CAR],look at that.,,,53.0
1538537,6810,[CAR],you know I didn't know penguins had claws.,,,53.0
1538552,6810,[CHI],I think those are they help them catch fish.,1.0,,53.0
1538568,6810,[CAR],oh do penguins catch fish?,,,53.0
1538580,6810,[CHI],oh oh oh at least they like to eat fish.,1.0,,53.0
1538601,6810,[CAR],mm well the fish probably don't just crawl into their mouths by themselves huh?,,,53.0
1538618,6810,[CHI],no.,,,53.0
1538628,6810,[CAR],they probably have to catch them.,,,53.0
1538644,6810,[CHI],because they only have fins.,1.0,,53.0
1538659,6810,[CAR],oh.,,,53.0
1538673,6810,[CAR],what's that?,,,53.0
1538688,6810,[CHI],broccoli.,,,53.0
1538700,6810,[CAR],mm.,,,53.0
1538713,6810,[CHI],my favorite with butter.,1.0,,53.0
1538725,6810,[CAR],yeah yum.,,,53.0
1538734,6810,[CAR],you know Firstname likes broccoli not cooked dipped in ranch dressing.,,,53.0
1538748,6810,[CHI],wow.,,,53.0
1538757,6810,[CAR],last night what were you dipping your broccoli in?,,,53.0
1538763,6810,[CHI],what?,,,53.0
1538775,6810,[CAR],didn't you dip it in ketchup last night?,,,53.0
1538787,6810,[CHI],oh yeah.,1.0,,53.0
1538799,6810,[CAR],what's that?,,,53.0
1538808,6810,[CHI],clown.,,,53.0
1538824,6810,[CAR],that's kind of silly.,,,53.0
1538836,6810,[CHI],yeah.,,,53.0
1538852,6810,[CAR],what's the clown doing with his fingers?,,,53.0
1538861,6810,[CHI],putting them in his ears.,1.0,,53.0
1538876,6810,[CAR],I wonder why he's doing that.,,,53.0
1538894,6810,[CHI],yeah.,,,53.0
1538908,6810,[CAR],maybe somebody made a loud nose.,,,53.0
1538921,6810,[CHI],no.,,,53.0
1538938,6810,[CHI],I think just is one of his jokes.,-1.0,subject,53.0
1538960,6810,[CAR],oh okay.,,,53.0
1538971,6810,[CAR],what do you think is in the clown's pockets?,,,53.0
1538984,6810,[CHI],I don't know.,1.0,,53.0
1538993,6810,[CAR],maybe balloons?,,,53.0
1539005,6810,[CAR],sometimes clowns make things out of balloons.,,,53.0
1539018,6810,[CHI],oh.,,,53.0
1539027,6810,[CHI],then what see the pockets are full.,-1.0,other,53.0
1539044,6810,[CAR],so maybe they're empty balloons waiting to be blown up.,,,53.0
1539057,6810,[CAR],do you remember when you went to Firstname's birthday party and the clown made something for you?,,,53.0
1539067,6810,[CHI],yeah.,,,53.0
1539079,6810,[CHI],it was a sword.,1.0,,53.0
1539092,6810,[CAR],yeah.,,,53.0
1539104,6810,[CAR],and when Daddy and I found a clown later that night that clown made us another sword for you.,,,53.0
1539119,6810,[CHI],mm.,,,53.0
1539126,6810,[CHI],that clown did?,1.0,,53.0
1539138,6810,[CAR],no but it was a clown that looked kind of like that.,,,53.0
1539154,6810,[CHI],oh.,,,53.0
1539166,6810,[CAR],want to see what's on the next page?,,,53.0
1539179,6810,[CHI],I'll turn.,-1.0,object,53.0
1539196,6810,[CAR],oh what does that look like?,,,53.0
1539212,6810,[CHI],a teacher.,1.0,,53.0
1539231,6810,[CAR],mm-hm.,,,53.0
1539246,6810,[CAR],do you know what she's teaching?,,,53.0
1539261,6810,[CHI],what?,,,53.0
1539278,6810,[CAR],looks like she's teaching trigonometry or geometry.,,,53.0
1539285,6810,[CAR],she's talking about shapes.,,,53.0
1539299,6810,[CHI],oh.,,,53.0
1539534,6810,[CAR],see right there?,,,53.0
1539565,6810,[CAR],there's those different shapes?,,,53.0
1539579,6810,[CAR],how many sides does this shape have?,,,53.0
1539592,6810,[CHI],uh?,,,53.0
1539604,6810,[CAR],one two three four.,,,53.0
1539616,6810,[CAR],daddy learned about a lot of that and so did I when we were in school.,,,53.0
1539632,6810,[CAR],what does that look like?,,,53.0
1539648,6810,[CHI],cereal.,,,53.0
1539666,6810,[CAR],do you know what kind of cereal?,,,53.0
1539679,6810,[CHI],what?,,,53.0
1539689,6810,[CAR],it's called cornflakes.,,,53.0
1539701,6810,[CHI],mm.,,,53.0
1539713,6810,[CAR],they take corn and they mix it with some other things.,,,53.0
1539729,6810,[CAR],and they roll it out really flat and make these crunchy little flakes.,,,53.0
1539754,6810,[CAR],I used to eat that a lot when I was growing up.,,,53.0
1539770,6810,[CAR],grandma and Grandpa liked to buy that.,,,53.0
1539785,6810,[CHI],mm.,,,53.0
1539796,6810,[CAR],what's that?,,,53.0
1539810,6810,[CHI],horse.,,,53.0
1539822,6810,[CAR],does that look like an adult horse or a baby horse?,,,53.0
1539836,6810,[CHI],an adult.,1.0,,53.0
1539849,6810,[CAR],mm.,,,53.0
1539859,6810,[CAR],it's kind of hard to tell.,,,53.0
1539871,6810,[CAR],do you remember when you got to ride a horse?,,,53.0
1539885,6810,[CHI],yeah.,,,53.0
1539896,6810,[CHI],at at when we were at the zoo.,1.0,,53.0
1539909,6810,[CAR],yeah.,,,53.0
1539916,6810,[CAR],that was kind of fun wasn't it?,,,53.0
1539928,6810,[CAR],but the horse that you rode did it have a saddle on it?,,,53.0
1539946,6810,[CAR],something you can sit on?,,,53.0
1539958,6810,[CHI],yep.,,,53.0
1539968,6810,[CAR],this horse looks kind of wild and free.,,,53.0
1539980,6810,[CHI],yeah.,,,53.0
1539994,6810,[CAR],what's that look like?,,,53.0
1540006,6810,[CHI],someone playing baseball.,1.0,,53.0
1540016,6810,[CAR],mm no.,,,53.0
1540026,6810,[CAR],baseballs are small and white.,,,53.0
1540040,6810,[CAR],white kind of ball is that?,,,53.0
1540049,6810,[CHI],football.,,,53.0
1540062,6810,[CAR],yeah.,,,53.0
1540083,6810,[CAR],and she's got a helmet on her head.,,,53.0
1540095,6810,[CAR],do you know why?,,,53.0
1540109,6810,[CHI],why?,,,53.0
1540120,6810,[CAR],to protect her head.,,,53.0
1540129,6810,[CAR],because sometimes in football people crash into each other.,,,53.0
1540140,6810,[CHI],oh.,,,53.0
1540155,6810,[CAR],and she's got what on her shirt?,,,53.0
1540167,6810,[CHI],number three and zero.,1.0,,53.0
1540180,6810,[CAR],yeah a zero and a three.,,,53.0
1540191,6810,[CAR],that means she's player number three.,,,53.0
1540259,6810,[CHI],oh.,,,53.0
1540279,6810,[CAR],did you ever notice that Firstname has a number on her soccer shirt?,,,53.0
1540298,6810,[CHI],oh.,,,53.0
1540308,6810,[CHI],what number does she have?,1.0,,53.0
1540322,6810,[CAR],I'm not sure.,,,53.0
1540336,6810,[CAR],we'll have to look and see.,,,53.0
1540347,6810,[CAR],for awhile she was player number zero one.,,,53.0
1540364,6810,[CAR],so she was player number one.,,,53.0
1540378,6810,[CAR],all of the players on the team have a different number.,,,53.0
1540394,6810,[CAR],so they can keep track of them.,,,53.0
1540406,6810,[CHI],mm.,,,53.0
1540418,6810,[CAR],they'll say player number one caught the ball.,,,53.0
1540433,6810,[CHI],mm.,,,53.0
1540445,6810,[CHI],with their foot though.,1.0,,53.0
1540455,6810,[CAR],yes if it's soccer they have to use their foot but if it's football they can use their hands.,,,53.0
1540469,6810,[CHI],oh why is football have the have the name foot in it?,-1.0,"determiner, auxiliary",53.0
1540479,6810,[CAR],mm maybe because they kick the ball sometimes.,,,53.0
1540490,6810,[CHI],hm.,,,53.0
1540496,6810,[CAR],that's a good question.,,,53.0
1540503,6810,[CAR],I don't know.,,,53.0
1540514,6810,[CHI],why?,,,53.0
1540525,6810,[CAR],well I guess I hadn't thought about it before.,,,53.0
1540535,6810,[CAR],did you know in different countries though they call soccer football?,,,53.0
1540547,6810,[CAR],if you ask Firstname what football was she would describe the game soccer.,,,53.0
1540567,6810,[CHI],oh.,,,53.0
1540574,6810,[CAR],did you cut your finger?,,,53.0
1540585,6810,[CHI],no.,,,53.0
1540591,6810,[CAR],is it just dry?,,,53.0
1540601,6810,[CHI],what?,,,53.0
1540609,6810,[CAR],is it just dry skin?,,,53.0
1540617,6810,[CHI],I think it's red.,1.0,,53.0
1540625,6810,[CAR],hm I think we need to start putting lotion on your hands again.,,,53.0
1540634,6810,[CHI],no I I think it's when I scrape it on something.,1.0,,53.0
1540644,6810,[CAR],mm.,,,53.0
1540652,6810,[CAR],should we see what the next picture is?,,,53.0
1540660,6810,[CHI],mm-hm.,,,53.0
1540668,6810,[CHI],I'll turn.,1.0,,53.0
1540675,6810,[CAR],okay.,,,53.0
1540685,6810,[CHI],because I know a a a where the part is.,1.0,,53.0
1540694,6810,[CAR],okay.,,,53.0
1540705,6810,[CAR],ooh what's that?,,,53.0
1540715,6810,[CHI],cra- crayfish.,-1.0,determiner,53.0
1540726,6810,[CAR],looks kind of like a crayfish doesn't it.,,,53.0
1540736,6810,[CAR],or a lobster.,,,53.0
1540747,6810,[CAR],it's kind of hard to tell.,,,53.0
1540761,6810,[CAR],because we don't know how big it is.,,,53.0
1540774,6810,[CAR],do you remember where we saw our crayfish the last time?,,,53.0
1540784,6810,[CHI],in Utah!,1.0,,53.0
1540793,6810,[CAR],we saw a bunch of them in Utah.,,,53.0
1540805,6810,[CAR],but didn't you catch some when you went fishing with Daddy?,,,53.0
1540815,6810,[CHI],uh huh.,1.0,,53.0
1540823,6810,[CHI],where?,,,53.0
1540832,6810,[CAR],oh it was when you went to go set the fish free in Firstname Creek.,,,53.0
1540844,6810,[CAR],didn't your daddy bring a crayfish back?,,,53.0
1540853,6810,[CHI],oh yeah.,1.0,,53.0
1540862,6810,[CAR],and we saw a crayfish when we went inside the botanical gardens last time.,,,53.0
1540869,6810,[CHI],oh yeah.,1.0,,53.0
1540875,6810,[CAR],yeah.,,,53.0
1540884,6810,[CHI],ready turn the page?,-1.0,tense_aspect,53.0
1540893,6810,[CAR],sure.,,,53.0
1540902,6810,[CAR],what's that?,,,53.0
1540910,6810,[CHI],silver crocodile.,-1.0,determiner,53.0
1540919,6810,[CAR],ah wow.,,,53.0
1540927,6810,[CAR],I wonder why it has all those bumps on top of it.,,,53.0
1540940,6810,[CHI],uh.,,,53.0
1540949,6810,[CHI],oh I remember.,1.0,,53.0
1540958,6810,[CHI],all crocodiles have those.,1.0,,53.0
1540968,6810,[CAR],do they?,,,53.0
1540978,6810,[CHI],yeah.,,,53.0
1540987,6810,[CAR],do you know why they have them?,,,53.0
1541032,6810,[CHI],wh- no.,1.0,,53.0
1541076,6810,[CAR],I don't either.,,,53.0
1541087,6810,[CAR],just curious.,,,53.0
1541094,6810,[CHI],orange.,,,53.0
1541101,6810,[CAR],mm that looks like a tasty orange doesn't it?,,,53.0
1541109,6810,[CHI],why?,,,53.0
1541115,6810,[CAR],oh it's just all the same color.,,,53.0
1541123,6810,[CAR],and it doesn't have any bruises on it.,,,53.0
1541130,6810,[CAR],looks like it'd be nice and juicy.,,,53.0
1541136,6810,[CHI],witch!,,,53.0
1541149,6810,[CAR],who was it I think it was Firstname that dressed up like a witch for Halloween.,,,53.0
1541156,6810,[CHI],mm.,,,53.0
1541163,6810,[CAR],I never got to see her in her costume but Firstname said that's what she dressed up as.,,,53.0
1541174,6810,[CHI],well look.,1.0,,53.0
1541181,6810,[CHI],there's even a bat.,1.0,,53.0
1541186,6810,[CAR],mm.,,,53.0
1541204,6810,[CHI],I'm sure she didn't have a bat on her costume.,1.0,,53.0
1541210,6810,[CAR],no probably not.,,,53.0
1541230,6810,[CAR],but Firstname had a hat that had a flashing light on it.,,,53.0
1541252,6810,[CHI],like that witch did?,1.0,,53.0
1541262,6810,[CAR],well I don't know if that flashes or that's just a shiny thing on there.,,,53.0
1541275,6810,[CAR],maybe we can ask Firstname sometime to see her flashing hat.,,,53.0
1541285,6810,[CHI],yeah.,,,53.0
1541292,6810,[CAR],mm.,,,53.0
1541302,6810,[CHI],what's that?,1.0,,53.0
1541312,6810,[CAR],popcorn.,,,53.0
1541322,6810,[CHI],yum.,,,53.0
1541331,6810,[CAR],you know you got some popcorn when you went trick or treating.,,,53.0
1541341,6810,[CAR],little bags of popcorn that we can put in the microwave and cook.,,,53.0
1541352,6810,[CHI],oh yeah.,1.0,,53.0
1541369,6810,[CAR],would you like to make some?,,,53.0
1541382,6810,[CHI],yes please.,1.0,,53.0
1541391,6810,[CAR],okay.,,,53.0
1541402,6810,[CAR],what's that?,,,53.0
1541411,6810,[CHI],elephant.,,,53.0
1541422,6810,[CAR],yeah.,,,53.0
1541434,6810,[CHI],firstname like's elephants too.,0.0,,53.0
1541447,6810,[CAR],he does?,,,53.0
1541456,6810,[CAR],did you talk with Firstname about elephants?,,,53.0
1541467,6810,[CHI],no not really.,1.0,,53.0
1541480,6810,[CAR],oh.,,,53.0
1541491,6810,[CAR],how do you know he likes them?,,,53.0
1541503,6810,[CHI],he just said because he brought el a elephant for show and tell.,-1.0,"object, determiner",53.0
1541518,6810,[CAR],oh okay.,,,53.0
1541526,6810,[CAR],do you want to look at any of them again or are you all done?,,,53.0
1541540,6810,[CHI],and see these are the flaps that open them up.,1.0,,53.0
1541549,6810,[CAR],oh that's right.,,,53.0
1541563,6810,[CAR],did you want to try opening them one time?,,,53.0
1541575,6810,[CHI],yep.,,,53.0
1541586,6810,[CAR],you have to use both hands and pull out on them.,,,53.0
1541608,6810,[CAR],yeah.,,,53.0
1541619,6810,[CAR],and then you use your fingers to push the rings back together.,,,53.0
1541632,6810,[CAR],use this hand on this ring and this hand on this ring.,,,53.0
1541643,6810,[CAR],make sure not to get your fingers caught in there otherwise they'll snap them and pinch your skin.,,,53.0
1541655,6810,[CAR],good.,,,53.0
1541667,6810,[CAR],you figured it out.,,,53.0
1541678,6810,[CAR],this is called a three ring binder.,,,53.0
1541689,6810,[CHI],wow.,,,53.0
1541699,6810,[CHI],neat.,,,53.0
1541707,6810,[CAR],yeah.,,,53.0
1541718,6810,[CAR],okay they said when we're done we're supposed to go knock on the window.,,,53.0
1541728,6810,[CAR],do you want to do that?,,,53.0
1541739,6810,[CHI],so that they'll know we're done with the book?,1.0,,53.0
1541748,6810,[CAR],yep.,,,53.0
1541757,6810,[CHI],okay.,,,53.0
1541769,6810,[CAR],there's the window right there the mirror.,,,53.0
851762,4328,[CHI],horses Mommy.,0.0,,34.0
851776,4328,[CAR],what do you see outside?,,,34.0
851798,4328,[CHI],horses.,,,34.0
851819,4328,[CAR],what are the horses doing?,,,34.0
851845,4328,[CHI],eating.,,,34.0
851862,4328,[CHI],eating.,,,34.0
851888,4328,[CAR],are they eating?,,,34.0
851911,4328,[CAR],who's feeding them?,,,34.0
851925,4328,[CHI],the people are.,1.0,,34.0
851945,4328,[CAR],the little girl?,,,34.0
851967,4328,[CHI],yeah.,,,34.0
851981,4328,[CAR],what is her name?,,,34.0
852000,4328,[CHI],Karen.,,,34.0
852024,4328,[CAR],her name is Kathy.,,,34.0
852043,4328,[CAR],is she feeding the horses?,,,34.0
852066,4328,[CHI],yeah.,,,34.0
852083,4328,[CAR],oh I see.,,,34.0
852105,4328,[CHI],where?,,,34.0
852116,4328,[CAR],she loves horses doesn't she?,,,34.0
852143,4328,[CHI],yeah.,,,34.0
852158,4328,[CHI],she verb my horses.,0.0,,34.0
852177,4328,[CHI],where?,,,34.0
852200,4328,[CAR],did you go and see them the other day?,,,34.0
852219,4328,[CHI],yeah.,,,34.0
852235,4328,[CAR],what did the horses do?,,,34.0
852252,4328,[CHI],they just ate.,1.0,,34.0
852265,4328,[CAR],did they walk around?,,,34.0
852288,4328,[CHI],yeah.,,,34.0
852300,4328,[CAR],what did you do to them?,,,34.0
852320,4328,[CAR],what did you do to the horses?,,,34.0
852332,4328,[CHI],pat them.,1.0,,34.0
852351,4328,[CAR],oh what else is outside?,,,34.0
852369,4328,[CAR],did you feed chickens this morning?,,,34.0
852383,4328,[CHI],yup.,,,34.0
852397,4328,[CHI],with the with the corn.,1.0,,34.0
852416,4328,[CAR],with the corn?,,,34.0
852440,4328,[CAR],how did you prepare the corn?,,,34.0
852457,4328,[CAR],did you take the leaves off?,,,34.0
852477,4328,[CHI],yup.,,,34.0
852493,4328,[CAR],and then what?,,,34.0
852508,4328,[CHI],put them in their house.,0.0,,34.0
852525,4328,[CHI],and then we water?,-1.0,"verb, preposition",34.0
852548,4328,[CHI],then we put water in for for the big duck to swim.,1.0,,34.0
852568,4328,[CAR],really?,,,34.0
852583,4328,[CHI],yeah.,,,34.0
852603,4328,[CAR],where did you put the water?,,,34.0
852623,4328,[CHI],in the swimming pool.,1.0,,34.0
852649,4328,[CAR],oh and what did the duck do?,,,34.0
852668,4328,[CHI],he swim he drinked it all up.,-1.0,tense_aspect,34.0
852683,4328,[CHI],and he swimmed in it.,-1.0,tense_aspect,34.0
852701,4328,[CAR],he did.,,,34.0
852722,4328,[CHI],yeah.,,,34.0
852739,4328,[CHI],yeah.,,,34.0
852757,4328,[CAR],and what did the chickens do when you put the corn in?,,,34.0
852785,4328,[CHI],ate.,,,34.0
852803,4328,[CHI],the chickens ate it.,1.0,,34.0
852820,4328,[CAR],oh.,,,34.0
852841,4328,[CAR],who did you feed the chickens with?,,,34.0
852858,4328,[CHI],me and Miriam and nick Samantha and you.,1.0,,34.0
852881,4328,[CAR],I see.,,,34.0
852903,4328,[CAR],did you find any eggs today?,,,34.0
852920,4328,[CHI],yup.,,,34.0
852946,4328,[CAR],how many?,,,34.0
852962,4328,[CHI],two.,,,34.0
852979,4328,[CHI],one two five six seven eight nine ten for eleven and twelve.,0.0,,34.0
853002,4328,[CAR],where did you find eggs?,,,34.0
853021,4328,[CHI],on some more chickens.,1.0,,34.0
853036,4328,[CAR],where did you find the eggs?,,,34.0
853053,4328,[CHI],some more chickens I said.,0.0,,34.0
853075,4328,[CAR],did you find them on the ground?,,,34.0
853093,4328,[CHI],yup.,,,34.0
853111,4328,[CAR],were they still hot?,,,34.0
853135,4328,[CHI],no.,,,34.0
853154,4328,[CAR],they were cold?,,,34.0
853172,4328,[CHI],yup.,,,34.0
853190,4328,[CAR],did you feed the goats today?,,,34.0
853205,4328,[CHI],yup.,,,34.0
853218,4328,[CAR],what did you feed them?,,,34.0
853231,4328,[CHI],hay.,,,34.0
853248,4328,[CAR],you did?,,,34.0
853268,4328,[CAR],what did they do?,,,34.0
853286,4328,[CHI],they ate their hay.,1.0,,34.0
853306,4328,[CHI],wasn't that nice?,1.0,,34.0
853321,4328,[CAR],yeah.,,,34.0
853339,4328,[CHI],they ate their hay.,1.0,,34.0
853355,4328,[CAR],did you go inside with the goats?,,,34.0
853376,4328,[CHI],nope.,,,34.0
853393,4328,[CAR],where did you stay?,,,34.0
853407,4328,[CHI],I stayed outside.,1.0,,34.0
853422,4328,[CAR],who went in?,,,34.0
853440,4328,[CHI],Miriam did.,1.0,,34.0
853454,4328,[CHI],Miriam did Mommy.,1.0,,34.0
853473,4328,[CAR],I see.,,,34.0
853485,4328,[CAR],where did she bring the hay?,,,34.0
853507,4328,[CHI],from the big hole.,1.0,,34.0
853521,4328,[CHI],from the little holes.,1.0,,34.0
853530,4328,[CAR],from the big shed?,,,34.0
853539,4328,[CHI],yup.,,,34.0
853554,4328,[CAR],and where did she put it?,,,34.0
853569,4328,[CHI],in their house.,1.0,,34.0
853587,4328,[CAR],in whose house?,,,34.0
853602,4328,[CHI],in Marilee's house.,1.0,,34.0
853619,4328,[CAR],in whose house?,,,34.0
853639,4328,[CHI],where's Marilee?,1.0,,34.0
853659,4328,[CAR],Marilee lives somewhere else.,,,34.0
853682,4328,[CHI],no I wanna go to what that thing and see if I'm tall.,-1.0,verb,34.0
853704,4328,[CAR],oh you wanna go against the the bureau?,,,34.0
853729,4328,[CAR],okay stand against the bureau and I'll show you how tall you are.,,,34.0
853746,4328,[CAR],this is how tall you are.,,,34.0
853763,4328,[CAR],turn around.,,,34.0
853774,4328,[CAR],see how tall you are?,,,34.0
853784,4328,[CHI],yup.,,,34.0
853800,4328,[CAR],you've gotten big haven't you?,,,34.0
853815,4328,[CHI],Miriam and nick are out there.,1.0,,34.0
853832,4328,[CHI],see that.,0.0,,34.0
853847,4328,[CAR],where are they?,,,34.0
853862,4328,[CAR],I don't see them.,,,34.0
853877,4328,[CHI],what are those people doing?,1.0,,34.0
853894,4328,[CHI],uh?,,,34.0
853910,4328,[CAR],where?,,,34.0
853920,4328,[CHI],what are those people doing right there?,1.0,,34.0
853946,4328,[CAR],oh I think they're talking.,,,34.0
853959,4328,[CHI],at my new home?,1.0,,34.0
853973,4328,[CAR],yeah.,,,34.0
853989,4328,[CHI],oh I see.,1.0,,34.0
854008,4328,[CHI],oh I see.,1.0,,34.0
854028,4328,[CHI],I see.,1.0,,34.0
854046,4328,[CHI],I see.,1.0,,34.0
854068,4328,[CHI],I see.,1.0,,34.0
854084,4328,[CHI],I see.,1.0,,34.0
854101,4328,[CHI],I see.,1.0,,34.0
854115,4328,[CHI],I see.,1.0,,34.0
854131,4328,[CHI],I see.,1.0,,34.0
854140,4328,[CHI],I see.,1.0,,34.0
854160,4328,[CAR],are the horses eating?,,,34.0
854176,4328,[CHI],yup.,,,34.0
854193,4328,[CAR],oh they're nice horses.,,,34.0
854215,4328,[CAR],look at flicker.,,,34.0
854236,4328,[CAR],he's coming towards the fence.,,,34.0
854249,4328,[CHI],yeah.,,,34.0
854264,4328,[CHI],see all the apricot trees?,0.0,,34.0
854274,4328,[CHI],yeah.,,,34.0
854291,4328,[CAR],did you eat an apricot this morning?,,,34.0
854307,4328,[CHI],apricots are on there.,1.0,,34.0
854330,4328,[CHI],on the apricot tree.,1.0,,34.0
854349,4328,[CAR],not any more.,,,34.0
854365,4328,[CAR],they were on there this summer.,,,34.0
854383,4328,[CHI],yup.,,,34.0
854399,4328,[CAR],now we're eating dried apricots aren't we?,,,34.0
854414,4328,[CHI],yeah.,,,34.0
854434,4328,[CAR],do you like dried apricots?,,,34.0
854449,4328,[CHI],yeah.,,,34.0
854464,4328,[CHI],I like wet apricots too.,1.0,,34.0
854492,4328,[CAR],you like fresh apricots?,,,34.0
854511,4328,[CHI],no I like wet apricots.,1.0,,34.0
854528,4328,[CAR],wet I see.,,,34.0
854543,4328,[CHI],yup.,,,34.0
854559,4328,[CAR],what fruit did you have in your cereal this morning?,,,34.0
854579,4328,[CHI],raisins.,,,34.0
854591,4328,[CAR],and what else?,,,34.0
854605,4328,[CHI],banana.,,,34.0
854622,4328,[CAR],oh did you eat the banana in the cereal?,,,34.0
854640,4328,[CHI],nope out_of the cereal.,0.0,,34.0
854659,4328,[CAR],oh how did you eat it?,,,34.0
854673,4328,[CAR],did you eat it with your hand?,,,34.0
854688,4328,[CHI],nope.,,,34.0
854710,4328,[CAR],did you keep it in the peel?,,,34.0
854737,4328,[CHI],yup.,,,34.0
854753,4328,[CAR],did you eat the whole thing?,,,34.0
854778,4328,[CHI],yup.,,,34.0
854797,4328,[CAR],none for me?,,,34.0
854810,4328,[CAR],oh my_goodness.,,,34.0
854827,4328,[CHI],let's play with the play dough now.,1.0,,34.0
854847,4328,[CHI],let's play with the play dough now.,1.0,,34.0
854868,4328,[CAR],okay here's some play dough.,,,34.0
854881,4328,[CHI],let's play with it.,1.0,,34.0
854897,4328,[CAR],what would you like to do with it?,,,34.0
854919,4328,[CHI],play with it with you.,1.0,,34.0
854942,4328,[CHI],I wanna play with it with you.,1.0,,34.0
854961,4328,[CHI],okay?,,,34.0
854984,4328,[CHI],I wanna play with it with you.,1.0,,34.0
855013,4328,[CAR],okay here it is.,,,34.0
855029,4328,[CHI],you play with it with me.,0.0,,34.0
855046,4328,[CAR],fine let's put it back here.,,,34.0
855066,4328,[CHI],okay.,,,34.0
855080,4328,[CHI],and make a?,-1.0,object,34.0
855090,4328,[CHI],you make a little bear.,0.0,,34.0
855108,4328,[CHI],you make a little bear.,0.0,,34.0
855124,4328,[CAR],okay.,,,34.0
855140,4328,[CAR],what are you going to make?,,,34.0
855160,4328,[CHI],I'm gonna make?,-1.0,object,34.0
855229,4328,[CHI],you make a little bear and a and a rabbit.,0.0,,34.0
855244,4328,[CHI],you make a bear.,0.0,,34.0
855265,4328,[CHI],you make a bear Mommy.,0.0,,34.0
855285,4328,[CAR],I am.,,,34.0
855303,4328,[CAR],I'm making a bear.,,,34.0
855318,4328,[CAR],what are you going to make?,,,34.0
855339,4328,[CHI],you make a rabbit and a bear I said.,0.0,,34.0
855356,4328,[CAR],here's a rabbit.,,,34.0
855366,4328,[CAR],long ears.,,,34.0
855386,4328,[CAR],there's a little bear.,,,34.0
855396,4328,[CHI],okay.,,,34.0
855415,4328,[CHI],then you make a kitty and a dog.,-1.0,auxiliary,34.0
855430,4328,[CAR],the bear.,,,34.0
855448,4328,[CAR],now you make something for Mommy.,,,34.0
855463,4328,[CHI],okay.,,,34.0
855484,4328,[CHI],this is a seal.,1.0,,34.0
855501,4328,[CHI],that's a seal.,1.0,,34.0
855516,4328,[CAR],really?,,,34.0
855527,4328,[CHI],yeah.,,,34.0
855539,4328,[CHI],I just make one seal.,-1.0,tense_aspect,34.0
855560,4328,[CHI],you make a dog and kitty.,0.0,,34.0
855573,4328,[CHI],okay?,,,34.0
855587,4328,[CAR],what shall I do with the dog and kitty?,,,34.0
855610,4328,[CHI],make them rough.,1.0,,34.0
855633,4328,[CAR],rough?,,,34.0
855654,4328,[CAR],make them fight together?,,,34.0
855671,4328,[CHI],yeah.,,,34.0
855685,4328,[CAR],oh maybe the dog would like the kitty.,,,34.0
855701,4328,[CAR],do we have a new kitty in our home?,,,34.0
855716,4328,[CHI],yeah.,,,34.0
855726,4328,[CAR],what is she like?,,,34.0
855752,4328,[CHI],she likes food.,1.0,,34.0
855766,4328,[CAR],is she big or little?,,,34.0
855783,4328,[CHI],big or big.,1.0,,34.0
855800,4328,[CAR],she's big?,,,34.0
855821,4328,[CHI],little.,,,34.0
855850,4328,[CAR],she's little.,,,34.0
855865,4328,[CAR],what do you do with her?,,,34.0
855881,4328,[CHI],carry her.,1.0,,34.0
855900,4328,[CAR],and what else?,,,34.0
855919,4328,[CHI],pat her.,1.0,,34.0
855932,4328,[CHI],just carry and pat her.,1.0,,34.0
855949,4328,[CAR],what does she do all the time?,,,34.0
855963,4328,[CHI],scratches.,,,34.0
855977,4328,[CAR],sometimes she scratches and she meows too doesn't she?,,,34.0
855996,4328,[CHI],then we put her at down.,-1.0,preposition,34.0
856013,4328,[CAR],when do you put her down?,,,34.0
856032,4328,[CHI],when she meows you put her down.,1.0,,34.0
856046,4328,[CAR],why?,,,34.0
856068,4328,[CAR],what does it mean?,,,34.0
856082,4328,[CHI],that means peoples say.,-1.0,other,34.0
856103,4328,[CHI],put the kitty down.,1.0,,34.0
856121,4328,[CAR],you mean when the kitty meows you put her down?,,,34.0
856142,4328,[CHI],yeah.,,,34.0
856159,4328,[CAR],does that mean she's unhappy when she meows?,,,34.0
856175,4328,[CAR],what did she do this morning when you held her in the kitchen?,,,34.0
856206,4328,[CAR],she made a funny noise.,,,34.0
856226,4328,[CAR],what was that called?,,,34.0
856242,4328,[CHI],purring.,,,34.0
856254,4328,[CAR],purring.,,,34.0
856271,4328,[CAR],that was nice wasn't it?,,,34.0
856286,4328,[CHI],that was nice purring.,1.0,,34.0
856300,4328,[CAR],what does purring mean?,,,34.0
856319,4328,[CHI],purring means put her down.,1.0,,34.0
856333,4328,[CAR],purring means she's happy right?,,,34.0
856347,4328,[CHI],yeah.,,,34.0
856363,4328,[CAR],and meowing means she's sad.,,,34.0
856378,4328,[CHI],yup.,,,34.0
856390,4328,[CHI],that way she wants to get down.,1.0,,34.0
856404,4328,[CAR],so what does she do when she wants to get down?,,,34.0
856423,4328,[CHI],she wants to get down.,1.0,,34.0
856434,4328,[CAR],what does she do then?,,,34.0
856450,4328,[CHI],oh I'm going stupid that hair on there.,-1.0,other,34.0
856466,4328,[CAR],that what?,,,34.0
856482,4328,[CHI],that hair.,1.0,,34.0
856500,4328,[CAR],do you have hair stuck to your finger?,,,34.0
856520,4328,[CHI],yup.,,,34.0
856538,4328,[CAR],that's a piece of fuzz?,,,34.0
856551,4328,[CAR],from the carpet.,,,34.0
856566,4328,[CHI],yup you?,-1.0,verb,34.0
856582,4328,[CHI],let's play with the play dough now.,1.0,,34.0
856600,4328,[CAR],oh it feels nice.,,,34.0
856614,4328,[CHI],it feels nice.,1.0,,34.0
856629,4328,[CHI],yup.,,,34.0
856642,4328,[CHI],that's for big people too and for little girls.,1.0,,34.0
856658,4328,[CAR],what is?,,,34.0
856673,4328,[CHI],play dough is for big girls big people.,1.0,,34.0
856694,4328,[CAR],it is?,,,34.0
856710,4328,[CAR],it's fun to play with.,,,34.0
856727,4328,[CAR],I'm gonna make some pancakes.,,,34.0
856737,4328,[CHI],yeah.,,,34.0
856753,4328,[CAR],did we eat pancakes the other day?,,,34.0
856773,4328,[CHI],yup with Maggie at the pancake house with Justin and me and Maggie and Justin and you.,1.0,,34.0
856792,4328,[CAR],was that fun?,,,34.0
856807,4328,[CAR],how many pancakes did you have?,,,34.0
856826,4328,[CHI],big ones.,1.0,,34.0
856844,4328,[CAR],did you have little ones too?,,,34.0
856856,4328,[CHI],yup.,,,34.0
856869,4328,[CAR],and what did Justin eat?,,,34.0
856885,4328,[CHI],he eat he ate pancakes too.,1.0,,34.0
856901,4328,[CAR],he did?,,,34.0
856914,4328,[CAR],and what did Mommy eat?,,,34.0
856924,4328,[CHI],she ate french fries.,1.0,,34.0
856943,4328,[CAR],french fries?,,,34.0
856958,4328,[CHI],and hamburger.,1.0,,34.0
856981,4328,[CAR],and a hamburger.,,,34.0
856996,4328,[CAR],did you help me eat my french fries?,,,34.0
857024,4328,[CHI],yeah.,,,34.0
857036,4328,[CHI],and I and I ate some of your french fries.,1.0,,34.0
857051,4328,[CAR],did I eat some of your pancake?,,,34.0
857066,4328,[CHI],yeah.,,,34.0
857080,4328,[CAR],what did you put on top of your pancakes?,,,34.0
857093,4328,[CHI],syrup.,,,34.0
857108,4328,[CHI],oh and syrup.,1.0,,34.0
857121,4328,[CAR],what do I make?,,,34.0
857133,4328,[CAR],what am I making?,,,34.0
857149,4328,[CHI],pancakes.,,,34.0
857162,4328,[CAR],oh who are you going to feed them to?,,,34.0
857184,4328,[CHI],a dolly.,1.0,,34.0
857197,4328,[CHI],here.,,,34.0
857210,4328,[CHI],here's a pancake.,1.0,,34.0
857226,4328,[CHI],yum yum yum yum yum yum a yum.,0.0,,34.0
857250,4328,[CHI],yummy.,,,34.0
857269,4328,[CHI],yummy.,,,34.0
857284,4328,[CHI],Mommy what are you doing?,1.0,,34.0
857301,4328,[CAR],I'm looking for some pots to cook with.,,,34.0
857317,4328,[CHI],oh.,,,34.0
857332,4328,[CAR],and a rolling pin.,,,34.0
857346,4328,[CHI],for the roll?,1.0,,34.0
857363,4328,[CHI],for me?,1.0,,34.0
857379,4328,[CHI],can I roll?,1.0,,34.0
857397,4328,[CHI],can I roll Mommy?,1.0,,34.0
857417,4328,[CAR],yeah.,,,34.0
857432,4328,[CAR],to roll the dough with.,,,34.0
857448,4328,[CHI],my dough?,1.0,,34.0
857461,4328,[CAR],uhhuh.,,,34.0
857474,4328,[CHI],a little pottie.,0.0,,34.0
857490,4328,[CAR],a little pot.,,,34.0
857510,4328,[CAR],now you can cook us supper okay?,,,34.0
857528,4328,[CHI],okay.,,,34.0
857545,4328,[CHI],other roll it on here.,-1.0,other,34.0
857562,4328,[CAR],what are you doing?,,,34.0
857581,4328,[CHI],I'm rolling my play dough.,1.0,,34.0
857595,4328,[CAR],oh.,,,34.0
857604,4328,[CHI],it's my?,-1.0,object,34.0
857619,4328,[CHI],is this is this my little one?,1.0,,34.0
857633,4328,[CAR],that's your rolling pin.,,,34.0
857650,4328,[CHI],oh.,,,34.0
857672,4328,[CHI],what do roll pins do?,1.0,,34.0
857693,4328,[CAR],what do rolling pins do?,,,34.0
857719,4328,[CHI],yeah.,,,34.0
857749,4328,[CAR],they're use to roll out the dough when you're baking.,,,34.0
857767,4328,[CAR],you roll it this way see?,,,34.0
857786,4328,[CAR],this way.,,,34.0
857801,4328,[CHI],let me do that.,1.0,,34.0
857812,4328,[CHI],like that?,1.0,,34.0
857825,4328,[CAR],ummhm.,,,34.0
857839,4328,[CHI],now my now my dough is finished.,1.0,,34.0
857856,4328,[CHI],look at this bread.,1.0,,34.0
857868,4328,[CAR],is that bread?,,,34.0
857886,4328,[CHI],yup.,,,34.0
857896,4328,[CHI],for you.,1.0,,34.0
857912,4328,[CAR],thank_you.,,,34.0
857921,4328,[CHI],this is not too little.,1.0,,34.0
857935,4328,[CAR],is that a little pot?,,,34.0
857957,4328,[CHI],yeah.,,,34.0
857977,4328,[CAR],oh isn't it sweet.,,,34.0
857994,4328,[CHI],let's make little peas in there.,1.0,,34.0
858007,4328,[CHI],okay?,,,34.0
858030,4328,[CHI],what's my do on play dough?,-1.0,other,34.0
858049,4328,[CHI],do I have dough?,1.0,,34.0
858065,4328,[CHI],do I have dough?,1.0,,34.0
858083,4328,[CAR],do you have play dough?,,,34.0
858097,4328,[CHI],dough?,,,34.0
858114,4328,[CAR],that's called play dough.,,,34.0
858148,4328,[CHI],do I have dough?,1.0,,34.0
858176,4328,[CAR],do you have play dough?,,,34.0
858209,4328,[CAR],yes you do.,,,34.0
858229,4328,[CHI],no do I have dough?,1.0,,34.0
858256,4328,[CAR],dough?,,,34.0
858274,4328,[CAR],yes you have dough.,,,34.0
858294,4328,[CAR],be careful not to put it on the on the rug okay?,,,34.0
858319,4328,[CAR],let's keep it up here.,,,34.0
858335,4328,[CAR],on this box top.,,,34.0
858361,4328,[CHI],I'm gonna cook.,1.0,,34.0
858379,4328,[CHI],now I have.,-1.0,object,34.0
858395,4328,[CAR],what are you cooking?,,,34.0
858411,4328,[CHI],what?,,,34.0
858424,4328,[CHI],oh look at this pot.,1.0,,34.0
858441,4328,[CHI],I could put something in there.,1.0,,34.0
858456,4328,[CHI],there.,,,34.0
858475,4328,[CHI],there.,,,34.0
858491,4328,[CHI],that was a big one.,1.0,,34.0
858507,4328,[CAR],what are you putting in that pot?,,,34.0
858525,4328,[CHI],peas.,,,34.0
858543,4328,[CHI],bacon.,,,34.0
858568,4328,[CHI],bacon.,,,34.0
858584,4328,[CAR],bacon?,,,34.0
858610,4328,[CAR],did you have bacon the other day at the pancake house?,,,34.0
858631,4328,[CHI],yup.,,,34.0
858649,4328,[CAR],what did you eat at the fair?,,,34.0
858674,4328,[CAR],remember?,,,34.0
858700,4328,[CHI],yeah.,,,34.0
858724,4328,[CAR],what did you hafta eat at the fair?,,,34.0
858751,4328,[CHI],chicken.,,,34.0
858774,4328,[CAR],oh was it a big turkey stick?,,,34.0
858791,4328,[CAR],a turkey drumstick?,,,34.0
858812,4328,[CHI],yup.,,,34.0
858823,4328,[CAR],how did you eat it?,,,34.0
858840,4328,[CHI],with your hands.,1.0,,34.0
858856,4328,[CAR],with your hands.,,,34.0
858873,4328,[CAR],what else did you eat at the fair?,,,34.0
858892,4328,[CHI],a cake.,1.0,,34.0
858905,4328,[CAR],cake?,,,34.0
858919,4328,[CAR],was it good?,,,34.0
858935,4328,[CHI],yup and a man eating fire.,-1.0,verb,34.0
858958,4328,[CAR],was there a man eating fire at the fair?,,,34.0
858977,4328,[CHI],yeah.,,,34.0
858990,4328,[CAR],what did he do with the fire at the fair?,,,34.0
859010,4328,[CHI],yeah.,,,34.0
859020,4328,[CAR],what did he do with the fire?,,,34.0
859034,4328,[CAR],where did he put it?,,,34.0
859049,4328,[CHI],in his mouth.,1.0,,34.0
859065,4328,[CAR],oh that would burn wouldn't it?,,,34.0
859076,4328,[CHI],yup.,,,34.0
859092,4328,[CAR],did you think he got burned?,,,34.0
859108,4328,[CHI],yeah.,,,34.0
859121,4328,[CAR],we don't eat fire do we?,,,34.0
859138,4328,[CHI],no we eat just eat food.,1.0,,34.0
859150,4328,[CAR],what else did you see at the fair?,,,34.0
859165,4328,[CHI],a a funny lady with red hair and a funny lady with cream on her.,1.0,,34.0
859184,4328,[CHI],she was and she was a witch.,1.0,,34.0
859203,4328,[CAR],she was a witch?,,,34.0
859219,4328,[CAR],she had white cream all over her hair?,,,34.0
859241,4328,[CAR],or her face?,,,34.0
859259,4328,[CHI],her face.,1.0,,34.0
859267,4328,[CAR],her face.,,,34.0
859282,4328,[CAR],was she ugly or pretty?,,,34.0
859297,4328,[CHI],ugly.,,,34.0
859312,4328,[CAR],ugly.,,,34.0
859332,4328,[CAR],did she scare you?,,,34.0
859346,4328,[CHI],yup.,,,34.0
859361,4328,[CAR],what was she doing?,,,34.0
859376,4328,[CHI],she was scaring me.,1.0,,34.0
859386,4328,[CAR],oh.,,,34.0
859398,4328,[CAR],did we see many people in costumes at the fair?,,,34.0
859413,4328,[CHI],yup.,,,34.0
859427,4328,[CAR],what were they wearing?,,,34.0
859445,4328,[CAR],what kind of costumes?,,,34.0
859464,4328,[CHI],blue.,,,34.0
859476,4328,[CAR],were there was there a queen?,,,34.0
859496,4328,[CHI],yeah.,,,34.0
859510,4328,[CAR],where was the queen?,,,34.0
859527,4328,[CAR],where was the queen?,,,34.0
859550,4328,[CHI],on top of a high chair.,1.0,,34.0
859561,4328,[CAR],on top of a chair.,,,34.0
859580,4328,[CHI],and she was.,-1.0,object,34.0
859593,4328,[CHI],how are you people down there?,1.0,,34.0
859608,4328,[CAR],what was she saying?,,,34.0
859633,4328,[CHI],she was.,-1.0,object,34.0
859650,4328,[CHI],hello how are how are all you people down there?,1.0,,34.0
859679,4328,[CHI],that what she sayed.,-1.0,tense_aspect,34.0
859698,4328,[CAR],is that what she said?,,,34.0
859724,4328,[CAR],did you see a puppet show there?,,,34.0
859743,4328,[CAR],what happened at the puppet show?,,,34.0
859767,4328,[CHI],she talked.,1.0,,34.0
859783,4328,[CAR],who was at the puppet show?,,,34.0
859803,4328,[CHI],puppets.,,,34.0
859817,4328,[CAR],what were their names remember?,,,34.0
859833,4328,[CAR],what were their names?,,,34.0
859853,4328,[CHI],Mr Mr Punch.,1.0,,34.0
859874,4328,[CAR],what did Mr Punch do?,,,34.0
859891,4328,[CHI],he punched?,1.0,,34.0
859909,4328,[CAR],did he punch down Judy?,,,34.0
859923,4328,[CHI],yeah.,,,34.0
859931,4328,[CAR],and what was he carrying in his arms remember?,,,34.0
859946,4328,[CHI],yup.,,,34.0
859963,4328,[CHI],a baby.,1.0,,34.0
859976,4328,[CAR],what did he do to the baby?,,,34.0
859988,4328,[CHI],he dropped him on his head and cried.,0.0,,34.0
860007,4328,[CAR],oh who did he drop on his head?,,,34.0
860038,4328,[CHI],a baby.,1.0,,34.0
860052,4328,[CAR],oh did he drop him out_of the window?,,,34.0
860069,4328,[CHI],no.,,,34.0
860085,4328,[CAR],what happened to Mr Punch?,,,34.0
860102,4328,[CHI],punched.,,,34.0
860119,4328,[CHI],the the alligator come out and bite his chin.,-1.0,tense_aspect,34.0
860144,4328,[CAR],did the alligator come out?,,,34.0
860155,4328,[CAR],what did the alligator wanna do to Mr Punch?,,,34.0
860178,4328,[CHI],he ate it him all up.,1.0,,34.0
860190,4328,[CAR],did that scare him?,,,34.0
860213,4328,[CHI],yup.,,,34.0
860226,4328,[CAR],did Mr Punch have a big nose or a little nose?,,,34.0
860240,4328,[CHI],a big nose.,1.0,,34.0
860263,4328,[CAR],was he ugly?,,,34.0
860277,4328,[CHI],yeah.,,,34.0
860289,4328,[CAR],he sure was.,,,34.0
860309,4328,[CHI],yup.,,,34.0
860322,4328,[CAR],what did the people do at the puppet show?,,,34.0
860339,4328,[CHI],watched Mr Punch talk.,1.0,,34.0
860356,4328,[CAR],did you clap sometime?,,,34.0
860366,4328,[CAR],did you clap for Mr Punch?,,,34.0
860384,4328,[CHI],yup.,,,34.0
860400,4328,[CAR],who did we go to the fair with?,,,34.0
860416,4328,[CHI],with Dennis.,1.0,,34.0
860430,4328,[CAR],no that was Cinda remember?,,,34.0
860447,4328,[CHI],oh it's upside down.,1.0,,34.0
860463,4328,[CAR],what's upside down?,,,34.0
860480,4328,[CHI],the the peas are.,1.0,,34.0
860498,4328,[CAR],oh oh are you putting the pot upside down?,,,34.0
860526,4328,[CAR],but the play dough is sticking isn't it?,,,34.0
860542,4328,[CHI],yup.,,,34.0
860569,4328,[CAR],so they're not falling out.,,,34.0
860586,4328,[CHI],yup.,,,34.0
860602,4328,[CHI],a stick.,0.0,,34.0
860617,4328,[CAR],where is the play dough sticking?,,,34.0
860633,4328,[CHI],in the pot.,1.0,,34.0
860647,4328,[CHI],I made the play dough off.,-1.0,other,34.0
860664,4328,[CAR],you are?,,,34.0
860679,4328,[CHI],that's not good.,1.0,,34.0
860697,4328,[CHI],that's awful.,1.0,,34.0
860709,4328,[CAR],play dough's good for pretend food right?,,,34.0
860727,4328,[CHI],yeah.,,,34.0
860740,4328,[CAR],maybe the dolly can eat it.,,,34.0
860753,4328,[CHI],yup because she likes it.,1.0,,34.0
860770,4328,[CHI],right?,,,34.0
860785,4328,[CAR],yeah she sure does.,,,34.0
860802,4328,[CHI],yup we don't?,0.0,,34.0
860810,4328,[CHI],nope nope nope nope.,1.0,,34.0
860819,4328,[CHI],she ate it?,1.0,,34.0
860837,4328,[CHI],all up.,1.0,,34.0
860851,4328,[CHI],not for us.,0.0,,34.0
860867,4328,[CAR],who ate it all up?,,,34.0
860882,4328,[CHI],my dolly did.,1.0,,34.0
860897,4328,[CHI],not for us.,0.0,,34.0
860908,4328,[CAR],no.,,,34.0
860917,4328,[CHI],did you got a big piece?,-1.0,tense_aspect,34.0
860936,4328,[CAR],I just took a big chunk of play dough.,,,34.0
860956,4328,[CHI],oh I got a big piece too.,1.0,,34.0
860974,4328,[CAR],what are you gonna do?,,,34.0
860989,4328,[CHI],what you making?,-1.0,auxiliary,34.0
861008,4328,[CAR],oh I think I'll pretend to make some bread.,,,34.0
861027,4328,[CHI],no a ball.,1.0,,34.0
861048,4328,[CHI],a ball.,1.0,,34.0
861076,4328,[CHI],a ball you make Mommy.,-1.0,other,34.0
861096,4328,[CHI],a ball.,1.0,,34.0
861115,4328,[CAR],okay.,,,34.0
861133,4328,[CAR],what do you wanna do with the ball?,,,34.0
861153,4328,[CHI],throw it.,1.0,,34.0
861168,4328,[CHI],make play dough ball.,-1.0,determiner,34.0
861189,4328,[CHI],I wanna throw the play dough ball.,1.0,,34.0
861205,4328,[CAR],here's a ball.,,,34.0
861219,4328,[CAR],doesn't it feel nice?,,,34.0
861235,4328,[CHI],bounce the ball.,0.0,,34.0
861246,4328,[CHI],what you make with this one?,-1.0,present_progressive,34.0
861265,4328,[CAR],a snake.,,,34.0
861280,4328,[CHI],okay.,,,34.0
861297,4328,[CHI],and it will bite her.,1.0,,34.0
861320,4328,[CHI],and me.,1.0,,34.0
861334,4328,[CAR],long wriggly snake.,,,34.0
861355,4328,[CAR],see the snake?,,,34.0
861370,4328,[CHI],yup.,,,34.0
861384,4328,[CHI],make a mouth for it.,1.0,,34.0
861398,4328,[CHI],oh he's going to bite that girl.,1.0,,34.0
861415,4328,[CHI],ouch.,,,34.0
861431,4328,[CAR],did he bite her?,,,34.0
861448,4328,[CHI],yup.,,,34.0
861464,4328,[CAR],poor girl.,,,34.0
861481,4328,[CAR],what is she doing now?,,,34.0
861499,4328,[CHI],she's crying from the snake.,-1.0,preposition,34.0
861514,4328,[CAR],oh.,,,34.0
861529,4328,[CHI],she's lying on my arm.,1.0,,34.0
861545,4328,[CHI],he's biting me.,1.0,,34.0
861559,4328,[CAR],where's the snake?,,,34.0
861574,4328,[CHI],on me on my on this.,1.0,,34.0
861590,4328,[CAR],on your shoulder?,,,34.0
861602,4328,[CHI],yup.,,,34.0
861618,4328,[CAR],oh that's a funny place for a snake to be.,,,34.0
861632,4328,[CHI],he's he's upside down.,1.0,,34.0
861651,4328,[CHI],I'm gonna put on your shoulder.,-1.0,object,34.0
861673,4328,[CAR],where is the snake?,,,34.0
861689,4328,[CHI],on your shoulder.,1.0,,34.0
861705,4328,[CHI],on your head.,1.0,,34.0
861717,4328,[CHI],put it on your knee.,0.0,,34.0
861733,4328,[CHI],oh that's a funny place for a knee.,1.0,,34.0
861751,4328,[CHI],that's a funny place.,1.0,,34.0
861769,4328,[CHI],it's a hat?,1.0,,34.0
861786,4328,[CHI],now.,,,34.0
861796,4328,[CHI],it's a hat.,1.0,,34.0
861809,4328,[CAR],where is the snake?,,,34.0
861824,4328,[CHI],it's a it's a hat.,1.0,,34.0
861837,4328,[CAR],he's going to bite your belly button.,,,34.0
861849,4328,[CHI],ouch.,,,34.0
861863,4328,[CHI],ouch Mommy.,,,34.0
861876,4328,[CHI],ouch Mommy.,,,34.0
861892,4328,[CHI],what was that?,1.0,,34.0
861910,4328,[CHI],oh.,,,34.0
861924,4328,[CHI],I wanna put her on there.,1.0,,34.0
861938,4328,[CHI],shoulder.,,,34.0
861954,4328,[CAR],where's the snake?,,,34.0
861968,4328,[CHI],on her shoulder.,1.0,,34.0
861982,4328,[CAR],on the dolly's shoulder?,,,34.0
862000,4328,[CHI],yeah.,,,34.0
862014,4328,[CAR],oh_my_goodness.,,,34.0
862032,4328,[CHI],that's a funny place for a snake.,1.0,,34.0
862047,4328,[CHI],I will put this on the snake because it's red.,1.0,,34.0
862061,4328,[CAR],okay.,,,34.0
862075,4328,[CHI],now what we gonna do with the play dough?,-1.0,auxiliary,34.0
862093,4328,[CAR],what do you wanna make next?,,,34.0
862108,4328,[CHI],dog and a cat.,-1.0,determiner,34.0
862125,4328,[CAR],okay you make a dog and I'll make a cat?,,,34.0
862140,4328,[CHI],yup.,,,34.0
862158,4328,[CHI],I can't know how to make a dog.,0.0,,34.0
862181,4328,[CAR],you don't know how?,,,34.0
862196,4328,[CAR],well you can just pretend.,,,34.0
862214,4328,[CAR],try.,,,34.0
862228,4328,[CAR],here's some ears.,,,34.0
862244,4328,[CHI],play.,,,34.0
862260,4328,[CAR],what's that?,,,34.0
862277,4328,[CHI],a vitamin pill.,1.0,,34.0
862293,4328,[CAR],vitamin pill.,,,34.0
862314,4328,[CAR],hey you forgot to take your vitamins today.,,,34.0
862333,4328,[CAR],we'll hafta take one before going out.,,,34.0
862349,4328,[CHI],yup.,,,34.0
862366,4328,[CAR],okay what's this?,,,34.0
862378,4328,[CHI],oh what is that?,1.0,,34.0
862397,4328,[CAR],a little kitty.,,,34.0
862413,4328,[CHI],and you make a dog with this now.,1.0,,34.0
862436,4328,[CHI],okay?,,,34.0
862451,4328,[CAR],are you going to make some food for the dog?,,,34.0
862468,4328,[CHI],yup.,,,34.0
862484,4328,[CAR],what are you gonna make for the dog to eat?,,,34.0
862499,4328,[CHI],this is for the dog to eat.,1.0,,34.0
862520,4328,[CHI],see on this in this plate.,-1.0,preposition,34.0
862544,4328,[CAR],what is he going to eat?,,,34.0
862556,4328,[CHI],dog food.,1.0,,34.0
862573,4328,[CHI],this is dog food.,1.0,,34.0
862604,4328,[CHI],okay.,,,34.0
862621,4328,[CHI],this is dog food.,1.0,,34.0
862638,4328,[CAR],I see.,,,34.0
862657,4328,[CAR],where are you putting it?,,,34.0
862675,4328,[CHI],in his plate.,1.0,,34.0
862693,4328,[CHI],this is dog food okay?,1.0,,34.0
862711,4328,[CAR],ummhm.,,,34.0
862725,4328,[CHI],this is dog food.,1.0,,34.0
862743,4328,[CAR],they must be pretty hungry.,,,34.0
862759,4328,[CAR],you sure are giving them a_lot_of food.,,,34.0
862777,4328,[CHI],for to eat.,-1.0,preposition,34.0
862792,4328,[CHI],now give the dog some food.,0.0,,34.0
862806,4328,[CHI],because the dog?,-1.0,preposition,34.0
862820,4328,[CHI],because the dog?,-1.0,preposition,34.0
862840,4328,[CHI],are you making a dog?,1.0,,34.0
862853,4328,[CHI],what that?,-1.0,verb,34.0
862868,4328,[CAR],that's a dog.,,,34.0
862885,4328,[CHI],that's a funny looking dog.,1.0,,34.0
862905,4328,[CAR],it's a little dog.,,,34.0
862923,4328,[CHI],yeah.,,,34.0
862943,4328,[CHI],cause he's eating his food.,1.0,,34.0
862960,4328,[CHI],now what we should make?,-1.0,auxiliary,34.0
862979,4328,[CHI],some more dog food?,1.0,,34.0
862999,4328,[CHI],now what we should make?,-1.0,auxiliary,34.0
863018,4328,[CAR],oh I don't know.,,,34.0
863030,4328,[CAR],what's fun to make with play dough?,,,34.0
863042,4328,[CHI],pancake.,,,34.0
863057,4328,[CAR],who's going to eat the pancakes?,,,34.0
863073,4328,[CHI],I am.,1.0,,34.0
863093,4328,[CAR],shall we make big ones or little ones?,,,34.0
863113,4328,[CHI],big one.,-1.0,plural,34.0
863128,4328,[CHI],this is a big one for me.,1.0,,34.0
863155,4328,[CHI],this this is for the dog.,1.0,,34.0
863169,4328,[CAR],what's?,,,34.0
863180,4328,[CAR],what are you making?,,,34.0
863196,4328,[CHI],there.,,,34.0
863209,4328,[CAR],oh.,,,34.0
863224,4328,[CHI],there is food.,1.0,,34.0
863241,4328,[CAR],do you think they'll have play dough at your new school?,,,34.0
863257,4328,[CHI],yup.,,,34.0
863275,4328,[CAR],what did you do at your new school yesterday?,,,34.0
863288,4328,[CHI],played.,,,34.0
863303,4328,[CHI],played.,,,34.0
863310,4328,[CAR],did you like the new school?,,,34.0
863324,4328,[CHI],yeah.,,,34.0
863334,4328,[CAR],who was there?,,,34.0
863347,4328,[CHI],a_lot_of children.,1.0,,34.0
863369,4328,[CAR],what did you do with those bones?,,,34.0
863387,4328,[CHI],yup and made play dough.,-1.0,subject,34.0
863405,4328,[CAR],and paint?,,,34.0
863430,4328,[CAR],and then what did you do?,,,34.0
863449,4328,[CAR],did you make a picture?,,,34.0
863463,4328,[CAR],did you make a picture at school?,,,34.0
863480,4328,[CHI],yup.,,,34.0
863499,4328,[CAR],what happened to the picture?,,,34.0
863514,4328,[CAR],where is it?,,,34.0
863533,4328,[CAR],did you forget it?,,,34.0
863547,4328,[CHI],yup.,,,34.0
863561,4328,[CAR],uhoh what else did you forget at school?,,,34.0
863584,4328,[CHI],my dolly.,1.0,,34.0
863597,4328,[CAR],we better go on Monday and pick up your picture and your dolly.,,,34.0
863616,4328,[CHI],yup.,,,34.0
863630,4328,[CAR],would you like to go to that school?,,,34.0
863644,4328,[CHI],yeah.,,,34.0
863659,4328,[CAR],there're many nice people there weren't there?,,,34.0
863681,4328,[CAR],did they play music?,,,34.0
863696,4328,[CHI],yup.,,,34.0
863713,4328,[CAR],what did you do there?,,,34.0
863726,4328,[CHI],I play music.,-1.0,present_progressive,34.0
863743,4328,[CAR],what kind?,,,34.0
863757,4328,[CAR],what instrument did you play?,,,34.0
863766,4328,[CAR],with Gary and Mel?,,,34.0
863795,4328,[CHI],I played three blind mice.,1.0,,34.0
863810,4328,[CAR],what?,,,34.0
863824,4328,[CHI],on a guitar.,1.0,,34.0
863838,4328,[CHI],on a on a guitar pluck.,-1.0,other,34.0
863856,4328,[CAR],what did you keep in your hand?,,,34.0
863874,4328,[CHI],a a clip.,1.0,,34.0
863892,4328,[CAR],a guitar pick?,,,34.0
863905,4328,[CHI],yup.,,,34.0
863923,4328,[CAR],did you hold it all by yourself?,,,34.0
863938,4328,[CHI],yup.,,,34.0
863953,4328,[CHI],let's dip this in some water.,1.0,,34.0
863967,4328,[CAR],what is this?,,,34.0
863983,4328,[CHI],play dough.,1.0,,34.0
863996,4328,[CHI],let's dip it in some water.,1.0,,34.0
864015,4328,[CAR],oh I don't want water on it because it'll ruin the play dough.,,,34.0
864033,4328,[CHI],oh.,,,34.0
864046,4328,[CHI],here's some dog food.,1.0,,34.0
864067,4328,[CAR],does Poy eat dog food?,,,34.0
864087,4328,[CHI],yup.,,,34.0
864096,4328,[CHI],there is dog food.,1.0,,34.0
864110,4328,[CHI],is there is dog food.,0.0,,34.0
864125,4328,[CHI],all is dog food.,-1.0,subject,34.0
864150,4328,[CHI],is dog?,-1.0,"subject, determiner",34.0
864169,4328,[CHI],this is dog food too you know?,1.0,,34.0
864185,4328,[CAR],oh is it?,,,34.0
864203,4328,[CHI],yup.,,,34.0
864218,4328,[CHI],oh where's your little kitty cat?,1.0,,34.0
864241,4328,[CAR],yeah I made a little kitty cat with that play dough.,,,34.0
864255,4328,[CHI],yeah.,,,34.0
864276,4328,[CHI],I wanna?,-1.0,object,34.0
864288,4328,[CHI],this is dog food.,1.0,,34.0
864304,4328,[CAR],okay you wanna make more dog food?,,,34.0
864329,4328,[CHI],yup.,,,34.0
864344,4328,[CHI],this is not a kitty.,1.0,,34.0
864360,4328,[CAR],do you think he would like to eat it?,,,34.0
864375,4328,[CHI],yup.,,,34.0
864387,4328,[CHI],elephant's eating the peas.,-1.0,determiner,34.0
864401,4328,[CAR],peas?,,,34.0
864417,4328,[CAR],how about making some peanuts for the elephant?,,,34.0
864434,4328,[CAR],or some hay?,,,34.0
864452,4328,[CAR],isn't that what elephants eat?,,,34.0
864467,4328,[CHI],this is?,-1.0,object,34.0
864482,4328,[CHI],peanut for him.,-1.0,determiner,34.0
864497,4328,[CHI],that for peanut for him.,-1.0,"verb, determiner",34.0
864522,4328,[CHI],okay.,,,34.0
864540,4328,[CHI],you put his head back on.,1.0,,34.0
864558,4328,[CAR],oh did the elephant's head fall off?,,,34.0
864574,4328,[CHI],yup.,,,34.0
864602,4328,[CAR],okay now he's hungry.,,,34.0
864616,4328,[CAR],what do you wanna give him to eat?,,,34.0
864630,4328,[CHI],that peanuts.,-1.0,"verb, plural",34.0
864643,4328,[CHI],he's eating it.,0.0,,34.0
864656,4328,[CAR],does he like it?,,,34.0
864682,4328,[CHI],yup.,,,34.0
864688,4328,[CHI],what?,,,34.0
864708,4328,[CHI],but the dog's gone.,1.0,,34.0
864730,4328,[CHI],dog and kitties are gone.,-1.0,determiner,34.0
864750,4328,[CAR],gone?,,,34.0
864808,4328,[CHI],yup.,,,34.0
864824,4328,[CAR],so they're not going to eat any more?,,,34.0
864840,4328,[CAR],I think that doll looks pretty hungry.,,,34.0
864849,4328,[CHI],oh this peanuts?,-1.0,plural,34.0
864860,4328,[CHI],in here.,1.0,,34.0
864874,4328,[CHI],not play dough.,-1.0,"subject, verb",34.0
864905,4328,[CAR],those are peanuts in there?,,,34.0
864921,4328,[CHI],yeah.,,,34.0
864936,4328,[CAR],red peanuts?,,,34.0
864954,4328,[CHI],yup.,,,34.0
864970,4328,[CAR],that's a funny color for peanuts isn't it?,,,34.0
864990,4328,[CAR],that's a funny color for peanuts isn't it?,,,34.0
865012,4328,[CHI],brown they are.,-1.0,other,34.0
865029,4328,[CAR],brown.,,,34.0
865046,4328,[CAR],peanuts are usually brown aren't they?,,,34.0
865069,4328,[CHI],yup.,,,34.0
865082,4328,[CHI],oh I got a_lot_of play dough.,1.0,,34.0
865103,4328,[CHI],I got lot of play dough.,-1.0,determiner,34.0
865125,4328,[CAR],you do.,,,34.0
865142,4328,[CAR],that's a very big box isn't it?,,,34.0
865162,4328,[CHI],got lot of play dough Mommy.,-1.0,"subject, determiner",34.0
865174,4328,[CHI],got lot of little play dough.,-1.0,"subject, determiner",34.0
865199,4328,[CAR],I see.,,,34.0
865217,4328,[CHI],where's my little play dough Mommy?,-1.0,other,34.0
865238,4328,[CAR],what do you mean?,,,34.0
865258,4328,[CAR],the little boxes of play dough?,,,34.0
865284,4328,[CHI],yeah.,,,34.0
865302,4328,[CAR],they were at your other house.,,,34.0
865321,4328,[CAR],I'm afraid they got ruined so we hadta leave them there.,,,34.0
865333,4328,[CHI],oh.,,,34.0
865347,4328,[CHI],what are you making?,1.0,,34.0
865369,4328,[CAR],that's a great big omelette.,,,34.0
865381,4328,[CHI],oh.,,,34.0
865401,4328,[CAR],see.,,,34.0
865417,4328,[CHI],this this a fish on my tummy.,-1.0,verb,34.0
865437,4328,[CAR],what did you put on your tummy?,,,34.0
865448,4328,[CHI],on you?,0.0,,34.0
865465,4328,[CAR],can I have it?,,,34.0
865479,4328,[CHI],yeah.,,,34.0
865494,4328,[CHI],that's to my fingers.,-1.0,preposition,34.0
865510,4328,[CHI],he he he's taking a rest now.,1.0,,34.0
865528,4328,[CHI],do you see?,1.0,,34.0
865546,4328,[CHI],fish.,,,34.0
865559,4328,[CHI],oh him for a blanket.,-1.0,other,34.0
865576,4328,[CHI],he has a blanket on now.,1.0,,34.0
865615,4328,[CAR],put the fish on top of the elephant?,,,34.0
865636,4328,[CHI],no he has.,-1.0,object,34.0
865657,4328,[CHI],he has a blanket on him.,1.0,,34.0
865676,4328,[CAR],maybe the fish would like to eat.,,,34.0
865695,4328,[CHI],yeah.,,,34.0
865715,4328,[CHI],he could eat this.,1.0,,34.0
865735,4328,[CAR],make some fish food?,,,34.0
865755,4328,[CHI],oh lookat lookat lookat.,-1.0,object,34.0
865774,4328,[CAR],what happened?,,,34.0
865786,4328,[CHI],the play dough stick to his eye.,-1.0,tense_aspect,34.0
865802,4328,[CHI],one eye.,1.0,,34.0
865849,4328,[CHI],to one eye.,1.0,,34.0
865871,4328,[CAR],oh is the play dough stuck to the fish's eye?,,,34.0
865887,4328,[CHI],yup.,,,34.0
865903,4328,[CHI],this one is gonna stick to that?,-1.0,object,34.0
865923,4328,[CHI],play dough too.,1.0,,34.0
865940,4328,[CAR],ummhm.,,,34.0
865954,4328,[CHI],oh.,,,34.0
866010,4328,[CAR],what are the fish doing?,,,34.0
866028,4328,[CHI],oh.,,,34.0
866048,4328,[CHI],the play dough on my tummy.,-1.0,verb,34.0
866070,4328,[CAR],oh is there play dough on your tummy?,,,34.0
866092,4328,[CHI],yup.,,,34.0
866106,4328,[CHI],let's take all the play dough out.,1.0,,34.0
866127,4328,[CAR],I'm afraid we'll make too much of a mess if we take it all out.,,,34.0
866151,4328,[CHI],I wanna play with it.,1.0,,34.0
866178,4328,[CAR],okay you can play with it.,,,34.0
866198,4328,[CAR],what's that?,,,34.0
866214,4328,[CHI],a omelette.,-1.0,determiner,34.0
866225,4328,[CAR],oh my.,,,34.0
866249,4328,[CAR],who's going to eat the omelette?,,,34.0
866275,4328,[CHI],I am.,1.0,,34.0
866288,4328,[CHI],let's a sandwich.,-1.0,verb,34.0
866298,4328,[CHI],napkin.,,,34.0
866316,4328,[CHI],this is a sandwich.,1.0,,34.0
866417,4328,[CAR],it is?,,,34.0
866466,4328,[CHI],yum yum yum yum.,0.0,,34.0
866493,4328,[CHI],Mommy?,,,34.0
866510,4328,[CAR],what did you eat at school yesterday?,,,34.0
866525,4328,[CHI],food.,,,34.0
866542,4328,[CHI],cake.,,,34.0
866557,4328,[CAR],and what did you do to the cake?,,,34.0
866573,4328,[CHI],eat it all up.,-1.0,"verb, tense_aspect",34.0
866590,4328,[CAR],did you put something on top of it?,,,34.0
866610,4328,[CHI],frost.,,,34.0
866633,4328,[CAR],oh frosting.,,,34.0
866648,4328,[CAR],was the frosting squishy?,,,34.0
866674,4328,[CHI],yeah.,,,34.0
866687,4328,[CHI],is on my bottom.,-1.0,subject,34.0
866704,4328,[CAR],yeah I see.,,,34.0
866723,4328,[CAR],let me see.,,,34.0
866743,4328,[CAR],was the did the frosting feel like play dough?,,,34.0
866762,4328,[CHI],yup.,,,34.0
866779,4328,[CAR],sticky?,,,34.0
866786,4328,[CHI],yeah.,,,34.0
866803,4328,[CAR],how did you eat the frosting?,,,34.0
866825,4328,[CAR],uh?,,,34.0
866843,4328,[CAR],with your toes?,,,34.0
866854,4328,[CHI],yup.,,,34.0
866871,4328,[CAR],no.,,,34.0
866884,4328,[CAR],what did you eat the frosting with?,,,34.0
866903,4328,[CHI],with spoon.,-1.0,determiner,34.0
866922,4328,[CAR],a spoon?,,,34.0
866944,4328,[CAR],that must have been really good.,,,34.0
866964,4328,[CHI],what's this?,1.0,,34.0
866984,4328,[CAR],here's a little bracelet.,,,34.0
866999,4328,[CAR],do you want me to put a bracelet on your arm?,,,34.0
867017,4328,[CHI],yup.,,,34.0
867033,4328,[CHI],is break.,-1.0,"subject, determiner",34.0
867048,4328,[CHI],is broken.,-1.0,subject,34.0
867067,4328,[CHI],oh it break.,-1.0,tense_aspect,34.0
867089,4328,[CAR],where do you play with these fish?,,,34.0
867106,4328,[CHI],in the bath+tub.,1.0,,34.0
867122,4328,[CAR],what do you do with them?,,,34.0
867141,4328,[CHI],I put them in here.,1.0,,34.0
867150,4328,[CAR],in the bath+tub do you stick them somewhere?,,,34.0
867168,4328,[CHI],nope I put them in the play dough.,1.0,,34.0
867195,4328,[CAR],you putting them in the play dough now?,,,34.0
867214,4328,[CAR],maybe you can make fish food for them.,,,34.0
867231,4328,[CHI],nope.,,,34.0
867245,4328,[CAR],here.,,,34.0
867263,4328,[CAR],here's a piece of fish food.,,,34.0
867280,4328,[CAR],see little tiny crumbs.,,,34.0
867299,4328,[CHI],uh you all over me.,-1.0,verb,34.0
867316,4328,[CAR],oh look at the poor play dough.,,,34.0
867332,4328,[CAR],whoops.,,,34.0
867350,4328,[CHI],throw play dough.,0.0,,34.0
867365,4328,[CAR],it's all over the carpet.,,,34.0
867382,4328,[CAR],we hafta be very careful.,,,34.0
867400,4328,[CHI],I wanna put it in there.,1.0,,34.0
867427,4328,[CHI],in the top of the fish.,-1.0,preposition,34.0
867446,4328,[CAR],how about making me some spaghetti?,,,34.0
867467,4328,[CHI],no.,,,34.0
867491,4328,[CAR],no?,,,34.0
867508,4328,[CHI],nope.,,,34.0
867528,4328,[CHI],not today because you have a tummy ache.,1.0,,34.0
867548,4328,[CAR],what do I get to eat today?,,,34.0
867572,4328,[CHI],bread and jam.,1.0,,34.0
867592,4328,[CAR],bread and jam?,,,34.0
867608,4328,[CAR],oh you mean like the little girl in the book.,,,34.0
867629,4328,[CHI],yeah.,,,34.0
867642,4328,[CHI],this is bread and jam okay?,1.0,,34.0
867658,4328,[CAR],I see.,,,34.0
867672,4328,[CHI],I'm gonna put it in there for you now.,1.0,,34.0
867691,4328,[CHI],for you to eat tomorrow.,1.0,,34.0
867709,4328,[CHI],now all the fish go in there.,1.0,,34.0
867728,4328,[CHI],and this is gonna go in there?,1.0,,34.0
867740,4328,[CAR],oh careful.,,,34.0
867763,4328,[CAR],I'm afraid that the fish are gonna get ruined.,,,34.0
867786,4328,[CHI],oh.,,,34.0
867804,4328,[CAR],we better take them out.,,,34.0
867820,4328,[CAR],I don't think they like to be there.,,,34.0
867836,4328,[CAR],they like to swim in the water don't they?,,,34.0
867858,4328,[CHI],in that water.,1.0,,34.0
867877,4328,[CAR],put them for a swim somewhere.,,,34.0
867900,4328,[CHI],yup.,,,34.0
867922,4328,[CHI],those fish too.,1.0,,34.0
867936,4328,[CHI],these fish too.,1.0,,34.0
867953,4328,[CHI],these fish.,1.0,,34.0
867990,4328,[CHI],I'm gonna.,-1.0,verb,34.0
868021,4328,[CAR],what are you doing?,,,34.0
868036,4328,[CAR],what?,,,34.0
868056,4328,[CHI],bake.,,,34.0
868074,4328,[CHI],baking.,,,34.0
868105,4328,[CAR],baking?,,,34.0
868136,4328,[CHI],yeah.,,,34.0
868165,4328,[CAR],baking what?,,,34.0
868187,4328,[CAR],um?,,,34.0
868205,4328,[CAR],careful honey make it on here because you're making the play dough go all over the rug.,,,34.0
868240,4328,[CHI],now put the little top on there.,0.0,,34.0
868267,4328,[CAR],the cover on the pot?,,,34.0
868287,4328,[CHI],let's play with the play dough.,1.0,,34.0
868310,4328,[CAR],what are you making in that pot?,,,34.0
868328,4328,[CHI],bacon.,,,34.0
868349,4328,[CAR],did you have bacon at the restaurant the other day?,,,34.0
868379,4328,[CHI],yup.,,,34.0
868391,4328,[CHI],said yes.,-1.0,subject,34.0
868415,4328,[CHI],I wanna.,-1.0,verb,34.0
868440,4328,[CHI],I wanna go downstairs.,1.0,,34.0
868459,4328,[CAR],in a little while we can go downstairs.,,,34.0
868480,4328,[CAR],let's put this away.,,,34.0
868500,4328,[CHI],no this?,1.0,,34.0
868547,4328,[CHI],this is for the jam in here.,1.0,,34.0
868565,4328,[CHI],in the big.,-1.0,subject,34.0
868586,4328,[CAR],oh.,,,34.0
868603,4328,[CHI],and this is a big right here.,-1.0,object,34.0
868624,4328,[CHI],okay?,,,34.0
868642,4328,[CHI],right there.,1.0,,34.0
868657,4328,[CHI],okay?,,,34.0
868671,4328,[CAR],it is?,,,34.0
868708,4328,[CHI],for you.,1.0,,34.0
868725,4328,[CAR],oh thank_you.,,,34.0
868755,4328,[CAR],do you like to cook?,,,34.0
868779,4328,[CHI],yeah.,,,34.0
868794,4328,[CAR],what else would you like to cook for me?,,,34.0
868815,4328,[CHI],a noun.,0.0,,34.0
868836,4328,[CHI],a noun to eat.,0.0,,34.0
868851,4328,[CHI],noun.,,,34.0
868876,4328,[CAR],a what?,,,34.0
868896,4328,[CHI],a pickle and a noun to eat.,0.0,,34.0
868918,4328,[CAR],what's a noun?,,,34.0
868943,4328,[CHI],it's a noun.,0.0,,34.0
868971,4328,[CHI],is a little.,-1.0,"subject, object",34.0
868985,4328,[CHI],Momma?,,,34.0
868999,4328,[CAR],can you cook me some vegetables?,,,34.0
869020,4328,[CHI],nope.,,,34.0
869037,4328,[CHI],these are vegetables.,1.0,,34.0
869055,4328,[CAR],can you make squash?,,,34.0
869073,4328,[CHI],yup.,,,34.0
869093,4328,[CAR],were the squash good that I made for you last night?,,,34.0
869110,4328,[CHI],yup.,,,34.0
869128,4328,[CAR],what did we put on it?,,,34.0
869147,4328,[CHI],tomatoes squash spaghetti for you eat.,-1.0,preposition,34.0
869173,4328,[CAR],that's going to be a big supper isn't it?,,,34.0
869190,4328,[CHI],yup.,,,34.0
869213,4328,[CHI],here's coming.,-1.0,other,34.0
869231,4328,[CHI],here is coming.,-1.0,other,34.0
869254,4328,[CHI],here is?,-1.0,object,34.0
869283,4328,[CHI],here is a little plate for you.,1.0,,34.0
869316,4328,[CAR],thank_you.,,,34.0
869335,4328,[CHI],where's little plates?,-1.0,"determiner, sv_agreement",34.0
869355,4328,[CHI],where's these plates?,-1.0,sv_agreement,34.0
869368,4328,[CAR],oh we don't have any silverware.,,,34.0
869400,4328,[CAR],I guess I'll hafta eat with my hands.,,,34.0
869410,4328,[CHI],yup.,,,34.0
869426,4328,[CHI],that's?,,,34.0
869444,4328,[CAR],could you make some grapes for me?,,,34.0
869461,4328,[CHI],yup.,,,34.0
869478,4328,[CHI],right there.,0.0,,34.0
869493,4328,[CAR],what are you cooking?,,,34.0
869509,4328,[CHI],nothing.,,,34.0
869526,4328,[CHI],nothing now.,1.0,,34.0
869545,4328,[CAR],oh no?,,,34.0
869566,4328,[CHI],let's take it out_of that home.,1.0,,34.0
869588,4328,[CAR],no because it will spill.,,,34.0
869601,4328,[CAR],we hafta keep it in here see.,,,34.0
869623,4328,[CAR],keep it on here.,,,34.0
869642,4328,[CHI],let's?,,,34.0
869662,4328,[CHI],you sit you sit on this chair right here.,0.0,,34.0
869689,4328,[CAR],and then what?,,,34.0
869706,4328,[CHI],then get off and go to piglet's.,1.0,,34.0
869729,4328,[CAR],oh and afterwards we're going to go to piglet's.,,,34.0
869744,4328,[CAR],this afternoon would you like to go and play with piglet?,,,34.0
869764,4328,[CHI],now.,,,34.0
869782,4328,[CAR],in a little while.,,,34.0
869800,4328,[CHI],when we finish playing with these?,1.0,,34.0
869820,4328,[CAR],where did you get this?,,,34.0
869837,4328,[CAR],oh where did you get this?,,,34.0
869858,4328,[CHI],she like to have this and you like to have that.,-1.0,sv_agreement,34.0
869882,4328,[CAR],oh do you wanna take this to Debbie's house?,,,34.0
869919,4328,[CHI],yeah.,,,34.0
869941,4328,[CAR],what is it?,,,34.0
869965,4328,[CHI],a puppet.,1.0,,34.0
869981,4328,[CAR],it pops up doesn't it?,,,34.0
870001,4328,[CAR],where did you get this puppet?,,,34.0
870023,4328,[CAR],you remember?,,,34.0
870042,4328,[CHI],yeah.,,,34.0
870055,4328,[CAR],where?,,,34.0
870070,4328,[CHI],at the fair.,1.0,,34.0
870085,4328,[CAR],oh what's this?,,,34.0
870104,4328,[CHI],hair.,,,34.0
870120,4328,[CAR],it's soft isn't it?,,,34.0
870144,4328,[CAR],where's the puppet?,,,34.0
870161,4328,[CAR],I don't see him.,,,34.0
870183,4328,[CAR],where is he?,,,34.0
870204,4328,[CHI],I think he's on you.,1.0,,34.0
870223,4328,[CAR],you thinks he's on me.,,,34.0
870247,4328,[CAR],oh there he is.,,,34.0
870271,4328,[CHI],where is he this time?,1.0,,34.0
870290,4328,[CHI],I think he's under that bed.,1.0,,34.0
870309,4328,[CAR],you think he's under that bed?,,,34.0
870324,4328,[CAR],where is the puppet?,,,34.0
870342,4328,[CHI],under there.,1.0,,34.0
870361,4328,[CAR],you think so?,,,34.0
870376,4328,[CHI],yup.,,,34.0
870393,4328,[CAR],I wonder where he is.,,,34.0
870471,4328,[CHI],here he is.,1.0,,34.0
870489,4328,[CHI],here his is.,-1.0,object,34.0
870517,4328,[CAR],did he just pop up?,,,34.0
870538,4328,[CHI],don't step on their food.,1.0,,34.0
870556,4328,[CAR],what is he wearing?,,,34.0
870574,4328,[CHI],nice hair.,1.0,,34.0
870592,4328,[CAR],does he have nice hair?,,,34.0
870607,4328,[CHI],yup.,,,34.0
870634,4328,[CAR],oh it's soft.,,,34.0
870653,4328,[CHI],oh.,,,34.0
870669,4328,[CHI],here tickling.,-1.0,other,34.0
870693,4328,[CHI],tickle.,,,34.0
870713,4328,[CHI],tickle.,,,34.0
870734,4328,[CHI],tickle.,,,34.0
870752,4328,[CAR],let me feel his hair.,,,34.0
870773,4328,[CAR],oh lookat.,,,34.0
870791,4328,[CAR],is he happy or sad?,,,34.0
870816,4328,[CHI],happy.,,,34.0
870835,4328,[CAR],look at his mouth.,,,34.0
870859,4328,[CAR],oh a big kiss to my girl.,,,34.0
870883,4328,[CAR],oh you're getting to be so big.,,,34.0
870921,4328,[CAR],you're going to school now.,,,34.0
870942,4328,[CAR],that's fun isn't it?,,,34.0
870976,4328,[CHI],I wanna go to school again.,1.0,,34.0
871009,4328,[CAR],yeah will you bring your lunch to school?,,,34.0
871028,4328,[CHI],I want a little pot cook your food.,-1.0,tense_aspect,34.0
871044,4328,[CHI],put it back on here with the other one.,0.0,,34.0
871071,4328,[CAR],where shall I put this pot?,,,34.0
871086,4328,[CHI],on there.,1.0,,34.0
871102,4328,[CHI],cause you could eat it with your hands.,1.0,,34.0
871123,4328,[CAR],is it time to cook now?,,,34.0
871139,4328,[CHI],yup.,,,34.0
871158,4328,[CHI],it's gonna go on the oven.,-1.0,preposition,34.0
871179,4328,[CHI],hot hot hot.,0.0,,34.0
871198,4328,[CAR],the oven is hot?,,,34.0
871214,4328,[CAR],oh I like this doll.,,,34.0
871229,4328,[CHI],ouch hot.,,,34.0
871258,4328,[CAR],do you think he would like something this puppet?,,,34.0
871279,4328,[CHI],oh nope.,1.0,,34.0
871297,4328,[CHI],he doesn't eat with his hand.,1.0,,34.0
871321,4328,[CHI],you your hands because you're a baby.,-1.0,verb,34.0
871336,4328,[CHI],look at him doing.,-1.0,object,34.0
871354,4328,[CAR],what is he doing?,,,34.0
871378,4328,[CHI],swinging.,,,34.0
871398,4328,[CAR],oh you holding him by his hands?,,,34.0
871417,4328,[CAR],careful that hurts because that's made out_of wood.,,,34.0
871441,4328,[CAR],careful.,,,34.0
871474,4328,[CHI],eful.,,,34.0
871491,4328,[CHI],ouch.,,,34.0
871505,4328,[CAR],what happened?,,,34.0
871530,4328,[CHI],I got my head.,-1.0,other,34.0
871562,4328,[CAR],what?,,,34.0
871579,4328,[CHI],it's the wood.,1.0,,34.0
871598,4328,[CAR],oh you see you hafta be very careful when you swing wood around because it might hurt somebody.,,,34.0
871621,4328,[CHI],no it won't.,1.0,,34.0
871640,4328,[CAR],did it make a bump on your head?,,,34.0
871677,4328,[CHI],yup.,,,34.0
871694,4328,[CAR],what are you doing?,,,34.0
871725,4328,[CAR],are you a monkey or a little girl?,,,34.0
871749,4328,[CHI],a little girl.,1.0,,34.0
871767,4328,[CAR],you don't climb all over Mommy then.,,,34.0
871789,4328,[CHI],yes.,,,34.0
871813,4328,[CHI],yes I do.,1.0,,34.0
871835,4328,[CAR],you silly.,,,34.0
871855,4328,[CHI],I climb all over you Mommy.,1.0,,34.0
871877,4328,[CAR],you're going to climb all over me?,,,34.0
871895,4328,[CAR],you're silly.,,,34.0
871919,4328,[CAR],will you show me the book of bread and jam?,,,34.0
871941,4328,[CHI],nope.,,,34.0
871977,4328,[CAR],I wanna see it.,,,34.0
872018,4328,[CHI],nope.,,,34.0
872042,4328,[CAR],it's a funny story.,,,34.0
872060,4328,[CAR],where is it?,,,34.0
872082,4328,[CAR],do you see it?,,,34.0
872106,4328,[CAR],I don't see it.,,,34.0
872122,4328,[CHI],I don't see it.,1.0,,34.0
872146,4328,[CAR],there it is.,,,34.0
872173,4328,[CHI],no I don't wanna read it to you.,1.0,,34.0
872196,4328,[CAR],why not?,,,34.0
872220,4328,[CAR],I like that story.,,,34.0
872233,4328,[CHI],I don't wanna read it to you.,1.0,,34.0
872251,4328,[CAR],what does the silly bear do in the story?,,,34.0
872270,4328,[CAR],does he eat scrambled eggs?,,,34.0
872293,4328,[CHI],yup.,,,34.0
872321,4328,[CAR],no he doesn't.,,,34.0
872342,4328,[CAR],what does he eat?,,,34.0
872361,4328,[CHI],egg.,,,34.0
872379,4328,[CAR],no he doesn't eat anything but what?,,,34.0
872393,4328,[CHI],bread and jam.,1.0,,34.0
872408,4328,[CAR],does he get tired of bread and jam?,,,34.0
872427,4328,[CHI],yup.,,,34.0
872443,4328,[CAR],he sure does.,,,34.0
872466,4328,[CAR],he eats it for breakfast lunch and supper.,,,34.0
872487,4328,[CAR],what does his daddy eat?,,,34.0
872507,4328,[CAR],I wanna see what the daddy eats.,,,34.0
872531,4328,[CHI],nope I?,-1.0,"verb, object",34.0
872549,4328,[CHI],no.,,,34.0
872565,4328,[CAR],what does the daddy eat?,,,34.0
872583,4328,[CHI],nope.,,,34.0
872610,4328,[CHI],nope.,,,34.0
872628,4328,[CAR],he doesn't eat anything?,,,34.0
872646,4328,[CHI],no.,,,34.0
872672,4328,[CAR],oh.,,,34.0
872694,4328,[CAR],I'm going to see Gumpy.,,,34.0
872713,4328,[CAR],where is Gumpy?,,,34.0
872731,4328,[CHI],okay he likes to come here.,1.0,,34.0
872758,4328,[CHI],Gumpy.,,,34.0
872781,4328,[CHI],here is Gumpy.,1.0,,34.0
872799,4328,[CHI],Gumpy Gumpy Gumpy.,1.0,,34.0
872892,4328,[CHI],Gumpy Gumpy Gumpy.,1.0,,34.0
872909,4328,[CAR],wanna bend Gumpy in a funny way?,,,34.0
872935,4328,[CHI],yeah.,,,34.0
872950,4328,[CAR],what are you bending?,,,34.0
872968,4328,[CHI],Gumpy.,,,34.0
872980,4328,[CHI],lookat.,,,34.0
872994,4328,[CHI],look at funny way.,-1.0,determiner,34.0
873018,4328,[CAR],what is he doing?,,,34.0
873042,4328,[CHI],lookat.,,,34.0
873066,4328,[CHI],he's?,,,34.0
873084,4328,[CHI],let him sit down here till till your food gets cold.,1.0,,34.0
873112,4328,[CHI],he's looking at his legs.,1.0,,34.0
873135,4328,[CAR],he's what?,,,34.0
873153,4328,[CHI],he's looking at his legs.,1.0,,34.0
873178,4328,[CAR],oh you bent him so his face is facing his feet?,,,34.0
873197,4328,[CHI],yup.,,,34.0
873215,4328,[CHI],don't bend him.,0.0,,34.0
873232,4328,[CHI],make him sit down.,0.0,,34.0
873246,4328,[CAR],what do you want me to make him do?,,,34.0
873277,4328,[CHI],make him sit down.,1.0,,34.0
873296,4328,[CAR],how shall I how do I make him sit down?,,,34.0
873322,4328,[CAR],bend his legs?,,,34.0
873336,4328,[CHI],yup.,,,34.0
873354,4328,[CHI],just like that.,1.0,,34.0
873373,4328,[CAR],like what?,,,34.0
873390,4328,[CHI],let he sit down look at food till it's ready okay?,-1.0,"preposition, determiner",34.0
873415,4328,[CAR],what are you cooking for Gumpy?,,,34.0
873443,4328,[CHI],nothing.,,,34.0
873458,4328,[CHI],he doesn't like nothing to eat.,0.0,,34.0
873482,4328,[CAR],he doesn't?,,,34.0
873502,4328,[CHI],let's make a play dough.,-1.0,determiner,34.0
873524,4328,[CAR],do you wanna get dressed to go see piglet?,,,34.0
873544,4328,[CHI],yup.,,,34.0
873564,4328,[CHI],I wanna take the play dough to piglet.,1.0,,34.0
873587,4328,[CAR],they probably have play dough there.,,,34.0
873622,4328,[CHI],oh okay then I could their play dough.,-1.0,verb,34.0
873644,4328,[CAR],what do you wanna wear to piglet's?,,,34.0
873662,4328,[CHI],oh a dress.,1.0,,34.0
873689,4328,[CAR],which dress?,,,34.0
873718,4328,[CAR],your red dress?,,,34.0
873752,4328,[CHI],no.,,,34.0
873775,4328,[CHI],Gumpy dress.,-1.0,possessive,34.0
873795,4328,[CHI],Gumpy's dress.,1.0,,34.0
873815,4328,[CAR],that's a pretty dress to wear.,,,34.0
873836,4328,[CHI],no that's Gumpy's dress.,1.0,,34.0
873860,4328,[CHI],that's Gumpy's dress.,1.0,,34.0
873876,4328,[CAR],do you remember who gave you this dress?,,,34.0
873897,4328,[CHI],my daddy.,1.0,,34.0
873918,4328,[CAR],oh this is such a pretty dress.,,,34.0
873939,4328,[CHI],Mommy.,,,34.0
873960,4328,[CHI],Mommy.,,,34.0
873981,4328,[CAR],what is Debbie going to say when she sees you?,,,34.0
874009,4328,[CHI],she gonna say I have a pretty dress on.,-1.0,auxiliary,34.0
874032,4328,[CAR],she is?,,,34.0
874052,4328,[CAR],how do you know?,,,34.0
874076,4328,[CAR],do you think this is a pretty dress?,,,34.0
874097,4328,[CHI],yup.,,,34.0
874122,4328,[CAR],can you hold up your hair?,,,34.0
874148,4328,[CHI],I'm cold.,1.0,,34.0
874167,4328,[CHI],I'm cold.,1.0,,34.0
874193,4328,[CAR],well I guess we'll hafta put on some socks too.,,,34.0
874213,4328,[CHI],I'm not cold.,1.0,,34.0
874226,4328,[CAR],let's put on some underpants.,,,34.0
874252,4328,[CHI],nope.,,,34.0
874275,4328,[CHI],nope Mommy.,1.0,,34.0
874303,4328,[CAR],hey honey look what I have here.,,,34.0
874325,4328,[CHI],a.,,,34.0
874342,4328,[CHI],oh what is that?,1.0,,34.0
874366,4328,[CHI],another crib?,1.0,,34.0
874385,4328,[CAR],it's a little baby carriage.,,,34.0
874405,4328,[CHI],oh.,,,34.0
874423,4328,[CHI],then what is this?,1.0,,34.0
874432,4328,[CHI],what are these thing?,-1.0,plural,34.0
874455,4328,[CAR],that's a little crib.,,,34.0
874472,4328,[CHI],oh with a baby in it?,1.0,,34.0
874494,4328,[CHI],let me take it out_of there.,1.0,,34.0
874529,4328,[CAR],here.,,,34.0
874551,4328,[CAR],what are those things?,,,34.0
874564,4328,[CAR],these are the wheels of the carriage.,,,34.0
874597,4328,[CAR],shall we put them in place?,,,34.0
874619,4328,[CHI],yup.,,,34.0
874636,4328,[CHI],put them on the carriage.,0.0,,34.0
874658,4328,[CHI],and who's in there?,1.0,,34.0
874683,4328,[CHI],that's another little baby.,1.0,,34.0
874714,4328,[CHI],he wants to come out_of his crib.,1.0,,34.0
874729,4328,[CAR],look.,,,34.0
874762,4328,[CHI],yeah.,,,34.0
874810,4328,[CHI],this baby.,-1.0,verb,34.0
874829,4328,[CHI],this baby is here.,1.0,,34.0
874850,4328,[CHI],where the mother to push him?,-1.0,verb,34.0
874869,4328,[CHI],where's the mother to push him?,1.0,,34.0
874895,4328,[CAR],I guess you'll be his mother.,,,34.0
874923,4328,[CHI],this one?,1.0,,34.0
874943,4328,[CHI],this one?,1.0,,34.0
874968,4328,[CAR],you can be the mother of the baby okay?,,,34.0
874988,4328,[CHI],nope I won't.,1.0,,34.0
875018,4328,[CAR],you don't wanna be the mother of the baby?,,,34.0
875048,4328,[CHI],yup.,,,34.0
875066,4328,[CHI],I do.,1.0,,34.0
875088,4328,[CAR],you do?,,,34.0
875112,4328,[CHI],them both of them are gonna go there.,1.0,,34.0
875133,4328,[CAR],both of who are gonna go there?,,,34.0
875156,4328,[CHI],the babies are.,1.0,,34.0
875168,4328,[CHI],this baby wants to go.,1.0,,34.0
875194,4328,[CAR],where's the baby?,,,34.0
875217,4328,[CHI],this baby's gonna share the carriage.,1.0,,34.0
875253,4328,[CAR],in the carriage?,,,34.0
875272,4328,[CHI],he's gonna?,-1.0,object,34.0
875288,4328,[CHI],he's gonna go in the carriage.,1.0,,34.0
875304,4328,[CHI],see.,,,34.0
875325,4328,[CHI],I'm gonna be the mother.,1.0,,34.0
875340,4328,[CHI],both of them gonna go in the carriage.,-1.0,auxiliary,34.0
875361,4328,[CHI],see.,,,34.0
875378,4328,[CAR],where are you going to take the carriage?,,,34.0
875398,4328,[CAR],um?,,,34.0
875418,4328,[CHI],take the babies out_of there.,0.0,,34.0
875442,4328,[CAR],are you going to take them to the park?,,,34.0
875463,4328,[CHI],yup.,,,34.0
875477,4328,[CHI],I take the babies to the park.,-1.0,tense_aspect,34.0
875519,4328,[CAR],you're going to do what?,,,34.0
875540,4328,[CHI],going to take the babies to the park.,1.0,,34.0
875561,4328,[CAR],you are?,,,34.0
875575,4328,[CAR],what are they gonna do at the park?,,,34.0
875602,4328,[CHI],play.,,,34.0
875639,4328,[CAR],with what?,,,34.0
875648,4328,[CHI],with toys.,1.0,,34.0
875671,4328,[CAR],would you like to go to the park?,,,34.0
875684,4328,[CHI],yup.,,,34.0
875699,4328,[CAR],which park shall we go to?,,,34.0
875724,4328,[CHI],to to the zoo.,1.0,,34.0
875740,4328,[CAR],oh you'd like to go to the zoo.,,,34.0
875750,4328,[CAR],did we go to the park last week+end?,,,34.0
875769,4328,[CHI],yup.,,,34.0
875824,4328,[CAR],what did you do at the park with Becky and Miriam?,,,34.0
875843,4328,[CHI],I swim.,-1.0,tense_aspect,34.0
875860,4328,[CAR],you did?,,,34.0
875878,4328,[CAR],was it fun?,,,34.0
875896,4328,[CHI],yeah.,,,34.0
875910,4328,[CHI],we're going to the park.,1.0,,34.0
875930,4328,[CHI],there's a little grandmothers.,-1.0,plural,34.0
875950,4328,[CAR],what?,,,34.0
875966,4328,[CHI],there's a grand?,-1.0,object,34.0
875986,4328,[CHI],there's a mothers.,-1.0,plural,34.0
876005,4328,[CAR],oh those are the mothers.,,,34.0
876029,4328,[CAR],that's the little package that the carriage was in.,,,34.0
876047,4328,[CHI],yup.,,,34.0
876059,4328,[CAR],and those are the pictures of the mothers of whom?,,,34.0
876082,4328,[CHI],yeah.,,,34.0
876098,4328,[CAR],who are they the mothers of?,,,34.0
876115,4328,[CHI],of whom?,1.0,,34.0
876129,4328,[CAR],of the babies?,,,34.0
876147,4328,[CHI],yup.,,,34.0
876171,4328,[CHI],the little babies?,1.0,,34.0
876190,4328,[CAR],do you think you'll take care of their babies?,,,34.0
876210,4328,[CHI],yeah.,,,34.0
876225,4328,[CHI],yup.,,,34.0
876235,4328,[CAR],maybe the babies would like something to eat.,,,34.0
876257,4328,[CHI],nope.,,,34.0
876267,4328,[CAR],you don't think so?,,,34.0
876285,4328,[CHI],yes they do.,1.0,,34.0
876303,4328,[CHI],they want this food.,1.0,,34.0
876321,4328,[CHI],they want this?,-1.0,object,34.0
876341,4328,[CHI],food.,,,34.0
876358,4328,[CAR],the food that's cooking?,,,34.0
876376,4328,[CHI],yeah.,,,34.0
876387,4328,[CHI],this is the food that they want.,1.0,,34.0
876400,4328,[CAR],I see.,,,34.0
876414,4328,[CHI],now where is the babies?,-1.0,tense_aspect,34.0
876442,4328,[CHI],to pop in the food.,0.0,,34.0
876458,4328,[CHI],see.,,,34.0
876474,4328,[CHI],eat their food at the park with Nina.,-1.0,"subject, tense_aspect",34.0
876493,4328,[CHI],now they're lying down take a sunshine.,-1.0,other,34.0
876519,4328,[CHI],now they're lying down take a sunshine.,-1.0,other,34.0
876534,4328,[CAR],now they're what?,,,34.0
876559,4328,[CHI],they're eating the food.,1.0,,34.0
876577,4328,[CHI],take a sunshine in the sun.,-1.0,"subject, tense_aspect",34.0
876597,4328,[CAR],they're taking a sun+bath?,,,34.0
876619,4328,[CHI],yup.,,,34.0
876630,4328,[CHI],then they're going to swim with me.,1.0,,34.0
876654,4328,[CHI],see what what the babies are?,-1.0,"subject, tense_aspect",34.0
876679,4328,[CAR],they're going to do what?,,,34.0
876686,4328,[CHI],they're going to swim with me.,1.0,,34.0
876704,4328,[CHI],with on the beach.,0.0,,34.0
876725,4328,[CAR],oh that's nice.,,,34.0
876732,4328,[CAR],that was fun in that swimming pool wasn't it?,,,34.0
876769,4328,[CAR],did you get wet?,,,34.0
876783,4328,[CHI],yup.,,,34.0
876801,4328,[CAR],you didn't go in very much because your toe hurt right?,,,34.0
876818,4328,[CHI],yup.,,,34.0
876833,4328,[CAR],is your toe better now?,,,34.0
876846,4328,[CHI],yup.,,,34.0
876873,4328,[CAR],let me see it.,,,34.0
876889,4328,[CAR],where did you hurt your toe?,,,34.0
876903,4328,[CHI],I just runned on the beach.,-1.0,tense_aspect,34.0
876919,4328,[CAR],you just what?,,,34.0
876938,4328,[CHI],I just runned on the beach.,-1.0,tense_aspect,34.0
876955,4328,[CAR],just ran?,,,34.0
876966,4328,[CAR],around the pool you mean?,,,34.0
876982,4328,[CHI],yup.,,,34.0
876993,4328,[CHI],who goes in that little bed?,1.0,,34.0
877010,4328,[CHI],o goes in that little bed?,0.0,,34.0
877027,4328,[CHI],look_it.,-1.0,preposition,34.0
877043,4328,[CHI],look.,,,34.0
877062,4328,[CHI],look_it.,-1.0,preposition,34.0
877077,4328,[CHI],where is the crib?,1.0,,34.0
877088,4328,[CHI],where's the crib?,1.0,,34.0
877105,4328,[CHI],there's the crib.,1.0,,34.0
877118,4328,[CHI],a crib on on at the park.,1.0,,34.0
877140,4328,[CHI],uh?,,,34.0
877153,4328,[CAR],do you take a carriage or a crib to the park?,,,34.0
877173,4328,[CHI],the crib and the carriage.,1.0,,34.0
877186,4328,[CHI],a crib and a carriage.,1.0,,34.0
877198,4328,[CAR],a crib and a carriage?,,,34.0
877217,4328,[CHI],yeah.,,,34.0
877230,4328,[CHI],for we wanna go in to.,-1.0,object,34.0
877255,4328,[CHI],this baby wanna go in the carriage.,-1.0,sv_agreement,34.0
877274,4328,[CHI],baby wants to go in the carriage.,-1.0,determiner,34.0
877293,4328,[CHI],he wants to go in the crib.,1.0,,34.0
877306,4328,[CHI],now they both sleep.,-1.0,present_progressive,34.0
877322,4328,[CHI],now they're both sleeping at the park.,1.0,,34.0
877337,4328,[CAR],what are they going to do when they wake up?,,,34.0
877353,4328,[CHI],they're going to play with me with?,-1.0,preposition,34.0
877368,4328,[CHI],with?,,,34.0
877381,4328,[CHI],they're going to eat with me with this breakfast.,-1.0,preposition,34.0
877394,4328,[CAR],oh.,,,34.0
877408,4328,[CAR],did you eat at the park last week?,,,34.0
877426,4328,[CHI],yup.,,,34.0
877439,4328,[CAR],what did you eat?,,,34.0
877452,4328,[CHI],sandwiches.,,,34.0
877474,4328,[CHI],we didn't eat at the park.,1.0,,34.0
877533,4328,[CAR],that was fun wasn't it?,,,34.0
877545,4328,[CHI],yup.,,,34.0
877561,4328,[CAR],we had a picnic.,,,34.0
877577,4328,[CHI],yup.,,,34.0
877590,4328,[CAR],what did we eat after our picnic?,,,34.0
877606,4328,[CAR],remember?,,,34.0
877618,4328,[CHI],yeah.,,,34.0
877634,4328,[CAR],what?,,,34.0
877649,4328,[CHI],oh.,,,34.0
877662,4328,[CAR],something chewy.,,,34.0
877675,4328,[CAR],what was it?,,,34.0
877691,4328,[CHI],oh gum.,1.0,,34.0
877704,4328,[CAR],gum.,,,34.0
877720,4328,[CAR],did you swallow your gum by mistake?,,,34.0
877735,4328,[CHI],no I chewed it.,1.0,,34.0
877751,4328,[CAR],you chewed it?,,,34.0
877763,4328,[CAR],did you spit it out then?,,,34.0
877780,4328,[CHI],nope.,,,34.0
877794,4328,[CAR],what happened to it?,,,34.0
877810,4328,[CHI],here's some of the play dough.,1.0,,34.0
877830,4328,[CAR],oh careful.,,,34.0
877854,4328,[CAR],let's not spill any more on the floor.,,,34.0
877885,4328,[CAR],Pierre and Maryse brought you a hat.,,,34.0
877900,4328,[CHI],oh.,,,34.0
877919,4328,[CHI],a a Mickey mouse hat?,1.0,,34.0
877931,4328,[CAR],a Mickey mouse hat.,,,34.0
877942,4328,[CAR],they bought it at Disney Land for Nina.,,,34.0
877955,4328,[CHI],what is it a Mickey mouse hat?,1.0,,34.0
877970,4328,[CHI],yeah.,,,34.0
877984,4328,[CAR],oh that looks cute on you.,,,34.0
878000,4328,[CHI],for Mickey mouse.,0.0,,34.0
878012,4328,[CAR],that's so sweet.,,,34.0
878024,4328,[CAR],what does it have on it?,,,34.0
878038,4328,[CAR],two big ears?,,,34.0
878055,4328,[CHI],yup.,,,34.0
878077,4328,[CAR],let me see it.,,,34.0
878102,4328,[CHI],kitty wants to come in.,-1.0,determiner,34.0
878115,4328,[CAR],oh shall we let the kitty in?,,,34.0
878132,4328,[CAR],come in here kitty.,,,34.0
878151,4328,[CHI],come on kitty.,1.0,,34.0
878168,4328,[CHI],come on you can play with us.,1.0,,34.0
878184,4328,[CHI],look at this little Mickey mouse hat.,1.0,,34.0
878197,4328,[CHI],um?,,,34.0
878211,4328,[CHI],here.,,,34.0
878225,4328,[CHI],um?,,,34.0
878236,4328,[CHI],the kitty says he wants to come in.,1.0,,34.0
878260,4328,[CAR],okay.,,,34.0
878269,4328,[CAR],what's he doing?,,,34.0
878287,4328,[CAR],oh.,,,34.0
878298,4328,[CHI],purring.,,,34.0
878316,4328,[CHI],purr?,,,34.0
878337,4328,[CHI],do you like to play with the play dough?,1.0,,34.0
878361,4328,[CAR],what are you doing to the cat?,,,34.0
878377,4328,[CAR],where is the cat?,,,34.0
878392,4328,[CHI],oh he's on my arm.,1.0,,34.0
878421,4328,[CAR],he's in your arms?,,,34.0
878457,4328,[CAR],what's he doing?,,,34.0
878468,4328,[CHI],he's saying meow because he's sad.,1.0,,34.0
878485,4328,[CAR],do you think so?,,,34.0
878497,4328,[CHI],yes.,,,34.0
878513,4328,[CHI],ah.,,,34.0
878535,4328,[CHI],ouch.,,,34.0
878554,4328,[CAR],what did he do?,,,34.0
878569,4328,[CHI],he scratches me.,-1.0,present_progressive,34.0
878588,4328,[CAR],uhoh I guess you better let him down.,,,34.0
878602,4328,[CAR],he wants to look at your Mickey mouse hat.,,,34.0
878624,4328,[CHI],oh.,,,34.0
878633,4328,[CHI],lookat.,,,34.0
878643,4328,[CHI],lookat.,,,34.0
878654,4328,[CHI],oh look at my Mickey mouse hat.,1.0,,34.0
878669,4328,[CAR],Nina don't pull him by the tail.,,,34.0
878686,4328,[CHI],I wanna carry him.,1.0,,34.0
878704,4328,[CAR],well honey I don't know if he wants to be carried right now.,,,34.0
878719,4328,[CHI],yes he does.,1.0,,34.0
878730,4328,[CAR],let's wait until he comes out.,,,34.0
878743,4328,[CAR],where's the Mickey mouse hat?,,,34.0
878751,4328,[CHI],on you.,1.0,,34.0
878765,4328,[CHI],cause you're Mickey mouse.,1.0,,34.0
878783,4328,[CAR],what are these?,,,34.0
878798,4328,[CAR],do you know what those are?,,,34.0
878832,4328,[CHI],yup ears.,1.0,,34.0
878850,4328,[CHI],ears.,,,34.0
878868,4328,[CHI],ears.,,,34.0
878882,4328,[CHI],ears.,,,34.0
878897,4328,[CAR],they're awfully big ears aren't they?,,,34.0
878919,4328,[CHI],yup these are ears too on him.,1.0,,34.0
878936,4328,[CAR],yeah who is that?,,,34.0
878949,4328,[CHI],that's Mickey mouse.,1.0,,34.0
878962,4328,[CAR],that was nice of Pierre and Maryse to bring that to you wasn't it?,,,34.0
878980,4328,[CAR],we'll hafta?,,,34.0
878993,4328,[CHI],put it on your head.,1.0,,34.0
879005,4328,[CAR],does it look right on my head?,,,34.0
879060,4328,[CHI],yes.,,,34.0
879086,4328,[CAR],does it fit well?,,,34.0
879107,4328,[CHI],yeah.,,,34.0
879126,4328,[CAR],now you put it on your head.,,,34.0
879145,4328,[CHI],nope.,,,34.0
879159,4328,[CAR],you wanna wear it today when you go?,,,34.0
879175,4328,[CHI],yeah.,,,34.0
879200,4328,[CHI],oh.,,,34.0
879212,4328,[CHI],I wanna carry the kitty when I'm done with the play dough.,1.0,,34.0
879226,4328,[CAR],I think the kitty doesn't wanna be held right now.,,,34.0
879249,4328,[CHI],I wanna carry her.,1.0,,34.0
879275,4328,[CAR],where is she?,,,34.0
879291,4328,[CHI],she's under your bed.,1.0,,34.0
879305,4328,[CAR],well I don't know if she wants to be held right now.,,,34.0
879315,4328,[CHI],I wanna carry her.,1.0,,34.0
879325,4328,[CHI],okay?,,,34.0
879333,4328,[CAR],I don't think she wants to be held.,,,34.0
879347,4328,[CHI],I wanna carry her.,1.0,,34.0
879361,4328,[CHI],I wanna carry her Mommy.,1.0,,34.0
879374,4328,[CAR],do you think she's hiding from you?,,,34.0
879387,4328,[CHI],yup.,,,34.0
879398,4328,[CAR],I think it means that she doesn't wanna be played with right now.,,,34.0
879408,4328,[CAR],can you help me put the top on the play dough?,,,34.0
879424,4328,[CHI],no.,,,34.0
879436,4328,[CAR],what are you doing?,,,34.0
879446,4328,[CAR],oh look Nina what's that?,,,34.0
879463,4328,[CAR],see.,,,34.0
879474,4328,[CHI],yeah.,,,34.0
879482,4328,[CAR],what is it?,,,34.0
879497,4328,[CHI],a moth.,1.0,,34.0
879510,4328,[CAR],what's the moth doing?,,,34.0
879546,4328,[CAR],what is he doing?,,,34.0
879555,4328,[CHI],he's gonna eat my play dough.,1.0,,34.0
879567,4328,[CAR],what is he doing?,,,34.0
879576,4328,[CHI],he's getting me.,-1.0,other,34.0
879588,4328,[CAR],he's what?,,,34.0
879600,4328,[CHI],he's getting me.,-1.0,other,34.0
879613,4328,[CAR],he's flying.,,,34.0
879631,4328,[CAR],he's trying to get out I guess.,,,34.0
879644,4328,[CHI],yeah.,,,34.0
879654,4328,[CAR],where is he flying?,,,34.0
879668,4328,[CHI],inside our house.,1.0,,34.0
879681,4328,[CAR],inside our house.,,,34.0
879690,4328,[CHI],yup.,,,34.0
879701,4328,[CHI],let's let him out Mommy.,1.0,,34.0
879716,4328,[CAR],let him out.,,,34.0
879727,4328,[CAR],oh what a nice kitty.,,,34.0
879741,4328,[CHI],what a nice kitty.,1.0,,34.0
879754,4328,[CHI],she she wanna see the moth.,-1.0,sv_agreement,34.0
879770,4328,[CHI],yes.,,,34.0
879783,4328,[CHI],yes.,,,34.0
879796,4328,[CAR],poor kitty.,,,34.0
879803,4328,[CHI],kitty.,,,34.0
879817,4328,[CAR],I guess the kitty wants you to let her down.,,,34.0
879837,4328,[CHI],nope.,,,34.0
879850,4328,[CHI],nope.,,,34.0
879865,4328,[CAR],give kitty a nice pat.,,,34.0
879879,4328,[CAR],how do you pat kitty?,,,34.0
879891,4328,[CHI],like this.,1.0,,34.0
859623,4335,[CAR],where's your turtle?,,,36.0
859626,4335,[CAR],where's the new turtle that you got for your birthday?,,,36.0
859657,4335,[CHI],I want another present.,1.0,,36.0
859678,4335,[CAR],did you get presents for your birthday?,,,36.0
859703,4335,[CHI],yeah.,,,36.0
859717,4335,[CAR],when was your birthday?,,,36.0
859736,4335,[CHI],I wanna get some more presents in closet in your room.,-1.0,determiner,36.0
859758,4335,[CAR],those are?,,,36.0
859782,4335,[CAR],these are the birthday presents right here.,,,36.0
859804,4335,[CAR],here is the birthday present that Pierre and Maryse gave you.,,,36.0
859825,4335,[CAR],let me see it.,,,36.0
859845,4335,[CHI],I want the other birthday presents.,1.0,,36.0
859866,4335,[CAR],let's play with this one first.,,,36.0
859888,4335,[CHI],I want the?,-1.0,object,36.0
859907,4335,[CHI],I want these ones.,1.0,,36.0
859925,4335,[CAR],what is that?,,,36.0
859948,4335,[CAR],can you?,,,36.0
859968,4335,[CHI],oh I wanna shake the bag.,1.0,,36.0
859992,4335,[CHI],okay?,,,36.0
860012,4335,[CAR],what are they?,,,36.0
860027,4335,[CHI],I wanna shake them in the bag.,1.0,,36.0
860045,4335,[CAR],they might break.,,,36.0
860065,4335,[CAR],let me see them.,,,36.0
860082,4335,[CAR],what is that?,,,36.0
860100,4335,[CHI],uh I wanna put them in the bag and shake them.,1.0,,36.0
860123,4335,[CAR],Nina did you have a birthday party?,,,36.0
860141,4335,[CHI],yeah.,,,36.0
860159,4335,[CAR],what was on the ceiling?,,,36.0
860177,4335,[CHI],balloon.,,,36.0
860193,4335,[CAR],where were they?,,,36.0
860208,4335,[CAR],in the living room or in your room?,,,36.0
860232,4335,[CAR],where were they?,,,36.0
860241,4335,[CHI],in the living room.,1.0,,36.0
860257,4335,[CAR],where there lots?,,,36.0
860271,4335,[CHI],yeah.,,,36.0
860284,4335,[CAR],oh I wanna see these things.,,,36.0
860302,4335,[CHI],in just a minute okay?,1.0,,36.0
860452,4335,[CAR],can you tell me about your birthday party?,,,36.0
860476,4335,[CAR],there they're all mixed.,,,36.0
860492,4335,[CHI],I'm going to dump them all out.,1.0,,36.0
860503,4335,[CHI],I'm going to save these for my other birthday.,1.0,,36.0
860520,4335,[CAR],can you tell me about your birthday party?,,,36.0
860545,4335,[CHI],am I gonna have am I gonna have some more birthdays?,1.0,,36.0
860564,4335,[CAR],no you had two.,,,36.0
860585,4335,[CAR],where was your first birthday party?,,,36.0
860608,4335,[CHI],at my home.,1.0,,36.0
860667,4335,[CAR],no at school.,,,36.0
860686,4335,[CAR],what did you do at school?,,,36.0
860706,4335,[CHI],and where where where my other birthday party?,-1.0,verb,36.0
860722,4335,[CAR],it was at school.,,,36.0
860738,4335,[CAR],tell me what did you do at school for your birthday party?,,,36.0
860761,4335,[CHI],no my other birthday party.,0.0,verb,36.0
860797,4335,[CAR],it was at home.,,,36.0
860809,4335,[CAR],remember?,,,36.0
860820,4335,[CAR],who come to your birthday party at home?,,,36.0
860835,4335,[CHI],Spencer and Justin?,1.0,,36.0
860847,4335,[CHI],Karen and Nina.,1.0,,36.0
860858,4335,[CAR],oh and did some grownups come too?,,,36.0
860877,4335,[CHI],yup.,,,36.0
860901,4335,[CAR],who came?,,,36.0
860922,4335,[CHI],Maggie.,,,36.0
860935,4335,[CAR],what did Maggie bring to you?,,,36.0
860952,4335,[CHI],a turtle.,1.0,,36.0
860968,4335,[CAR],oh.,,,36.0
860983,4335,[CAR],did we play when the children came to your home?,,,36.0
861004,4335,[CAR],what did we blow outside?,,,36.0
861017,4335,[CHI],bubbles.,,,36.0
861031,4335,[CAR],and what happened?,,,36.0
861049,4335,[CHI],they blowed away.,-1.0,tense_aspect,36.0
861066,4335,[CAR],did you catch them?,,,36.0
861170,4335,[CHI],yup.,,,36.0
861179,4335,[CHI],and they blowed away.,-1.0,tense_aspect,36.0
861198,4335,[CAR],what else did you do at your birthday?,,,36.0
861210,4335,[CHI],a?,,,36.0
861220,4335,[CHI],tea set.,-1.0,determiner,36.0
861234,4335,[CAR],you got a tea set as a present.,,,36.0
861257,4335,[CAR],who brought it to you?,,,36.0
861272,4335,[CAR],okay I wanna see the present that Pierre and Maryse gave you.,,,36.0
861285,4335,[CAR],show me one thing at a time.,,,36.0
861300,4335,[CHI],okay.,,,36.0
861311,4335,[CHI],first show a little doggy.,-1.0,"determiner, verb",36.0
861323,4335,[CHI],a little doggy I show.,-1.0,other,36.0
861336,4335,[CAR],oh.,,,36.0
861350,4335,[CAR],he's so cute.,,,36.0
861366,4335,[CHI],he can't stand right here.,1.0,,36.0
861381,4335,[CAR],does he have a chair?,,,36.0
861395,4335,[CHI],nope.,,,36.0
861411,4335,[CHI],he's gonna sit on the shelf.,1.0,,36.0
861427,4335,[CAR],oh put him up on the shelf.,,,36.0
861446,4335,[CHI],okay.,,,36.0
861469,4335,[CAR],now let's see everybody that they brought to you.,,,36.0
861489,4335,[CHI],look at the doggy standing on the shelf.,1.0,,36.0
861538,4335,[CHI],no.,,,36.0
861550,4335,[CHI],no let him stand this way.,1.0,,36.0
861576,4335,[CHI],cause he likes it that way Mommy.,1.0,,36.0
861593,4335,[CAR],does he like to have his back or his front towards me?,,,36.0
861612,4335,[CHI],his front towards me.,1.0,verb,36.0
861629,4335,[CHI],look at this baby.,1.0,,36.0
861645,4335,[CAR],oh what is he wearing?,,,36.0
861664,4335,[CHI],a ponytail.,1.0,,36.0
861677,4335,[CAR],sticking up on top of his head.,,,36.0
861692,4335,[CAR],what kind of clothes is he wearing?,,,36.0
861707,4335,[CHI],a pajamas.,-1.0,determiner,36.0
861724,4335,[CHI],look at that doggy and that baby is sitting all together.,-1.0,tense_aspect,36.0
861742,4335,[CHI],look at this is a girl.,-1.0,subject,36.0
861758,4335,[CAR],is she his sister?,,,36.0
861775,4335,[CHI],yup.,,,36.0
861791,4335,[CAR],where are you gonna put?,,,36.0
861813,4335,[CHI],and she's the mother.,1.0,,36.0
861833,4335,[CAR],where's the mother?,,,36.0
861853,4335,[CHI],right here.,1.0,,36.0
861864,4335,[CAR],no I think she's the sister.,,,36.0
861881,4335,[CAR],see if you can find the mother in there.,,,36.0
861904,4335,[CAR],is there a mother in there?,,,36.0
861922,4335,[CHI],yeah.,,,36.0
861933,4335,[CAR],where?,,,36.0
861948,4335,[CHI],right here is the mother.,1.0,,36.0
861959,4335,[CAR],oh what is the mother doing?,,,36.0
861976,4335,[CHI],I hafta put these ones back in the bag.,1.0,,36.0
861993,4335,[CAR],I wanna see everything from the bag.,,,36.0
862009,4335,[CAR],let's see all the people from the bag.,,,36.0
862024,4335,[CAR],I'll hand them to you one at a time?,,,36.0
862039,4335,[CHI],right down here so we could play with them.,0.0,,36.0
862056,4335,[CHI],let's make the people stand up okay?,1.0,,36.0
862070,4335,[CHI],let's make the little doggy stand up and the mother stand up.,1.0,,36.0
862087,4335,[CHI],oh baby you're so cute.,1.0,,36.0
862101,4335,[CHI],baby.,,,36.0
862113,4335,[CAR],what's the baby doing?,,,36.0
862150,4335,[CHI],crying.,,,36.0
862164,4335,[CAR],why is she crying?,,,36.0
862187,4335,[CHI],cause the baby is crying.,1.0,,36.0
862205,4335,[CHI],cause she hurt herself.,1.0,,36.0
862219,4335,[CAR],how did he hurt himself?,,,36.0
862235,4335,[CHI],how?,,,36.0
862252,4335,[CAR],yeah.,,,36.0
862266,4335,[CHI],why?,,,36.0
862276,4335,[CAR],why is he crying?,,,36.0
862288,4335,[CHI],why?,,,36.0
862302,4335,[CAR],yes.,,,36.0
862316,4335,[CHI],cause he hit himself by a baseball man.,-1.0,preposition,36.0
862336,4335,[CAR],he what?,,,36.0
862350,4335,[CHI],he hit himself by a baseball man.,-1.0,preposition,36.0
862363,4335,[CAR],he got hit by a baseball man?,,,36.0
862382,4335,[CHI],yup.,,,36.0
862398,4335,[CAR],how did that happen?,,,36.0
862442,4335,[CHI],cause he did.,-1.0,object,36.0
862460,4335,[CAR],where was he?,,,36.0
862475,4335,[CHI],in the baseball place.,1.0,,36.0
862487,4335,[CAR],and the baseball hit him?,,,36.0
862500,4335,[CHI],yup.,,,36.0
862516,4335,[CAR],oh who's that that you just took out?,,,36.0
862533,4335,[CHI],a little boy.,1.0,,36.0
862550,4335,[CAR],oh that looks like a daddy to me.,,,36.0
862591,4335,[CHI],that's a daddy.,1.0,,36.0
862606,4335,[CAR],he's wearing a suit isn't he?,,,36.0
862624,4335,[CHI],don't you make the dog fall down.,1.0,,36.0
862645,4335,[CAR],did I?,,,36.0
862655,4335,[CAR],can you put him upright?,,,36.0
862676,4335,[CHI],and that hurts him so you hurt him too.,1.0,,36.0
862697,4335,[CAR],I'm sorry dog.,,,36.0
862714,4335,[CHI],and dog doesn't like that.,1.0,,36.0
862726,4335,[CHI],that what he doesn't like.,-1.0,verb,36.0
862746,4335,[CHI],cause don't do that every time.,-1.0,subject,36.0
862764,4335,[CHI],okay.,,,36.0
862788,4335,[CAR],I didn't mean to knock him over.,,,36.0
862808,4335,[CHI],cause he cries every day when you push him down.,1.0,,36.0
862832,4335,[CAR],oh I didn't do it on purpose.,,,36.0
862846,4335,[CAR],what else did Pierre and Maryse bring for your birthday?,,,36.0
862865,4335,[CHI],Mommy.,,,36.0
862878,4335,[CHI],put right on this shelf.,-1.0,object,36.0
862900,4335,[CHI],we could take them out.,1.0,,36.0
862926,4335,[CAR],take something else out and show me.,,,36.0
862947,4335,[CHI],see all those people.,1.0,,36.0
862966,4335,[CAR],um that's a nice family.,,,36.0
862982,4335,[CAR],tell me who's in that family.,,,36.0
862997,4335,[CAR],who's there?,,,36.0
863010,4335,[CAR],introduce me.,,,36.0
863024,4335,[CHI],that's a daddy and that's a doggy and that's a mother and that's a little girl.,1.0,,36.0
863046,4335,[CAR],that's a and that's a baby and that's a mother.,,,36.0
863063,4335,[CAR],oh how many children are there?,,,36.0
863078,4335,[CHI],one two three four five.,0.0,,36.0
863088,4335,[CAR],there're five people there.,,,36.0
863107,4335,[CAR],or four people and a dog.,,,36.0
863124,4335,[CAR],but only one two children.,,,36.0
863141,4335,[CAR],a baby and a little girl.,,,36.0
863158,4335,[CHI],one two three four five.,0.0,,36.0
863176,4335,[CAR],five pieces.,,,36.0
863193,4335,[CAR],and one of them is a doggy.,,,36.0
863206,4335,[CHI],yup they're all together.,1.0,,36.0
863227,4335,[CHI],and he's walking.,1.0,,36.0
863240,4335,[CAR],why don't you make a birthday party for them?,,,36.0
863253,4335,[CHI],no.,,,36.0
863266,4335,[CAR],would you like to make a birthday cake for them?,,,36.0
863282,4335,[CAR],out_of play+dough?,,,36.0
863301,4335,[CAR],why don't you make a birthday cake for them out_of play+dough?,,,36.0
863322,4335,[CAR],um.,,,36.0
863339,4335,[CAR],make a birthday cake for the family out_of play+dough.,,,36.0
863357,4335,[CHI],okay.,,,36.0
863372,4335,[CHI],you put the candles down.,1.0,,36.0
863386,4335,[CHI],those are for me.,1.0,,36.0
863403,4335,[CHI],now that's for me.,1.0,,36.0
863425,4335,[CHI],I make a cake for them okay?,1.0,,36.0
863444,4335,[CHI],here's gonna be the candle.,1.0,,36.0
863462,4335,[CAR],here's the candles.,,,36.0
863483,4335,[CHI],oh no.,1.0,,36.0
863496,4335,[CHI],I open them.,1.0,,36.0
863509,4335,[CHI],oh.,,,36.0
863527,4335,[CAR],did you have a cake for your birthday?,,,36.0
863544,4335,[CAR],Nina did you have a cake for your birthday?,,,36.0
863565,4335,[CHI],I made a cake at at school.,1.0,,36.0
863579,4335,[CAR],you did?,,,36.0
863592,4335,[CAR],when?,,,36.0
863608,4335,[CHI],cause I did.,-1.0,object,36.0
863618,4335,[CHI],cause I wanted to.,1.0,,36.0
863636,4335,[CHI],cause I put the chocolate on and said.,-1.0,object,36.0
863657,4335,[CHI],happy birthday dear Gary.,1.0,,36.0
863675,4335,[CAR],oh for Gary?,,,36.0
863689,4335,[CHI],yup.,,,36.0
863703,4335,[CAR],when was his birthday?,,,36.0
863712,4335,[CHI],on Tuesday.,1.0,,36.0
863729,4335,[CHI],tomorrow it was.,-1.0,other,36.0
863747,4335,[CHI],this is the match.,1.0,,36.0
863762,4335,[CAR],when it was your birthday did you have something at school?,,,36.0
863772,4335,[CHI],yup.,,,36.0
863780,4335,[CAR],what?,,,36.0
863798,4335,[CHI],a candle maker.,1.0,,36.0
863815,4335,[CHI],I had salad there.,1.0,,36.0
863822,4335,[CAR],did you have cup cakes?,,,36.0
863839,4335,[CHI],no I had cup cakes yesterday before my birthday.,1.0,,36.0
863857,4335,[CAR],did you give cup cakes to each child?,,,36.0
863877,4335,[CHI],yup.,,,36.0
863893,4335,[CAR],who did you give cup cakes to?,,,36.0
863911,4335,[CHI],the lady.,1.0,,36.0
863926,4335,[CHI],I didn't have cup cakes at school.,1.0,,36.0
863941,4335,[CAR],didn't you?,,,36.0
863956,4335,[CAR],for your birthday on Friday I brought lots_of cup cakes remember?,,,36.0
863972,4335,[CHI],this candle is stupid.,1.0,,36.0
863986,4335,[CAR],what's wrong?,,,36.0
863998,4335,[CHI],came out.,-1.0,subject,36.0
864013,4335,[CHI],let's put the big candles on the cake.,1.0,,36.0
864030,4335,[CAR],is that how many you had on your cake?,,,36.0
864057,4335,[CHI],yup.,,,36.0
864070,4335,[CAR],what did you do to the candles?,,,36.0
864086,4335,[CHI],we put them in the cake.,1.0,,36.0
864099,4335,[CAR],and then what?,,,36.0
864111,4335,[CHI],and then we sing.,-1.0,object,36.0
864128,4335,[CHI],happy birthday dear Nina.,1.0,,36.0
864152,4335,[CAR],did I light the cake?,,,36.0
864167,4335,[CHI],yeah.,,,36.0
864180,4335,[CAR],and then what did you do when I lit the candles?,,,36.0
864195,4335,[CHI],we had a birthday?,1.0,,36.0
864213,4335,[CHI],we had a cake all by ourself.,1.0,,36.0
864232,4335,[CAR],did you blow?,,,36.0
864250,4335,[CHI],I'm putting matches on the cake.,1.0,,36.0
864284,4335,[CHI],oh that's your birthday.,1.0,,36.0
864358,4335,[CHI],I'm going to sing.,1.0,,36.0
864374,4335,[CHI],happy birthday dear Florence.,1.0,,36.0
864389,4335,[CAR],what did you do to the matches?,,,36.0
864408,4335,[CAR],will you blow out the candles out?,,,36.0
864429,4335,[CAR],what is there?,,,36.0
864447,4335,[CAR],a fire?,,,36.0
864461,4335,[CHI],yeah.,,,36.0
864491,4335,[CAR],shall I make a wish first?,,,36.0
864506,4335,[CHI],yeah.,,,36.0
864519,4335,[CAR],what happened?,,,36.0
864531,4335,[CHI],now this is your cake.,1.0,,36.0
864548,4335,[CHI],this is your cake with a candle on.,1.0,,36.0
864562,4335,[CHI],I made yours.,1.0,,36.0
864575,4335,[CAR],thank_you.,,,36.0
864588,4335,[CHI],happy birthday dear Florence.,1.0,,36.0
864608,4335,[CHI],you you blow it out now.,1.0,,36.0
864624,4335,[CHI],hafta cut this cake if you want another one okay?,-1.0,subject,36.0
864645,4335,[CAR],how are you cutting it?,,,36.0
864665,4335,[CHI],with the match.,1.0,,36.0
864678,4335,[CAR],with a knife?,,,36.0
864693,4335,[CHI],yup.,,,36.0
864713,4335,[CHI],and pretend knife.,-1.0,determiner,36.0
864731,4335,[CAR],a pretend knife?,,,36.0
864752,4335,[CHI],yup because it's a match.,1.0,,36.0
864773,4335,[CAR],did you like the cake I made for you for your birthday?,,,36.0
864784,4335,[CHI],yup.,,,36.0
864793,4335,[CAR],what kind of a cake was it remember?,,,36.0
864811,4335,[CHI],white cake.,1.0,,36.0
864826,4335,[CAR],what was on top of it?,,,36.0
864838,4335,[CHI],candles.,,,36.0
864846,4335,[CAR],and what else?,,,36.0
864854,4335,[CAR],what kind of fruit did I put on top of it?,,,36.0
864888,4335,[CAR],those little red things?,,,36.0
864906,4335,[CHI],cherries.,,,36.0
864918,4335,[CAR],oh did you get a cherry on your piece?,,,36.0
864933,4335,[CHI],yup.,,,36.0
864958,4335,[CAR],does it taste good?,,,36.0
864979,4335,[CHI],yup.,,,36.0
864996,4335,[CAR],what did we make for birthday lunch?,,,36.0
865015,4335,[CAR],what did you eat before?,,,36.0
865035,4335,[CHI],salad.,,,36.0
865054,4335,[CAR],and spaghetti.,,,36.0
865072,4335,[CHI],yup.,,,36.0
865086,4335,[CAR],where did the spaghetti go?,,,36.0
865099,4335,[CHI],in my tummy.,1.0,,36.0
865115,4335,[CHI],these are pieces of cake for you.,1.0,,36.0
865135,4335,[CAR],oh thank_you.,,,36.0
865147,4335,[CAR],who's coming to this birthday party?,,,36.0
865167,4335,[CHI],Nicole.,,,36.0
865188,4335,[CAR],Nicole is?,,,36.0
865204,4335,[CHI],yeah.,,,36.0
865222,4335,[CAR],and who else?,,,36.0
865237,4335,[CHI],Nina.,,,36.0
865259,4335,[CAR],I see.,,,36.0
865305,4335,[CHI],Nicole is gonna bring you a present Mommy.,1.0,,36.0
865327,4335,[CAR],what kind of a present?,,,36.0
865346,4335,[CHI],a turtle?,1.0,,36.0
865363,4335,[CHI],she's gonna give you.,-1.0,object,36.0
865388,4335,[CAR],oh.,,,36.0
865412,4335,[CHI],these are pieces of cakes for you?,1.0,,36.0
865431,4335,[CHI],when you want another one.,-1.0,preposition,36.0
865441,4335,[CHI],match.,,,36.0
865457,4335,[CHI],blow the candle out.,0.0,,36.0
865475,4335,[CHI],that's the doggy's cake.,1.0,,36.0
865501,4335,[CHI],yum yummy yummy yummy.,0.0,,36.0
865521,4335,[CHI],we hafta take the candles out.,1.0,,36.0
865543,4335,[CHI],cause I put a cherry in his cake.,1.0,,36.0
865565,4335,[CHI],yummy yummy yummy yummy yummy yummy.,0.0,,36.0
865581,4335,[CHI],he bite the cake.,-1.0,tense_aspect,36.0
865596,4335,[CHI],he hasta put this on the?,-1.0,other,36.0
865617,4335,[CHI],no that's where this cake goes.,1.0,,36.0
865642,4335,[CAR],where?,,,36.0
865660,4335,[CAR],where you putting the cake?,,,36.0
865677,4335,[CHI],right there.,1.0,,36.0
865696,4335,[CAR],on what?,,,36.0
865713,4335,[CHI],on the table.,1.0,,36.0
865728,4335,[CHI],but this where's the cake goes.,-1.0,"verb, other",36.0
865741,4335,[CHI],cause these are all my thing.,-1.0,"possessive, other",36.0
865769,4335,[CHI],but you could play with them.,1.0,,36.0
865798,4335,[CHI],I'll share them.,1.0,,36.0
865809,4335,[CAR],who's going to eat that cake?,,,36.0
865827,4335,[CHI],this that this doggy.,1.0,,36.0
865846,4335,[CAR],who else is gonna get to sit at the table?,,,36.0
865870,4335,[CHI],nobody.,,,36.0
865895,4335,[CAR],nobody?,,,36.0
865911,4335,[CHI],I matched the the?,-1.0,object,36.0
865931,4335,[CHI],oh that's funny.,1.0,,36.0
865947,4335,[CHI],I matched the candle.,0.0,,36.0
865970,4335,[CAR],you mean you lit the candle?,,,36.0
865985,4335,[CHI],yup.,,,36.0
866012,4335,[CAR],with what?,,,36.0
866032,4335,[CHI],you don't know how to?,-1.0,verb,36.0
866051,4335,[CHI],sit down.,0.0,,36.0
866075,4335,[CHI],at the table.,1.0,,36.0
866093,4335,[CHI],he doesn't know how to sit down.,1.0,,36.0
866110,4335,[CAR],who doesn't know how to sit down?,,,36.0
866130,4335,[CHI],the doggy doesn't.,1.0,,36.0
866146,4335,[CAR],where does he sit?,,,36.0
866159,4335,[CHI],right.,,,36.0
866169,4335,[CHI],you hafta eat with this.,1.0,,36.0
866188,4335,[CHI],he he bite the cake.,-1.0,tense_aspect,36.0
866205,4335,[CHI],he licked the frosting.,1.0,,36.0
866221,4335,[CHI],he licked the frosting.,1.0,,36.0
866241,4335,[CAR],who licked the frosting?,,,36.0
866258,4335,[CHI],the doggy.,1.0,,36.0
866273,4335,[CAR],maybe the Mommy would like something.,,,36.0
866291,4335,[CHI],okay.,,,36.0
866309,4335,[CHI],the Mommy would eat this cake.,1.0,,36.0
866330,4335,[CHI],the doggy's sharing it.,1.0,,36.0
866348,4335,[CHI],he bite his tongue while he was eating.,-1.0,tense_aspect,36.0
866367,4335,[CHI],and so he's gonna have a little rest with his blanket on.,1.0,,36.0
866392,4335,[CHI],now.,,,36.0
866421,4335,[CHI],oh.,,,36.0
866445,4335,[CHI],that's not his blanket.,1.0,,36.0
866467,4335,[CHI],oh that's his blanket.,1.0,,36.0
866483,4335,[CAR],what's his blanket made out_of?,,,36.0
866501,4335,[CHI],play+dough.,1.0,,36.0
866522,4335,[CHI],there's your blanket.,1.0,,36.0
866539,4335,[CAR],did he get tired from all the party?,,,36.0
866553,4335,[CHI],yup.,,,36.0
866570,4335,[CHI],ssh.,,,36.0
866580,4335,[CHI],that's his piece of cereal.,1.0,,36.0
866598,4335,[CHI],look at him.,1.0,,36.0
866615,4335,[CHI],don't.,,,36.0
866629,4335,[CAR],don't drop on?,,,36.0
866646,4335,[CAR],the carpet.,,,36.0
866678,4335,[CAR],it'll get all dirty.,,,36.0
866695,4335,[CAR],did you go to a birthday party after yours on Saturday?,,,36.0
866718,4335,[CHI],yup.,,,36.0
866736,4335,[CAR],where?,,,36.0
866755,4335,[CAR],at whose house?,,,36.0
866771,4335,[CHI],at Viki's house.,1.0,,36.0
866784,4335,[CAR],and what did you do at Viki's house?,,,36.0
866806,4335,[CHI],a plate.,0.0,,36.0
866824,4335,[CAR],with what?,,,36.0
866841,4335,[CHI],with nothing.,1.0,,36.0
866862,4335,[CAR],did she have a clown on the wall?,,,36.0
866880,4335,[CHI],yup.,,,36.0
866896,4335,[CAR],did you play a game with that?,,,36.0
866917,4335,[CHI],no.,,,36.0
866927,4335,[CAR],oh what are you doing?,,,36.0
866937,4335,[CAR],taking out the rest of your birthday presents?,,,36.0
866959,4335,[CHI],yup.,,,36.0
866973,4335,[CHI],this is a cleaner.,1.0,,36.0
866989,4335,[CHI],this is a cleaner thing.,1.0,,36.0
867005,4335,[CAR],cleaner thing?,,,36.0
867025,4335,[CAR],what is it?,,,36.0
867043,4335,[CHI],is a cleaner thing.,-1.0,subject,36.0
867051,4335,[CAR],what is it used for?,,,36.0
867063,4335,[CAR],you mean a vacuum cleaner?,,,36.0
867077,4335,[CHI],yup.,,,36.0
867093,4335,[CHI],it's a vacuum cleaner already see?,1.0,,36.0
867112,4335,[CHI],we hafta take these lambs out.,1.0,,36.0
867129,4335,[CAR],did you get those for your birthday too?,,,36.0
867152,4335,[CHI],yup.,,,36.0
867177,4335,[CAR],did all the children get animals?,,,36.0
867191,4335,[CHI],yeah.,,,36.0
867206,4335,[CAR],what did the other children get?,,,36.0
867223,4335,[CHI],animals.,,,36.0
867237,4335,[CAR],do you remember what Justin got?,,,36.0
867256,4335,[CHI],a?,,,36.0
867276,4335,[CHI],I gave him something.,1.0,,36.0
867294,4335,[CAR],what did you give him?,,,36.0
867310,4335,[CHI],a blowing thing.,1.0,,36.0
867324,4335,[CAR],oh did you have those at your birthday?,,,36.0
867343,4335,[CHI],yup.,,,36.0
867362,4335,[CHI],here here's some here.,1.0,,36.0
867375,4335,[CAR],what else did the children get at your birthday?,,,36.0
867405,4335,[CHI],animals.,,,36.0
867421,4335,[CAR],Spencer got donkeys.,,,36.0
867442,4335,[CAR],Justin got horses.,,,36.0
867462,4335,[CAR],and I can't remember what Karen got.,,,36.0
867480,4335,[CAR],I think she got some cows.,,,36.0
867499,4335,[CHI],yes she did.,1.0,,36.0
867519,4335,[CHI],and I got some lambs.,1.0,,36.0
867534,4335,[CAR],oh let me see the lambs that you've got.,,,36.0
867552,4335,[CAR],what is that lamb doing?,,,36.0
867575,4335,[CHI],standing on a piece of grass.,1.0,,36.0
867615,4335,[CAR],why don't you feed your lambs?,,,36.0
867660,4335,[CHI],hafta go to Karen's house and play.,0.0,,36.0
867682,4335,[CAR],you can go after her nap.,,,36.0
867705,4335,[CAR],when the clock gets to be here.,,,36.0
867722,4335,[CHI],look at.,-1.0,object,36.0
867753,4335,[CHI],this one's gonna go in there.,1.0,,36.0
867784,4335,[CHI],cause doesn't stand up very well.,-1.0,subject,36.0
867799,4335,[CHI],cause it's broken.,1.0,,36.0
867809,4335,[CHI],and this lamb doesn't stand up very well.,1.0,,36.0
867840,4335,[CHI],cause it hasta go on this piece of grass.,1.0,,36.0
867859,4335,[CAR],play+dough grass?,,,36.0
867880,4335,[CHI],yup.,,,36.0
867897,4335,[CHI],it hasta put a blanket on it.,1.0,,36.0
867914,4335,[CHI],hasta put blankets on.,1.0,,36.0
867930,4335,[CHI],we hafta put blankets on it.,1.0,,36.0
867945,4335,[CAR],on whom are you putting a blanket?,,,36.0
867971,4335,[CHI],on lamb because he's cold.,-1.0,"subject, verb, determiner",36.0
867994,4335,[CAR],who gave all the little animals to the children?,,,36.0
868012,4335,[CHI],Maryse?,,,36.0
868029,4335,[CHI],you did.,1.0,,36.0
868050,4335,[CAR],I did.,,,36.0
868077,4335,[CAR],what did Maryse give to you?,,,36.0
868094,4335,[CHI],these little people.,1.0,,36.0
868112,4335,[CAR],oh did Pierre take pictures of everybody?,,,36.0
868123,4335,[CHI],yup.,,,36.0
868139,4335,[CAR],I wonder if they came out well?,,,36.0
868154,4335,[CAR],he took a picture of Justin crying didn't he?,,,36.0
868179,4335,[CHI],yup.,,,36.0
868195,4335,[CAR],why was Justin crying?,,,36.0
868217,4335,[CHI],cause he was.,0.0,,36.0
868232,4335,[CAR],did he get tired?,,,36.0
868261,4335,[CAR],all the excitement.,,,36.0
868279,4335,[CHI],yup.,,,36.0
868295,4335,[CAR],who goes in here?,,,36.0
868316,4335,[CHI],the little baby.,1.0,,36.0
868340,4335,[CAR],oh he fits in that little crib.,,,36.0
868362,4335,[CHI],no it's a cradle.,1.0,,36.0
868377,4335,[CAR],oh is it a cradle?,,,36.0
868398,4335,[CHI],yup.,,,36.0
868413,4335,[CAR],what do you do with the cradle?,,,36.0
868432,4335,[CHI],roar.,,,36.0
868450,4335,[CHI],this is a lion.,1.0,,36.0
868472,4335,[CHI],roar.,,,36.0
868506,4335,[CAR],oh it's scaring the baby.,,,36.0
868525,4335,[CHI],roar.,,,36.0
868543,4335,[CAR],poor baby.,,,36.0
868560,4335,[CAR],do you think the baby will have a dreams?,,,36.0
868580,4335,[CHI],the baby wants his Mommy.,1.0,,36.0
868602,4335,[CHI],he's crying.,1.0,,36.0
868617,4335,[CAR],what happens?,,,36.0
868631,4335,[CHI],I will stay with you.,1.0,,36.0
868652,4335,[CHI],his mother gonna stay with him.,-1.0,present_progressive,36.0
868674,4335,[CHI],his doggy and his mother and the father and the girl are gonna stay with that baby Mommy.,1.0,,36.0
868710,4335,[CAR],let's see.,,,36.0
868736,4335,[CAR],do you think the baby will have a dream when he goes to sleep?,,,36.0
868756,4335,[CHI],yup.,,,36.0
868769,4335,[CAR],what will he dream about?,,,36.0
868786,4335,[CHI],the doggy.,1.0,,36.0
868803,4335,[CAR],he'll dream about the doggy?,,,36.0
868823,4335,[CHI],yup.,,,36.0
868843,4335,[CAR],tell me all about his dream.,,,36.0
868863,4335,[CHI],he will dream about the lion too.,1.0,,36.0
868884,4335,[CAR],ah.,,,36.0
868905,4335,[CAR],do you have dreams sometime?,,,36.0
868922,4335,[CHI],yup.,,,36.0
868944,4335,[CAR],tell me about a dream that you have.,,,36.0
868963,4335,[CHI],roar.,,,36.0
868979,4335,[CHI],roar roar roar roar.,0.0,,36.0
869002,4335,[CAR],oh the lion is scaring us.,,,36.0
869022,4335,[CAR],I want you to tell me about a dream you have.,,,36.0
869044,4335,[CHI],roar roar roar roar roar roar roar.,0.0,,36.0
869070,4335,[CAR],I'm going to take him away.,,,36.0
869097,4335,[CAR],I don't like the lion.,,,36.0
869120,4335,[CHI],I want the lion.,1.0,,36.0
869133,4335,[CAR],he makes too much noise.,,,36.0
869155,4335,[CHI],I want the lion.,1.0,,36.0
869176,4335,[CAR],okay make him quiet then.,,,36.0
869195,4335,[CHI],roar roar roar.,0.0,,36.0
869215,4335,[CAR],now can you tell me a dream?,,,36.0
869243,4335,[CAR],I'm interested in hearing a dream.,,,36.0
869262,4335,[CAR],do you ever dream?,,,36.0
869281,4335,[CHI],my dream is in my tummy.,1.0,,36.0
869296,4335,[CAR],your dream is in your tummy?,,,36.0
869311,4335,[CHI],yup.,,,36.0
869332,4335,[CAR],I dream sometime.,,,36.0
869350,4335,[CAR],I dream that we go to the beach.,,,36.0
869370,4335,[CAR],and that we play in the water.,,,36.0
869388,4335,[CHI],oh.,,,36.0
869406,4335,[CAR],and that we go swimming.,,,36.0
869434,4335,[CHI],oh.,,,36.0
869457,4335,[CAR],what do you dream?,,,36.0
869483,4335,[CHI],I dream about ice+cream.,1.0,,36.0
869501,4335,[CAR],about ice+cream?,,,36.0
869514,4335,[CAR],what kind of ice+cream?,,,36.0
869530,4335,[CHI],chocolate ice+cream.,1.0,,36.0
869546,4335,[CAR],yeah.,,,36.0
869570,4335,[CAR],and what do you do with the ice+cream?,,,36.0
869587,4335,[CHI],eat it.,1.0,,36.0
869599,4335,[CAR],oh.,,,36.0
869619,4335,[CAR],did you have ice+cream at your birthday?,,,36.0
869639,4335,[CHI],yup.,,,36.0
869653,4335,[CAR],what kind?,,,36.0
869674,4335,[CHI],oh he doesn't stand up very well this lamb.,1.0,,36.0
869693,4335,[CHI],Mommy this lamb doesn't stand up very well.,1.0,,36.0
869718,4335,[CAR],let's see.,,,36.0
869741,4335,[CAR],well we'll put him on some play+dough and then he can stand up.,,,36.0
869765,4335,[CHI],we will put him right next to the cradle.,1.0,,36.0
869792,4335,[CHI],see he's standing up next to the cradle.,1.0,,36.0
869813,4335,[CAR],oh is he?,,,36.0
869830,4335,[CHI],cause he's a picture.,1.0,,36.0
869849,4335,[CAR],he's a picture?,,,36.0
869873,4335,[CHI],yeah.,,,36.0
869893,4335,[CAR],you mean like the picture you have behind your crib?,,,36.0
869915,4335,[CHI],yup.,,,36.0
869939,4335,[CAR],what's on your crib?,,,36.0
869964,4335,[CAR],what animal is on your crib?,,,36.0
869992,4335,[CHI],oh a deer.,1.0,,36.0
870013,4335,[CAR],hey did you see deer yesterday?,,,36.0
870039,4335,[CHI],yup.,,,36.0
870054,4335,[CAR],where?,,,36.0
870083,4335,[CHI],at the hiking.,-1.0,other,36.0
870097,4335,[CAR],what did we do with the deer?,,,36.0
870112,4335,[CHI],say.,,,36.0
870129,4335,[CHI],come here and eat this apple.,1.0,,36.0
870148,4335,[CAR],what did they eat from?,,,36.0
870168,4335,[CHI],apples.,,,36.0
870185,4335,[CAR],did they eat it from your hair?,,,36.0
870202,4335,[CHI],no.,,,36.0
870229,4335,[CAR],show me.,,,36.0
870245,4335,[CAR],let's let's feed the lamb the way we fed the deer.,,,36.0
870264,4335,[CAR],here.,,,36.0
870289,4335,[CHI],Mommy my card.,0.0,,36.0
870305,4335,[CAR],what are those?,,,36.0
870328,4335,[CHI],cards.,,,36.0
870344,4335,[CAR],oh let me see them.,,,36.0
870360,4335,[CAR],bring them to me.,,,36.0
870381,4335,[CHI],okay.,,,36.0
870394,4335,[CAR],are those your birthday cards?,,,36.0
870412,4335,[CHI],yeah.,,,36.0
870427,4335,[CAR],let me see them.,,,36.0
870443,4335,[CAR],I can't see them from way over there.,,,36.0
870459,4335,[CAR],bring them to me.,,,36.0
870481,4335,[CAR],let me see them.,,,36.0
870498,4335,[CHI],you could see them from over?,-1.0,other,36.0
870520,4335,[CAR],I can't see.,,,36.0
870541,4335,[CAR],that's too far away.,,,36.0
870557,4335,[CAR],bring them to me.,,,36.0
870575,4335,[CHI],but you you come here.,0.0,,36.0
870590,4335,[CAR],oh let me see.,,,36.0
870611,4335,[CAR],now what do we have?,,,36.0
870629,4335,[CAR],whoop.,,,36.0
870646,4335,[CAR],oh what's on this birthday card?,,,36.0
870663,4335,[CHI],a present.,1.0,,36.0
870680,4335,[CHI],Mommy.,,,36.0
870703,4335,[CAR],what are you doing with the birthday cards?,,,36.0
870724,4335,[CHI],hanging them.,1.0,,36.0
870741,4335,[CHI],ah.,,,36.0
870760,4335,[CAR],what do you needta hang them up with?,,,36.0
870776,4335,[CHI],some more tape.,1.0,,36.0
870796,4335,[CHI],cause this is old tape.,1.0,,36.0
870820,4335,[CHI],look at it's standing up.,0.0,,36.0
870840,4335,[CAR],you sticking your cards to the door?,,,36.0
870860,4335,[CHI],yup.,,,36.0
870878,4335,[CHI],this was next to that one.,1.0,,36.0
870903,4335,[CAR],who's on this card?,,,36.0
870937,4335,[CHI],a rabbit.,1.0,,36.0
870954,4335,[CAR],what is he doing?,,,36.0
870969,4335,[CAR],eating a turtle.,,,36.0
870986,4335,[CAR],he's eating a turtle or talking to a turtle?,,,36.0
871007,4335,[CHI],is not coming out.,-1.0,subject,36.0
871024,4335,[CAR],who isn't?,,,36.0
871039,4335,[CHI],the turtle.,1.0,,36.0
871058,4335,[CAR],where is he?,,,36.0
871076,4335,[CHI],he's under the shell.,1.0,,36.0
871091,4335,[CAR],it says.,,,36.0
871109,4335,[CAR],happy birthday dear Nina.,,,36.0
871131,4335,[CAR],do you know who sent you that card?,,,36.0
871149,4335,[CHI],yup.,,,36.0
871167,4335,[CAR],who did?,,,36.0
871193,4335,[CHI],you did.,1.0,,36.0
871215,4335,[CAR],no Nonna did.,,,36.0
871244,4335,[CHI],oh.,,,36.0
871264,4335,[CAR],look at the card that Mary sent you.,,,36.0
871272,4335,[CHI],oh.,,,36.0
871292,4335,[CAR],what's on her hand?,,,36.0
871313,4335,[CHI],oh.,,,36.0
871332,4335,[CHI],that was my jump rope.,1.0,,36.0
871353,4335,[CAR],who brought the jump rope to you?,,,36.0
871365,4335,[CHI],Spencer.,,,36.0
871390,4335,[CAR],that was a nice present.,,,36.0
871407,4335,[CAR],what do you do with jump ropes?,,,36.0
871427,4335,[CHI],jump with them.,1.0,,36.0
871450,4335,[CHI],would you hold one end and I hold one end?,1.0,,36.0
871481,4335,[CAR],and who's going to jump in the middle?,,,36.0
871506,4335,[CHI],nobody.,,,36.0
871521,4335,[CAR],what did Mommy give you for your birthday?,,,36.0
871542,4335,[CAR],let me see him.,,,36.0
871565,4335,[CAR],do you like him?,,,36.0
871584,4335,[CAR],what is he?,,,36.0
871603,4335,[CHI],a Snoopy ball.,1.0,,36.0
871617,4335,[CAR],a Snoopy punch ball.,,,36.0
871631,4335,[CHI],yup.,,,36.0
871644,4335,[CAR],what do you do with him?,,,36.0
871655,4335,[CHI],watch me punch it.,1.0,,36.0
871685,4335,[CAR],oh how do you punch?,,,36.0
871706,4335,[CAR],uhoh.,,,36.0
871723,4335,[CAR],what happens when you punch?,,,36.0
871738,4335,[CHI],he's going to the floor.,1.0,,36.0
871751,4335,[CAR],and then what happens.,,,36.0
871768,4335,[CHI],and then comes up?,-1.0,subject,36.0
871785,4335,[CHI],to me.,0.0,,36.0
871796,4335,[CAR],bring him here.,,,36.0
871825,4335,[CAR],I'd like to try punching him.,,,36.0
871846,4335,[CAR],can I try punching him?,,,36.0
871862,4335,[CHI],out here.,0.0,,36.0
871881,4335,[CAR],let me try punching him right here.,,,36.0
871900,4335,[CAR],there's lots_of space.,,,36.0
871935,4335,[CAR],where shall I punch him?,,,36.0
871950,4335,[CHI],on the floor.,1.0,,36.0
871968,4335,[CAR],on his foot?,,,36.0
871997,4335,[CHI],yup.,,,36.0
872013,4335,[CAR],oh there he goes.,,,36.0
872024,4335,[CAR],now you punch him somewhere.,,,36.0
872048,4335,[CAR],where did you punch?,,,36.0
872074,4335,[CHI],on the doll carriage.,1.0,,36.0
872093,4335,[CAR],oopla.,,,36.0
872117,4335,[CAR],did you fall?,,,36.0
872132,4335,[CAR],let me see.,,,36.0
872148,4335,[CAR],let me see this Snoopy.,,,36.0
872167,4335,[CAR],where is Snoopy's nose?,,,36.0
872187,4335,[CHI],I will show you in just a minute.,1.0,,36.0
872201,4335,[CAR],what happened?,,,36.0
872225,4335,[CAR],did you hurt yourself when you fell?,,,36.0
872246,4335,[CHI],what's this?,1.0,,36.0
872261,4335,[CAR],let me see.,,,36.0
872280,4335,[CHI],where my hurt?,-1.0,verb,36.0
872303,4335,[CAR],oh I'll kiss it.,,,36.0
872323,4335,[CAR],bring your knee over here.,,,36.0
872344,4335,[CAR],you bumped your knee when you fell?,,,36.0
872380,4335,[CHI],yeah.,,,36.0
872395,4335,[CAR],I guess you can't punch it so fast.,,,36.0
872417,4335,[CAR],um a big kiss.,,,36.0
872434,4335,[CHI],no right on this hurt.,-1.0,"subject, verb",36.0
872453,4335,[CAR],oh you made a scratch there didn't you?,,,36.0
872476,4335,[CAR],is that from hitting against the bookshelf?,,,36.0
872497,4335,[CHI],yup.,,,36.0
872514,4335,[CAR],poor Nina.,,,36.0
872533,4335,[CAR],where is Snoopy's nose?,,,36.0
872554,4335,[CHI],ah.,,,36.0
872575,4335,[CAR],what a funny looking nose.,,,36.0
872597,4335,[CHI],then where's Snoopy's nose?,1.0,,36.0
872620,4335,[CAR],right there.,,,36.0
872635,4335,[CHI],where's his other nose?,1.0,,36.0
872656,4335,[CHI],where's his other nose?,1.0,,36.0
872679,4335,[CAR],that's the only nose he has.,,,36.0
872702,4335,[CAR],he only has one nose.,,,36.0
872724,4335,[CAR],is this a nose?,,,36.0
872748,4335,[CAR],yeah that's a nose.,,,36.0
872767,4335,[CHI],is this a nose?,1.0,,36.0
872787,4335,[CAR],now what else does he have?,,,36.0
872809,4335,[CHI],put that tape on the Snoopy.,-1.0,"subject, determiner",36.0
872828,4335,[CAR],what are you putting the tape on?,,,36.0
872847,4335,[CHI],I'm putting the tape on my hurt.,1.0,,36.0
872866,4335,[CAR],what did the children wear at the birthday party when they were sitting at the table?,,,36.0
872895,4335,[CAR],um?,,,36.0
872908,4335,[CHI],birthday hats.,1.0,,36.0
872928,4335,[CHI],take them out.,0.0,,36.0
872952,4335,[CHI],take those?,0.0,,36.0
872976,4335,[CHI],I want that bag.,1.0,,36.0
873002,4335,[CAR],what's in this bag?,,,36.0
873027,4335,[CAR],birthday hats?,,,36.0
873046,4335,[CAR],shall we put the birthday hats on your dollies?,,,36.0
873085,4335,[CHI],yup.,,,36.0
873097,4335,[CAR],and make a birthday party?,,,36.0
873117,4335,[CAR],here's a hat.,,,36.0
873133,4335,[CAR],where's he hat?,,,36.0
873152,4335,[CAR],what are you putting on your hurt?,,,36.0
873174,4335,[CHI],this is like a band-aid.,1.0,,36.0
873205,4335,[CAR],who wore the birthday hats at your party?,,,36.0
873229,4335,[CAR],did the grownups wear the birthday hats?,,,36.0
873255,4335,[CHI],no.,,,36.0
873268,4335,[CAR],who wore the birthday hats?,,,36.0
873303,4335,[CHI],the children.,1.0,,36.0
873328,4335,[CAR],what are you doing?,,,36.0
873351,4335,[CAR],you better leave that hurt alone or you'll make it worse you know.,,,36.0
873376,4335,[CAR],bring me a balloon.,,,36.0
873398,4335,[CHI],no.,,,36.0
873420,4335,[CAR],I wanna play with one of your big balloons that was hanging.,,,36.0
873445,4335,[CAR],were you surprised?,,,36.0
873467,4335,[CAR],when you found all those decorations?,,,36.0
873484,4335,[CHI],let me put this on you.,1.0,,36.0
873516,4335,[CAR],okay put it on and I'll keep it on me.,,,36.0
873540,4335,[CHI],okay.,,,36.0
873557,4335,[CAR],there.,,,36.0
873579,4335,[CHI],no I wanna put it on you.,1.0,,36.0
873603,4335,[CAR],this scotch tape really doesn't help a hurt you know.,,,36.0
873621,4335,[CAR],you need band-aids for a hurt.,,,36.0
873642,4335,[CAR],okay.,,,36.0
873670,4335,[CAR],thank_you.,,,36.0
873711,4335,[CAR],I'll keep it on my knee for a while.,,,36.0
873735,4335,[CHI],how about under you knee?,1.0,,36.0
873756,4335,[CHI],how about under your knee?,1.0,,36.0
873778,4335,[CHI],how about right here?,1.0,,36.0
873797,4335,[CAR],okay put it there.,,,36.0
873814,4335,[CAR],there.,,,36.0
873835,4335,[CAR],thank_you.,,,36.0
873853,4335,[CHI],will it hurt?,1.0,,36.0
873872,4335,[CAR],a little bit but it's better now.,,,36.0
873896,4335,[CAR],did you tell Mel about your birthday Nina?,,,36.0
873916,4335,[CHI],where does your finger hurt?,1.0,,36.0
873941,4335,[CAR],it doesn't hurt any more.,,,36.0
873962,4335,[CHI],let me?,-1.0,verb,36.0
873991,4335,[CAR],I don't wanna think about being hurt.,,,36.0
874011,4335,[CAR],it's no fun.,,,36.0
874034,4335,[CAR],I wanna think about birthdays.,,,36.0
874062,4335,[CAR],okay?,,,36.0
874087,4335,[CAR],you make me a birthday party instead.,,,36.0
874105,4335,[CHI],just pretend you have a hurt.,1.0,,36.0
874126,4335,[CAR],okay.,,,36.0
874149,4335,[CAR],let's pretend that's a band-aid too.,,,36.0
874174,4335,[CAR],okay now we'll forget about it so I don't hafta think about it.,,,36.0
874197,4335,[CAR],can I have a balloon for my birthday?,,,36.0
874225,4335,[CHI],yup.,,,36.0
874246,4335,[CAR],a big red balloon.,,,36.0
874269,4335,[CHI],yup.,,,36.0
874286,4335,[CHI],where's the other one?,1.0,,36.0
874307,4335,[CHI],do you have a pink one?,1.0,,36.0
874329,4335,[CHI],it's better to have a pink one.,1.0,,36.0
874364,4335,[CHI],why did you close this door?,1.0,,36.0
874386,4335,[CAR],I didn't close it.,,,36.0
874408,4335,[CAR],it just closed.,,,36.0
874428,4335,[CAR],do you want it open?,,,36.0
874447,4335,[CHI],I'll bring a pink balloon okay?,1.0,,36.0
874487,4335,[CHI],do you want a pink balloon?,1.0,,36.0
874518,4335,[CAR],yeah I would.,,,36.0
874547,4335,[CAR],then we can play with them.,,,36.0
874566,4335,[CHI],okay.,,,36.0
874582,4335,[CAR],and play catch.,,,36.0
874610,4335,[CHI],okay.,,,36.0
874627,4335,[CAR],I guess it must have?,,,36.0
874654,4335,[CAR],it must have popped you know?,,,36.0
874673,4335,[CHI],uh?,,,36.0
874688,4335,[CHI],uh?,,,36.0
874702,4335,[CAR],the pink one must have popped.,,,36.0
874728,4335,[CAR],I don't see it any more.,,,36.0
874750,4335,[CAR],but we have a red one to play with.,,,36.0
874771,4335,[CHI],throw me the red one.,1.0,,36.0
874788,4335,[CAR],okay.,,,36.0
874815,4335,[CAR],wow.,,,36.0
874833,4335,[CAR],it's pretty.,,,36.0
874862,4335,[CAR],bumpety where's the balloon?,,,36.0
874885,4335,[CAR],where's the balloon?,,,36.0
874909,4335,[CHI],hafta go out out in the living room for a little while.,-1.0,subject,36.0
874940,4335,[CHI],then I will come back.,1.0,,36.0
874964,4335,[CAR],I'm going to play with this.,,,36.0
874985,4335,[CHI],ah.,,,36.0
875012,4335,[CAR],do you wanna play with this?,,,36.0
875032,4335,[CHI],I wanna play with the tea set.,1.0,,36.0
875050,4335,[CAR],okay let's have some tea.,,,36.0
875083,4335,[CAR],put some things out for me to have tea with.,,,36.0
875110,4335,[CHI],okay.,,,36.0
875135,4335,[CHI],I'll put them out fork.,-1.0,"preposition, determiner",36.0
875153,4335,[CAR],who gave you the tea set?,,,36.0
875167,4335,[CHI],here's your cup.,1.0,,36.0
875189,4335,[CHI],and here's my cup.,1.0,,36.0
875216,4335,[CHI],and here's?,-1.0,subject,36.0
875246,4335,[CHI],the fork.,1.0,,36.0
875269,4335,[CHI],and I have the the plate.,1.0,,36.0
875289,4335,[CHI],here's your plate.,1.0,,36.0
875302,4335,[CHI],that's spaghetti.,1.0,,36.0
875319,4335,[CHI],and here's your spoon.,1.0,,36.0
875341,4335,[CHI],and that's your spaghetti.,1.0,,36.0
875358,4335,[CHI],and here's your knife.,1.0,,36.0
875375,4335,[CHI],here's you knife.,1.0,,36.0
875409,4335,[CAR],thank_you.,,,36.0
875424,4335,[CHI],that's your spaghetti.,1.0,,36.0
875451,4335,[CHI],this is mine.,1.0,,36.0
875484,4335,[CHI],this is?,-1.0,object,36.0
875508,4335,[CHI],this is mine?,1.0,,36.0
875535,4335,[CHI],knife.,,,36.0
875552,4335,[CHI],this is my plate.,1.0,,36.0
875568,4335,[CAR],what's that for?,,,36.0
875584,4335,[CHI],that.,,,36.0
875600,4335,[CHI],this is for this tea pot.,1.0,,36.0
875619,4335,[CAR],oh that's the teapot.,,,36.0
875636,4335,[CHI],do you want some tea?,1.0,,36.0
875659,4335,[CAR],yes please.,,,36.0
875675,4335,[CHI],here.,,,36.0
875692,4335,[CHI],her thing went by the table.,1.0,,36.0
875715,4335,[CHI],and this is your top.,1.0,,36.0
875732,4335,[CHI],this is your top for your pot.,1.0,,36.0
875758,4335,[CAR],for my what?,,,36.0
875776,4335,[CHI],this is for your cup.,1.0,,36.0
875793,4335,[CAR],what is?,,,36.0
875817,4335,[CHI],this top is.,1.0,,36.0
875838,4335,[CAR],the top doesn't go on a cup.,,,36.0
875863,4335,[CAR],it goes on the sugar and on the teapot probably.,,,36.0
875885,4335,[CHI],this is for the sugar.,1.0,,36.0
875899,4335,[CHI],this is the sugar that goes in there.,1.0,,36.0
875929,4335,[CHI],I'm putting the sugar in there.,1.0,,36.0
875945,4335,[CAR],you're putting some play+dough in the sugar bowl?,,,36.0
875965,4335,[CHI],yup.,,,36.0
875989,4335,[CHI],and you can have some sugar on your spaghetti.,1.0,,36.0
876009,4335,[CAR],no I want cheese on my spaghetti please.,,,36.0
876037,4335,[CHI],in just a minute.,1.0,,36.0
876072,4335,[CHI],the cheese is up there.,1.0,,36.0
876085,4335,[CHI],in the can on the shelf.,1.0,,36.0
876104,4335,[CAR],who gave you the tea set?,,,36.0
876120,4335,[CHI],here's your cheese.,1.0,,36.0
876138,4335,[CAR],thank_you.,,,36.0
876160,4335,[CHI],there.,,,36.0
876186,4335,[CAR],may I have some more cheese?,,,36.0
876201,4335,[CHI],no that's all.,1.0,,36.0
876230,4335,[CAR],what's that?,,,36.0
876254,4335,[CHI],this your?,-1.0,"verb, object",36.0
876266,4335,[CHI],this is sugar.,1.0,,36.0
876278,4335,[CHI],you hafta put the top on it.,1.0,,36.0
876307,4335,[CHI],okay Mommy?,1.0,,36.0
876325,4335,[CHI],you hafta put the top on here.,1.0,,36.0
876343,4335,[CHI],then we hafta?,-1.0,object,36.0
876357,4335,[CHI],and this is the tea.,1.0,,36.0
876375,4335,[CHI],see in here.,1.0,,36.0
876393,4335,[CHI],my fork and spoon.,0.0,,36.0
876401,4335,[CHI],my knife.,0.0,,36.0
876423,4335,[CHI],and my tea.,0.0,,36.0
876437,4335,[CHI],and here's my?,-1.0,subject,36.0
876450,4335,[CHI],and here's the sugar.,1.0,,36.0
876466,4335,[CHI],and here?,-1.0,"verb, subject",36.0
876483,4335,[CHI],and I need some spaghetti.,1.0,,36.0
876499,4335,[CHI],here's some spaghetti that I have.,1.0,,36.0
876513,4335,[CHI],and here's?,-1.0,subject,36.0
876525,4335,[CHI],you eat some spaghetti.,1.0,,36.0
876546,4335,[CAR],um I need something else.,,,36.0
876563,4335,[CAR],what could I have?,,,36.0
876576,4335,[CAR],I think I'd like some bread.,,,36.0
876593,4335,[CHI],here's some bread?,1.0,,36.0
876609,4335,[CHI],by your spaghetti.,1.0,,36.0
876636,4335,[CAR],and I would also like some butter for my bread please.,,,36.0
876656,4335,[CHI],no later.,1.0,,36.0
876697,4335,[CHI],here's some butter.,1.0,,36.0
876713,4335,[CHI],there's some butter on your bread.,1.0,,36.0
876728,4335,[CAR],how did you spread the butter?,,,36.0
876749,4335,[CHI],with this knife.,1.0,,36.0
876765,4335,[CAR],how did you spread the butter?,,,36.0
876803,4335,[CHI],with this knife.,1.0,,36.0
876816,4335,[CAR],I see.,,,36.0
876835,4335,[CAR],do you make bread at school sometime?,,,36.0
876849,4335,[CHI],yup.,,,36.0
876871,4335,[CAR],what do you put on your bread at school?,,,36.0
876898,4335,[CHI],I'm gonna put a little sugar on.,1.0,,36.0
876913,4335,[CAR],do you make cinnamon toast at school?,,,36.0
876926,4335,[CHI],here's a little sugar.,1.0,,36.0
876940,4335,[CAR],oh I don't think I want sugar on my bread if I'm eating it with spaghetti.,,,36.0
876972,4335,[CAR],I only like sugar and cinnamon for breakfast.,,,36.0
876984,4335,[CAR],so you put this piece of bread back.,,,36.0
876998,4335,[CHI],oh.,,,36.0
877013,4335,[CAR],okay?,,,36.0
877032,4335,[CAR],I want another piece.,,,36.0
877046,4335,[CAR],can you give me another piece with just butter?,,,36.0
877058,4335,[CHI],yup.,,,36.0
877072,4335,[CHI],here's the one with butter.,1.0,,36.0
877085,4335,[CAR],okay.,,,36.0
877100,4335,[CHI],this is the one with butter.,1.0,,36.0
877114,4335,[CAR],let's see?,,,36.0
877125,4335,[CHI],that one.,1.0,,36.0
877138,4335,[CAR],who else has a tea set like this?,,,36.0
877152,4335,[CAR],um?,,,36.0
877170,4335,[CAR],who has a little tea set like this do you know?,,,36.0
877184,4335,[CHI],I do.,1.0,,36.0
877200,4335,[CAR],and who else?,,,36.0
877225,4335,[CAR],your little friend Karen does doesn't she?,,,36.0
877241,4335,[CHI],yup.,,,36.0
877251,4335,[CAR],did she give this to you for your birthday?,,,36.0
877272,4335,[CAR],or did Justin give this to you?,,,36.0
877283,4335,[CHI],no Justin gave me the turtle.,1.0,,36.0
877297,4335,[CAR],oh.,,,36.0
877312,4335,[CAR],so what did Karen give you?,,,36.0
877352,4335,[CHI],this is tea.,1.0,,36.0
877367,4335,[CHI],do you want some more tea?,1.0,,36.0
877384,4335,[CAR],yes please.,,,36.0
877391,4335,[CHI],okay.,,,36.0
877405,4335,[CHI],there.,,,36.0
877420,4335,[CAR],is this a birthday party that you're making?,,,36.0
877441,4335,[CHI],yup.,,,36.0
877451,4335,[CAR],what else are we going to eat besides spaghetti then?,,,36.0
877468,4335,[CHI],oh.,,,36.0
877484,4335,[CHI],we'll have cake for dessert.,1.0,,36.0
877499,4335,[CAR],um good spaghetti you made Nina.,,,36.0
877523,4335,[CAR],thank_you.,,,36.0
877550,4335,[CAR],I'm eating it with my fork.,,,36.0
877584,4335,[CAR],how are you eating your spaghetti?,,,36.0
877610,4335,[CHI],I'm putting my spaghetti away.,1.0,,36.0
877622,4335,[CHI],I putting my things away?,1.0,,36.0
877639,4335,[CHI],for tomorrow Mommy.,1.0,,36.0
877653,4335,[CAR],then what are you making now?,,,36.0
877667,4335,[CAR],dessert?,,,36.0
877687,4335,[CAR],I'd like some dessert now.,,,36.0
877713,4335,[CHI],did you finish your spaghetti and cake?,1.0,,36.0
877729,4335,[CAR],no I just finished my spaghetti.,,,36.0
877744,4335,[CAR],I'm ready for birthday cake now.,,,36.0
877771,4335,[CAR],will you serve me some?,,,36.0
877789,4335,[CHI],did you finish your bread and cake?,1.0,,36.0
877804,4335,[CAR],I finished my bread and spaghetti.,,,36.0
877817,4335,[CAR],it's all eaten.,,,36.0
877827,4335,[CAR],now I'd like dessert.,,,36.0
877841,4335,[CAR],what are you gonna give me for my birthday party dessert?,,,36.0
877861,4335,[CHI],this is cake.,1.0,,36.0
877882,4335,[CAR],oh and what else can I have?,,,36.0
877895,4335,[CHI],ice+cream is for dessert too.,1.0,,36.0
877925,4335,[CAR],oh.,,,36.0
877940,4335,[CHI],ice+cream is later.,1.0,,36.0
877962,4335,[CAR],later?,,,36.0
877972,4335,[CAR],I'd like some now?,,,36.0
877999,4335,[CAR],with my cake.,,,36.0
878009,4335,[CHI],no later.,1.0,,36.0
878032,4335,[CAR],oh okay.,,,36.0
878053,4335,[CAR],I'll finish this cake first.,,,36.0
878069,4335,[CAR],all_gone.,,,36.0
878084,4335,[CAR],now can I have some ice+cream?,,,36.0
878097,4335,[CHI],here's some ice+cream.,1.0,,36.0
878117,4335,[CHI],there's some ice+cream.,1.0,,36.0
878133,4335,[CAR],what kind did you give me?,,,36.0
878152,4335,[CHI],chocolate.,,,36.0
878166,4335,[CAR],oh that's my favorite.,,,36.0
878175,4335,[CAR],what's your favorite ice+cream?,,,36.0
878194,4335,[CHI],white ice+cream.,1.0,,36.0
878207,4335,[CAR],vanilla?,,,36.0
878229,4335,[CHI],yup.,,,36.0
878244,4335,[CAR],hey Nina look at?,,,36.0
878261,4335,[CHI],the lamb is gonna eat the ice+cream all up.,1.0,,36.0
878277,4335,[CAR],he is?,,,36.0
878290,4335,[CHI],yup.,,,36.0
878301,4335,[CHI],he's gonna throw up.,1.0,,36.0
878318,4335,[CAR],he's going to eat too much and get sick?,,,36.0
878335,4335,[CHI],yup.,,,36.0
878350,4335,[CAR],oh that's not a good idea.,,,36.0
878362,4335,[CHI],look at him.,1.0,,36.0
878378,4335,[CAR],he's cute.,,,36.0
878390,4335,[CHI],where's my magnet?,1.0,,36.0
878405,4335,[CAR],oh he's cute.,,,36.0
878417,4335,[CAR],I don't know what happened to your magnet.,,,36.0
878433,4335,[CHI],here.,,,36.0
878443,4335,[CAR],I'll hold him.,,,36.0
878456,4335,[CAR],hey Nina did Lawny and you go for a hike yesterday?,,,36.0
878465,4335,[CHI],yup.,,,36.0
878487,4335,[CAR],where did we go?,,,36.0
878500,4335,[CHI],hafta put these things away now.,-1.0,subject,36.0
878517,4335,[CHI],right on this table.,1.0,,36.0
878529,4335,[CHI],okay?,,,36.0
878542,4335,[CAR],ummhm.,,,36.0
878557,4335,[CHI],cause where those these things go.,-1.0,"subject, verb",36.0
878574,4335,[CAR],tell turtle about the hike we took.,,,36.0
878589,4335,[CAR],he wants to know.,,,36.0
878603,4335,[CHI],he wanna eat all the food up.,-1.0,"sv_agreement, tense_aspect",36.0
878620,4335,[CAR],oh you think he'd rather eat food then hear about the hike?,,,36.0
878640,4335,[CHI],yup.,,,36.0
878649,4335,[CAR],I'm going to tell him about the hike.,,,36.0
878662,4335,[CAR],hey turtle Nina and I and Lawny and Barbara and Joe and rob we all went for a long hike and we saw some animals.,,,36.0
878684,4335,[CAR],what did we see?,,,36.0
878700,4335,[CAR],what animals?,,,36.0
878718,4335,[CHI],deer.,,,36.0
878729,4335,[CAR],and what did we feed them?,,,36.0
878742,4335,[CHI],food.,,,36.0
878754,4335,[CAR],what kind of food?,,,36.0
878770,4335,[CAR],apple food.,,,36.0
878784,4335,[CAR],what kind of sandwiches did we feed them?,,,36.0
878808,4335,[CHI],uh?,,,36.0
878819,4335,[CAR],what kind of sandwiches did we feed them?,,,36.0
878842,4335,[CHI],peanut+butter and jelly sandwich.,1.0,,36.0
878854,4335,[CAR],did they eat from your hand?,,,36.0
878869,4335,[CHI],yup.,,,36.0
878875,4335,[CAR],what did you do with your hand?,,,36.0
878894,4335,[CHI],put out straight.,-1.0,"subject, object",36.0
878908,4335,[CAR],and then what happened?,,,36.0
878935,4335,[CHI],and then it?,-1.0,verb,36.0
878947,4335,[CHI],and then the deer take the sandwich today away.,-1.0,"sv_agreement, other",36.0
878961,4335,[CAR],how?,,,36.0
878974,4335,[CHI],with their mouth.,1.0,,36.0
879013,4335,[CAR],with the mouth?,,,36.0
879021,4335,[CHI],yup.,,,36.0
879032,4335,[CAR],did the baby deer eat from our hand?,,,36.0
879043,4335,[CHI],nope.,,,36.0
879056,4335,[CAR],why?,,,36.0
879067,4335,[CHI],cause he didn't.,1.0,,36.0
879076,4335,[CAR],I wonder why.,,,36.0
879083,4335,[CAR],did the big deer keep chasing him away?,,,36.0
879093,4335,[CHI],yup.,,,36.0
879104,4335,[CAR],do you think he was scared?,,,36.0
879115,4335,[CAR],would you like to go back for a hike to that place?,,,36.0
879134,4335,[CHI],yup.,,,36.0
879144,4335,[CAR],how did we get there?,,,36.0
879166,4335,[CHI],lemme see that.,1.0,,36.0
879180,4335,[CHI],the string?,0.0,,36.0
879192,4335,[CAR],ummhm.,,,36.0
879206,4335,[CAR],how did we get to the hike yesterday?,,,36.0
879219,4335,[CAR],did we go by camel?,,,36.0
879236,4335,[CHI],no.,,,36.0
879248,4335,[CAR],how did we go?,,,36.0
879261,4335,[CHI],all by ourself.,-1.0,plural,36.0
879279,4335,[CAR],in what?,,,36.0
879302,4335,[CAR],a train?,,,36.0
879323,4335,[CHI],no.,,,36.0
879338,4335,[CAR],in what?,,,36.0
879351,4335,[CHI],in when we were walking.,-1.0,other,36.0
879362,4335,[CAR],but how did we get to the walk?,,,36.0
879379,4335,[CAR],in a train in a boat in a car?,,,36.0
879395,4335,[CAR],in what?,,,36.0
879411,4335,[CHI],in a walking place.,1.0,,36.0
879435,4335,[CAR],in a car we went.,,,36.0
879448,4335,[CAR],what was the road like?,,,36.0
879460,4335,[CHI],yucky.,,,36.0
879472,4335,[CAR],it was a yucky road.,,,36.0
879485,4335,[CAR],why?,,,36.0
879495,4335,[CHI],why?,,,36.0
879512,4335,[CAR],did it go round and round?,,,36.0
879526,4335,[CHI],yup.,,,36.0
879538,4335,[CAR],it took an awfully long time to get there didn't it?,,,36.0
879553,4335,[CHI],yeah.,,,36.0
879565,4335,[CAR],were you and Lawny good though?,,,36.0
879578,4335,[CHI],would you jump rope out here?,1.0,,36.0
879598,4335,[CHI],would you jump rope out here?,1.0,,36.0
879610,4335,[CAR],do you want me to jump?,,,36.0
879624,4335,[CAR],here let me have it.,,,36.0
879636,4335,[CHI],no.,,,36.0
879650,4335,[CHI],no jump rope out here.,-1.0,"verb, other",36.0
879661,4335,[CAR],give it to me.,,,36.0
879674,4335,[CAR],I can't jump unless you give it to me.,,,36.0
879687,4335,[CHI],oh.,,,36.0
879698,4335,[CAR],what does one do with the jump rope?,,,36.0
879710,4335,[CHI],go like this.,1.0,,36.0
879724,4335,[CAR],how do I make it go?,,,36.0
879738,4335,[CAR],under my head or over my head?,,,36.0
879751,4335,[CHI],like that.,1.0,,36.0
879765,4335,[CAR],I don't understand.,,,36.0
879786,4335,[CAR],you hafta tell me how to do it.,,,36.0
879810,4335,[CAR],I can't remember.,,,36.0
879828,4335,[CAR],there we go.,,,36.0
879845,4335,[CAR],this way?,,,36.0
879859,4335,[CAR],over and over.,,,36.0
879874,4335,[CAR],uhoh.,,,36.0
879894,4335,[CAR],pick that up.,,,36.0
879906,4335,[CAR],what happened to it?,,,36.0
879917,4335,[CHI],what?,,,36.0
879928,4335,[CAR],did the hat get squished?,,,36.0
879947,4335,[CHI],yup.,,,36.0
879957,4335,[CAR],let me see it.,,,36.0
879970,4335,[CHI],um.,,,36.0
879982,4335,[CAR],let me see the birthday hat.,,,36.0
880001,4335,[CAR],uhoh.,,,36.0
880014,4335,[CHI],the hat got squished.,1.0,,36.0
880026,4335,[CAR],can you fix it?,,,36.0
880036,4335,[CAR],look what I got today.,,,36.0
880048,4335,[CAR],a new birthday card for you.,,,36.0
880059,4335,[CHI],let's open it.,1.0,,36.0
880069,4335,[CAR],what's on it?,,,36.0
880080,4335,[CAR],lemme see.,,,36.0
880090,4335,[CAR],let me see your birthday cards.,,,36.0
880104,4335,[CAR],Spencer sent this one to you.,,,36.0
880119,4335,[CAR],it says.,,,36.0
880131,4335,[CAR],happy birthday from Spencer.,,,36.0
880147,4335,[CAR],I'm going to hide the card.,,,36.0
880153,4335,[CAR],you can't find it.,,,36.0
880165,4335,[CAR],where's the card?,,,36.0
880175,4335,[CAR],oh you wanna read it to me?,,,36.0
880188,4335,[CHI],no you read it to me.,1.0,,36.0
880200,4335,[CAR],happy birthday to Nina from Spencer.,,,36.0
880214,4335,[CAR],what is on this card?,,,36.0
880227,4335,[CHI],a lady.,1.0,,36.0
880239,4335,[CAR],what is she doing?,,,36.0
880248,4335,[CHI],this is?,-1.0,object,36.0
880263,4335,[CHI],I have a queen party hat.,1.0,,36.0
880275,4335,[CAR],is there a queen on your party hat?,,,36.0
880293,4335,[CHI],yup.,,,36.0
880306,4335,[CAR],what else does it?,,,36.0
880320,4335,[CHI],that's a queen.,1.0,,36.0
880328,4335,[CAR],what else is on your party hat?,,,36.0
880344,4335,[CAR],all kinds of things.,,,36.0
880396,4335,[CHI],a little girl.,0.0,,36.0
880420,4335,[CHI],will you put this on me?,1.0,,36.0
880430,4335,[CAR],where does it go?,,,36.0
880440,4335,[CHI],on my chin.,1.0,,36.0
880448,4335,[CHI],goes on my chin.,1.0,,36.0
880469,4335,[CAR],you mean the string goes under your chin?,,,36.0
880481,4335,[CHI],yup.,,,36.0
880488,4335,[CAR],what a pretty hat.,,,36.0
880495,4335,[CAR],the children liked the hats didn't they?,,,36.0
880506,4335,[CAR],it has a frill on it and everything.,,,36.0
880516,4335,[CHI],uh?,,,36.0
880526,4335,[CAR],lemme see what else is on your party hat.,,,36.0
880533,4335,[CHI],nope.,,,36.0
880542,4335,[CAR],shall we put this card on the wall too?,,,36.0
880561,4335,[CHI],yup.,,,36.0
880574,4335,[CAR],what do we put it up with?,,,36.0
880589,4335,[CHI],tape.,,,36.0
880601,4335,[CHI],I'm giving you some tape.,1.0,,36.0
880611,4335,[CAR],my that's too much.,,,36.0
880621,4335,[CAR],that's a awfully big piece of tape isn't it?,,,36.0
880640,4335,[CAR],what's on that card?,,,36.0
880651,4335,[CHI],no lemme put the tape on there.,1.0,,36.0
880662,4335,[CHI],you hold this up on the wall and I put the tape on there.,1.0,,36.0
880675,4335,[CHI],hold this up on the?,-1.0,other,36.0
880685,4335,[CAR],where shall I hold it?,,,36.0
880695,4335,[CAR],near which card?,,,36.0
880706,4335,[CAR],the one with the rabbit or the one with the girl?,,,36.0
880727,4335,[CHI],the the one with the rabbit.,1.0,,36.0
880747,4335,[CHI],no with the rabbit.,0.0,,36.0
880760,4335,[CAR],beside the one with the rabbit.,,,36.0
880771,4335,[CHI],yeah.,,,36.0
880780,4335,[CAR],do you wanna hang it there?,,,36.0
880793,4335,[CAR],oh.,,,36.0
880803,4335,[CAR],what is she doing?,,,36.0
880814,4335,[CHI],taking care of a baby.,1.0,,36.0
880828,4335,[CAR],she is?,,,36.0
880844,4335,[CHI],yeah.,,,36.0
880855,4335,[CAR],what is she putting on her baby?,,,36.0
880867,4335,[CHI],a hat.,1.0,,36.0
880875,4335,[CAR],what's this?,,,36.0
880887,4335,[CAR],he looks so funny.,,,36.0
880899,4335,[CAR],what is it?,,,36.0
880912,4335,[CAR],do you know what kind of an animal?,,,36.0
880922,4335,[CAR],you can hardly tell because it has a big hat on.,,,36.0
880935,4335,[CAR],do you know what kind it is?,,,36.0
880947,4335,[CHI],I'll open this.,1.0,,36.0
880958,4335,[CHI],it's a kitty cat.,1.0,,36.0
881006,4335,[CAR],oh what a funny kitty cat.,,,36.0
881030,4335,[CAR],do kitty cats wear hats usually?,,,36.0
881044,4335,[CHI],nope.,,,36.0
881055,4335,[CHI],look at this girl.,1.0,,36.0
881065,4335,[CAR],what is she doing?,,,36.0
881076,4335,[CAR],let me see.,,,36.0
881088,4335,[CAR],oh she's clapping her hands what's wrong here?,,,36.0
881115,4335,[CAR],what's on her hair?,,,36.0
881124,4335,[CHI],nothing.,,,36.0
881136,4335,[CAR],a bird.,,,36.0
881145,4335,[CHI],yeah.,,,36.0
881156,4335,[CAR],do birds usually go on people's hair?,,,36.0
881167,4335,[CHI],no.,,,36.0
881183,4335,[CAR],that's really a funny card.,,,36.0
881192,4335,[CAR],the cat's wearing a hat and the bird's on the girl's hair.,,,36.0
881203,4335,[CAR],that's silly.,,,36.0
881214,4335,[CHI],look at this.,1.0,,36.0
881227,4335,[CHI],let's put this on your head.,1.0,,36.0
881236,4335,[CAR],a birthday card on my head?,,,36.0
881246,4335,[CAR],no we can put the birthday card on the wall or we can put it on your bookshelf.,,,36.0
881260,4335,[CHI],oh look at this.,1.0,,36.0
881273,4335,[CAR],what?,,,36.0
881279,4335,[CHI],look at the tape.,1.0,,36.0
881290,4335,[CAR],where was it stuck?,,,36.0
881297,4335,[CHI],yes.,,,36.0
881305,4335,[CHI],it was on my foot.,1.0,,36.0
881315,4335,[CAR],you're wearing a birthday present today you know?,,,36.0
881324,4335,[CAR],this is a new shirt that Spencer gave you.,,,36.0
881337,4335,[CAR],you showing Snoopy the birthday card?,,,36.0
881351,4335,[CHI],no where's my Snoopy?,1.0,,36.0
881362,4335,[CAR],here's your Snoopy.,,,36.0
881365,4335,[CAR],right here.,,,36.0
881386,4335,[CHI],where?,,,36.0
881393,4335,[CAR],right here.,,,36.0
881405,4335,[CHI],no where's my other Snoopy?,1.0,,36.0
881413,4335,[CAR],I don't know.,,,36.0
881419,4335,[CAR],is he in your bed?,,,36.0
881438,4335,[CAR],let's go see.,,,36.0
881449,4335,[CAR],who's this?,,,36.0
881457,4335,[CAR],I've never seen this before.,,,36.0
881466,4335,[CAR],who's this?,,,36.0
881474,4335,[CHI],would you put her hair back on?,1.0,,36.0
881484,4335,[CAR],who does she belong to?,,,36.0
881492,4335,[CHI],Karen.,,,36.0
881501,4335,[CAR],she's a pretty doll.,,,36.0
881510,4335,[CAR],what happened to her hair?,,,36.0
881520,4335,[CHI],it fall off.,-1.0,tense_aspect,36.0
881528,4335,[CAR],can you fix it?,,,36.0
881537,4335,[CHI],no.,,,36.0
881546,4335,[CAR],why not?,,,36.0
881556,4335,[CHI],cause it's kind of hard.,1.0,,36.0
881564,4335,[CAR],why don't you put her in your doll carriage?,,,36.0
881573,4335,[CHI],look at.,-1.0,object,36.0
881585,4335,[CAR],what did you do?,,,36.0
881595,4335,[CHI],to the tape?,1.0,,36.0
881614,4335,[CAR],yeah.,,,36.0
881623,4335,[CHI],I mend it.,-1.0,tense_aspect,36.0
881634,4335,[CHI],I mend the tape.,-1.0,tense_aspect,36.0
881645,4335,[CAR],you mend?,,,36.0
881657,4335,[CAR],you mended the the birthday card?,,,36.0
881671,4335,[CHI],yup.,,,36.0
881681,4335,[CHI],I mended the tape.,1.0,,36.0
881692,4335,[CAR],do you wanna put your dolly?,,,36.0
881705,4335,[CHI],oh look what you're doing to the jump rope.,1.0,,36.0
881715,4335,[CAR],where is it?,,,36.0
881722,4335,[CAR],it's stuck under me.,,,36.0
881735,4335,[CAR],can you pull it out?,,,36.0
881747,4335,[CHI],Mommy.,,,36.0
881755,4335,[CAR],what's that?,,,36.0
881765,4335,[CHI],hair.,,,36.0
881773,4335,[CAR],I'm going to put your dolly in here.,,,36.0
881793,4335,[CHI],what did you do with her?,1.0,,36.0
881801,4335,[CAR],well let's see if we can fix her.,,,36.0
881813,4335,[CAR],what is she wearing?,,,36.0
881819,4335,[CAR],that's such a pretty dress.,,,36.0
881842,4335,[CHI],Mommy can I have him?,1.0,,36.0
881853,4335,[CAR],why don't you put her down with your dolly in the carriage.,,,36.0
881862,4335,[CHI],nope.,,,36.0
881871,4335,[CHI],where's my dolly in the carriage?,1.0,,36.0
881885,4335,[CHI],there is with the?,-1.0,"subject, other",36.0
881895,4335,[CHI],with panties.,-1.0,"subject, verb, object",36.0
881905,4335,[CHI],she's angry.,1.0,,36.0
881915,4335,[CAR],why is she angry?,,,36.0
881926,4335,[CHI],is she angry?,1.0,,36.0
881937,4335,[CHI],get out_of my house.,1.0,,36.0
881948,4335,[CHI],that what the lady said.,-1.0,verb,36.0
881957,4335,[CAR],why did the lady get angry?,,,36.0
881966,4335,[CHI],cause she did.,1.0,,36.0
881974,4335,[CAR],why don't you put her down to sleep and get and have her have dreams.,,,36.0
881995,4335,[CHI],like the baby did have dreams?,-1.0,other,36.0
882014,4335,[CAR],ummhm.,,,36.0
882027,4335,[CAR],what kind of dream will she have?,,,36.0
882037,4335,[CHI],a lion dream.,1.0,,36.0
882048,4335,[CAR],you told me you had a dream about a snowman.,,,36.0
882058,4335,[CHI],yup.,,,36.0
882067,4335,[CAR],what happened?,,,36.0
882078,4335,[CHI],you and the snowman waked you up.,-1.0,tense_aspect,36.0
882091,4335,[CAR],oh he woke me up?,,,36.0
882103,4335,[CHI],yup.,,,36.0
882113,4335,[CAR],and then what happened?,,,36.0
882118,4335,[CHI],and then he got angry.,1.0,,36.0
882130,4335,[CAR],and?,,,36.0
882140,4335,[CHI],what else?,1.0,,36.0
882144,4335,[CHI],and then a gorilla came.,1.0,,36.0
882170,4335,[CAR],yeah and?,,,36.0
882183,4335,[CHI],bite you up.,-1.0,"subject, tense_aspect",36.0
882192,4335,[CAR],he did?,,,36.0
882201,4335,[CAR],why did he do that?,,,36.0
882214,4335,[CHI],I wanna go outside and play.,1.0,,36.0
882228,4335,[CAR],well it's too early still.,,,36.0
882235,4335,[CAR],Karen isn't up yet.,,,36.0
882242,4335,[CHI],is it time to go to sleep?,1.0,,36.0
882254,4335,[CAR],not yet.,,,36.0
882265,4335,[CAR],I mean it's not time to get up yet for everybody.,,,36.0
882278,4335,[CAR],now you tell me a little bit more about your dream.,,,36.0
882293,4335,[CAR],the gorilla came and he bit.,,,36.0
882306,4335,[CHI],yup.,,,36.0
882312,4335,[CAR],that would hurt.,,,36.0
882325,4335,[CAR],and what did I do when he bit in your dream?,,,36.0
882338,4335,[CHI],look at my finger.,1.0,,36.0
882349,4335,[CAR],oh that's gonna hurt isn't it?,,,36.0
882357,4335,[CAR],did you wrap the elastic all around your finger?,,,36.0
882364,4335,[CHI],yup.,,,36.0
882372,4335,[CAR],let it go now.,,,36.0
882382,4335,[CAR],untie it.,,,36.0
882392,4335,[CAR],will it untie?,,,36.0
882404,4335,[CAR],let it untie.,,,36.0
882412,4335,[CAR],can it untie?,,,36.0
882423,4335,[CAR],there you go.,,,36.0
882433,4335,[CHI],no I'm gonna tie it up again.,1.0,,36.0
882445,4335,[CHI],I wanna tie this finger up.,1.0,,36.0
882454,4335,[CAR],are you gonna wind the finger all up in that elastic?,,,36.0
882462,4335,[CHI],yeah.,,,36.0
882472,4335,[CAR],does it hurt?,,,36.0
882483,4335,[CHI],no.,,,36.0
882493,4335,[CAR],where'd you get these?,,,36.0
882504,4335,[CHI],oh.,,,36.0
882516,4335,[CHI],would you give my whistles back to me?,1.0,,36.0
882528,4335,[CAR],where did you get them?,,,36.0
882537,4335,[CHI],give them to me.,1.0,,36.0
882558,4335,[CHI],give them to me.,1.0,,36.0
882568,4335,[CAR],where did you get them?,,,36.0
882575,4335,[CHI],give the other one to me.,1.0,,36.0
882589,4335,[CAR],they're only two.,,,36.0
882593,4335,[CAR],that's all.,,,36.0
882602,4335,[CAR],no more.,,,36.0
882612,4335,[CAR],where did you get those whistles?,,,36.0
882622,4335,[CHI],you wanna whistle?,1.0,,36.0
882633,4335,[CAR],let me see it.,,,36.0
882644,4335,[CAR],show me what's on it.,,,36.0
882661,4335,[CHI],whistle it.,0.0,,36.0
882671,4335,[CHI],whistle it.,0.0,,36.0
882680,4335,[CAR],you mean blow it?,,,36.0
882715,4335,[CHI],yeah.,,,36.0
882734,4335,[CAR],uh what happened?,,,36.0
882746,4335,[CAR],this thing goes around doesn't it?,,,36.0
882759,4335,[CAR],what's on your whistle?,,,36.0
882769,4335,[CAR],let me see.,,,36.0
882781,4335,[CAR],what's that?,,,36.0
882798,4335,[CHI],a birdie.,1.0,,36.0
882812,4335,[CAR],and what's on my whistle?,,,36.0
882828,4335,[CHI],a lion.,1.0,,36.0
882837,4335,[CAR],oh.,,,36.0
882851,4335,[CAR],what's the lion looking at?,,,36.0
882862,4335,[CAR],know what this is?,,,36.0
882874,4335,[CHI],a fan.,1.0,,36.0
882884,4335,[CAR],looks like a fan doesn't it?,,,36.0
882893,4335,[CAR],it's a spinning wheel.,,,36.0
882909,4335,[CAR],what's your bird looking at?,,,36.0
882926,4335,[CAR],let's see does this thing go round?,,,36.0
882938,4335,[CHI],yup.,,,36.0
882948,4335,[CAR],how do I make it go round?,,,36.0
882958,4335,[CHI],Mommy let me have the?,-1.0,object,36.0
882967,4335,[CAR],don't hold it and it'll go round.,,,36.0
882976,4335,[CAR],see watch it spin.,,,36.0
882985,4335,[CAR],let me see if it spins.,,,36.0
882995,4335,[CAR],hey look at it go round.,,,36.0
883006,4335,[CAR],do you think you're going to wake your baby up?,,,36.0
883012,4335,[CAR],oh we better cover her and put her to sleep.,,,36.0
883021,4335,[CHI],um um.,1.0,,36.0
883029,4335,[CAR],can I have the cover with the with the flowers?,,,36.0
883042,4335,[CAR],is there a cover with the flowers from Karen?,,,36.0
883050,4335,[CAR],do you know where it is?,,,36.0
883059,4335,[CAR],oh poor dolly.,,,36.0
883064,4335,[CAR],she's gonna get woken up.,,,36.0
883071,4335,[CAR],I'm gonna put these up high.,,,36.0
883080,4335,[CHI],no.,,,36.0
883088,4335,[CHI],I wanna whistle.,1.0,,36.0
883094,4335,[CHI],whistle.,,,36.0
883111,4335,[CAR],what?,,,36.0
883123,4335,[CHI],I wanna hear a whistle.,1.0,,36.0
883167,4335,[CHI],I wanna whistle.,1.0,,36.0
883179,4335,[CAR],you've got a whistle.,,,36.0
883192,4335,[CHI],I want another whistle.,1.0,,36.0
883200,4335,[CAR],where is it?,,,36.0
883206,4335,[CAR],where's the other whistle?,,,36.0
883214,4335,[CAR],do you know?,,,36.0
883228,4335,[CHI],give it to me.,1.0,,36.0
883237,4335,[CAR],where is it?,,,36.0
883247,4335,[CAR],where did you find it?,,,36.0
883256,4335,[CHI],in the carriage.,1.0,,36.0
883264,4335,[CAR],was it in the carriage?,,,36.0
2398996,9058,[CAR],you're going to visit in Ruthie's group today.,,,26.0
2398999,9058,[CHI],no.,,,26.0
2399002,9058,[CHI],it's too hard.,1.0,,26.0
2399006,9058,[CHI],keep them.,0.0,,26.0
2399011,9058,[CHI],keep them.,0.0,,26.0
2399015,9058,[CHI],where Toffer?,-1.0,verb,26.0
2399017,9058,[CAR],he's at home.,,,26.0
2399020,9058,[CHI],him home.,-1.0,verb,26.0
2399023,9058,[CHI],don't scream me.,-1.0,preposition,26.0
2399025,9058,[CHI],Deedee have a bad mood.,-1.0,sv_agreement,26.0
2399029,9058,[CHI],my front lights on.,-1.0,verb,26.0
2399033,9058,[CHI],I need my music on.,1.0,,26.0
2399038,9058,[CHI],roll up you window hard you can.,-1.0,other,26.0
2399043,9058,[CHI],I have itch.,-1.0,determiner,26.0
2399048,9058,[CHI],afraid.,,,26.0
2399053,9058,[CAR],what are you afraid of?,,,26.0
2399058,9058,[CHI],ambulance.,,,26.0
2399062,9058,[CHI],Mama Devon might die.,1.0,,26.0
2399066,9058,[CAR],who might die?,,,26.0
2399071,9058,[CHI],Devon.,,,26.0
2399077,9058,[CHI],I'm wearing my party hat.,1.0,,26.0
2402571,9167,[CHI],do you have a washer?,1.0,,30.0
2402575,9167,[CAR],yes it's downstairs.,,,30.0
2402577,9167,[CAR],you hafta put money in it.,,,30.0
2402581,9167,[CHI],could you put my shirt in?,1.0,,30.0
2402585,9167,[CHI],because it's dirty.,1.0,,30.0
2402588,9167,[CHI],for you can wash it.,-1.0,subject,30.0
2402591,9167,[CHI],you go away because Jack want a come.,-1.0,"sv_agreement, tense_aspect",30.0
2402596,9167,[CHI],are you finished Mom?,1.0,,30.0
2402600,9167,[CAR],yes I am.,,,30.0
2402604,9167,[CHI],yes she is.,1.0,,30.0
2402608,9167,[CHI],nothing hafta come Jack.,-1.0,sv_agreement,30.0
2402612,9167,[CHI],you vacuum my room?,-1.0,auxiliary,30.0
2402617,9167,[CHI],did you?,1.0,,30.0
2402622,9167,[CAR],yes.,,,30.0
2402623,9167,[CHI],I'm sorry I made poo in my pants I am.,-1.0,object,30.0
2402629,9167,[CAR],okay.,,,30.0
2402635,9167,[CHI],I smell hamburger cooking.,1.0,,30.0
2402642,9167,[CAR],you should.,,,30.0
2402648,9167,[CHI],I do.,1.0,,30.0
2402653,9167,[CHI],when it's morning time then we eat our food.,1.0,,30.0
2402661,9167,[CHI],we had it already right?,1.0,,30.0
2402668,9167,[CAR],right.,,,30.0
2402675,9167,[CAR],no go to bed.,,,30.0
2402680,9167,[CHI],Andi moved already to a different house.,1.0,,30.0
2402683,9167,[CHI],which house she go to?,-1.0,auxiliary,30.0
2402688,9167,[CHI],maybe Address.,0.0,,30.0
2402692,9167,[CAR],no she lives far away.,,,30.0
2402697,9167,[CHI],if I put my finger in your eye then it hurt and you go doctor's.,-1.0,"tense_aspect, preposition",30.0
2402702,9167,[CHI],Jack had hurt eye.,-1.0,determiner,30.0
2402708,9167,[CHI],it was accident.,-1.0,determiner,30.0
2402796,9181,[CHI],in_case one used up.,-1.0,verb,30.0
2402798,9181,[CHI],in_case another one used up we got another one.,-1.0,verb,30.0
2402801,9181,[CHI],Mommy I want food.,1.0,,30.0
2402804,9181,[CHI],I smell waiting toast and food.,-1.0,other,30.0
2402807,9181,[CAR],I'm getting it for you Laura.,,,30.0
2402813,9181,[CHI],I got new milk for us when when when that milk used up.,-1.0,verb,30.0
2402815,9181,[CAR],when that milk used up then we will use that milk.,,,30.0
2402819,9181,[CAR],well I want Laura.,,,30.0
2402824,9181,[CAR],I love her.,,,30.0
2402830,9181,[CAR],she can't be lost.,,,30.0
2402837,9181,[CHI],she can't come because she's sick that's why.,1.0,,30.0
2402842,9181,[CHI],shoot he didn't fix our dishwasher.,1.0,,30.0
2402849,9181,[CAR],honey he didn't come to fix our dishwasher.,,,30.0
2402856,9181,[CHI],where's my one baby Mama?,-1.0,other,30.0
2402863,9181,[CHI],oh she's over here.,1.0,,30.0
2402873,9181,[CHI],honey where are you?,1.0,,30.0
2402880,9181,[CHI],clowns shouldn't drive.,1.0,,30.0
2402897,9181,[CHI],clowns should not drive.,1.0,,30.0
2402905,9181,[CHI],clowns should not drive in a car.,1.0,,30.0
2402911,9181,[CHI],shoot clowns shouldn't be in a car.,1.0,,30.0
2402562,9147,[CHI],I wonder when Susie coming.,-1.0,present_progressive,29.0
2402565,9147,[CAR],Susie's not coming.,,,29.0
2402569,9147,[CHI],or Judie.,1.0,,29.0
2402574,9147,[CAR],Judie's not coming.,,,29.0
2402578,9147,[CAR],a new friend is coming.,,,29.0
2402583,9147,[CHI],who?,,,29.0
2402587,9147,[CAR],Missus_Childress.,,,29.0
1677904,7058,[CAR],look they all fit inside of each_other.,,,28.0
1677916,7058,[CAR],boom_boom_boom_boom_boom.,,,28.0
1677936,7058,[CHI],hm.,,,28.0
1677947,7058,[CAR],you try.,,,28.0
1677960,7058,[CAR],you try.,,,28.0
1677977,7058,[CHI],boom.,,,28.0
1677991,7058,[CHI],boom.,,,28.0
1678004,7058,[CHI],see um get this.,0.0,,28.0
1678017,7058,[CAR],yeah.,,,28.0
1678029,7058,[CAR],aren't those nice?,,,28.0
1678044,7058,[CAR],they all fit inside each_other.,,,28.0
1678063,7058,[CAR],huh.,,,28.0
1678084,7058,[CAR],a big one and a bigger one?,,,28.0
1678096,7058,[CHI],another one.,0.0,,28.0
1678111,7058,[CAR],and a bigger one?,,,28.0
1678134,7058,[CHI],another one.,0.0,,28.0
1678153,7058,[CAR],yeah.,,,28.0
1678166,7058,[CHI],this.,,,28.0
1678180,7058,[CAR],huh.,,,28.0
1678185,7058,[CAR],and another one.,,,28.0
1678198,7058,[CHI],another one.,1.0,,28.0
1678214,7058,[CHI],another one.,1.0,,28.0
1678233,7058,[CAR],huh.,,,28.0
1678243,7058,[CAR],another one.,,,28.0
1678256,7058,[CHI],another one!,1.0,,28.0
1678268,7058,[CAR],yeah!,,,28.0
1678279,7058,[CHI],another one.,1.0,,28.0
1678292,7058,[CAR],that's the biggest one.,,,28.0
1678306,7058,[CAR],here's two more.,,,28.0
1678321,7058,[CAR],huh.,,,28.0
1678334,7058,[CAR],another one.,,,28.0
1678346,7058,[CHI],another one.,1.0,,28.0
1678356,7058,[CHI],another one.,1.0,,28.0
1678365,7058,[CHI],one uh another one.,1.0,,28.0
1678377,7058,[CAR],yeah.,,,28.0
1678389,7058,[CHI],one!,,,28.0
1678399,7058,[CHI],uh okay.,1.0,,28.0
1678412,7058,[CAR],good.,,,28.0
1678425,7058,[CAR],no that doesn't fit.,,,28.0
1678440,7058,[CAR],try another one.,,,28.0
1678452,7058,[CHI],that fit?,-1.0,auxiliary,28.0
1678466,7058,[CAR],that fits.,,,28.0
1678477,7058,[CHI],doesn't fit.,-1.0,subject,28.0
1678489,7058,[CHI],no toys.,-1.0,"subject, verb",28.0
1678500,7058,[CHI],that fit.,-1.0,sv_agreement,28.0
1678516,7058,[CAR],yeah.,,,28.0
1678526,7058,[CHI],uh this one.,1.0,,28.0
1678537,7058,[CAR],like that?,,,28.0
1678549,7058,[CHI],like this like this.,1.0,,28.0
1678553,7058,[CAR],here like this.,,,28.0
1678562,7058,[CHI],see it does!,0.0,,28.0
1678577,7058,[CAR],there's another one.,,,28.0
1678583,7058,[CAR],huh.,,,28.0
1678598,7058,[CHI],oh.,,,28.0
1678608,7058,[CAR],here put that one in there.,,,28.0
1678619,7058,[CHI],okay.,,,28.0
1678627,7058,[CAR],oh good.,,,28.0
1678634,7058,[CHI],go back?,0.0,,28.0
1678645,7058,[CAR],uh yeah.,,,28.0
1678654,7058,[CHI],too whoops.,0.0,,28.0
1678663,7058,[CAR],whoops.,,,28.0
1678673,7058,[CAR],what goes in there?,,,28.0
1678684,7058,[CAR],huh.,,,28.0
1678694,7058,[CAR],think this one goes in there.,,,28.0
1678710,7058,[CAR],huh.,,,28.0
1678719,7058,[CAR],think that one.,,,28.0
1678736,7058,[CHI],the one!,0.0,,28.0
1678747,7058,[CHI],the oops.,0.0,,28.0
1678758,7058,[CAR],oops.,,,28.0
1678769,7058,[CHI],a cup.,0.0,,28.0
1678778,7058,[CAR],here's one.,,,28.0
1678790,7058,[CAR],let's put that one in that one.,,,28.0
1678803,7058,[CHI],do right.,-1.0,"subject, object",28.0
1678822,7058,[CAR],yeah.,,,28.0
1678830,7058,[CHI],do do right.,-1.0,"subject, object",28.0
1678846,7058,[CAR],good.,,,28.0
1678857,7058,[CHI],one.,,,28.0
1678876,7058,[CHI],pss pss.,0.0,,28.0
1678885,7058,[CHI],go like this?,-1.0,"auxiliary, subject",28.0
1678895,7058,[CAR],hm.,,,28.0
1678906,7058,[CAR],that fits huh?,,,28.0
1678916,7058,[CHI],like this.,1.0,,28.0
1678936,7058,[CHI],oops.,,,28.0
1678946,7058,[CAR],like that?,,,28.0
1678957,7058,[CHI],oops.,,,28.0
1678970,7058,[CHI],this.,,,28.0
1678982,7058,[CAR],yeah.,,,28.0
1678994,7058,[CHI],this.,,,28.0
1679005,7058,[CAR],huh.,,,28.0
1679015,7058,[CAR],wow.,,,28.0
1679026,7058,[CHI],oops.,,,28.0
1679037,7058,[CHI],see!,,,28.0
1679043,7058,[CHI],oh.,,,28.0
1679060,7058,[CAR],there's some blocks.,,,28.0
1679070,7058,[CHI],a trucks.,-1.0,plural,28.0
1679086,7058,[CAR],blocks.,,,28.0
1679094,7058,[CHI],then that do.,-1.0,other,28.0
1679106,7058,[CHI],these.,,,28.0
1679127,7058,[CAR],you gonna take them all out.,,,28.0
1679141,7058,[CHI],see it them?,0.0,,28.0
1679154,7058,[CHI],ares.,,,28.0
1679164,7058,[CAR],here why don't you put them over here.,,,28.0
1679181,7058,[CAR],put them over here.,,,28.0
1679197,7058,[CHI],okay.,,,28.0
1679207,7058,[CAR],okay?,,,28.0
1679219,7058,[CAR],Will.,,,28.0
1679229,7058,[CHI],what?,,,28.0
1679243,7058,[CAR],put them right here.,,,28.0
1679258,7058,[CHI],see.,,,28.0
1679268,7058,[CAR],oh there some balls huh?,,,28.0
1679275,7058,[CHI],ball.,,,28.0
1679286,7058,[CHI],play baseball.,0.0,,28.0
1679295,7058,[CHI],baseball?,,,28.0
1679307,7058,[CAR],hm?,,,28.0
1679318,7058,[CHI],go baseball.,-1.0,"preposition, determiner",28.0
1679331,7058,[CAR],no no no no.,,,28.0
1679347,7058,[CAR],you can't throw that.,,,28.0
1679364,7058,[CAR],that's not a basketball.,,,28.0
1679381,7058,[CAR],you don't throw it up there.,,,28.0
1679394,7058,[CAR],no you play right here with it.,,,28.0
1679407,7058,[CHI],what?,,,28.0
1679418,7058,[CHI],uh.,,,28.0
1679427,7058,[CAR],that's a different kind of ball.,,,28.0
1679440,7058,[CHI],get.,,,28.0
1679454,7058,[CHI],basketball.,,,28.0
1679464,7058,[CAR],no those aren't basketballs.,,,28.0
1679475,7058,[CAR],see they go through this hole.,,,28.0
1679490,7058,[CAR],try putting it through that hole.,,,28.0
1679497,7058,[CAR],huh.,,,28.0
1679503,7058,[CAR],hey!,,,28.0
1679512,7058,[CAR],they fit!,,,28.0
1679521,7058,[CAR],huh?,,,28.0
1679532,7058,[CHI],basketball.,,,28.0
1679543,7058,[CAR],no they don't fit in the basketball Zach.,,,28.0
1679554,7058,[CAR],come here.,,,28.0
1679564,7058,[CHI],why?,,,28.0
1679580,7058,[CAR],come here!,,,28.0
1679597,7058,[CAR],put it in that hole.,,,28.0
1679609,7058,[CAR],put it in the hole.,,,28.0
1679621,7058,[CAR],oh good.,,,28.0
1679633,7058,[CHI],good!,,,28.0
1679646,7058,[CAR],yeah.,,,28.0
1679659,7058,[CHI],oops oops.,0.0,,28.0
1679669,7058,[CHI],here it is.,1.0,,28.0
1679689,7058,[CHI],play basketball.,0.0,,28.0
1679701,7058,[CAR],no those aren't basketballs.,,,28.0
1679717,7058,[CAR],those are wooden balls.,,,28.0
1679728,7058,[CHI],balls.,,,28.0
1679742,7058,[CAR],yeah.,,,28.0
1679749,7058,[CHI],ball.,,,28.0
1679763,7058,[CHI],the balls?,0.0,,28.0
1679774,7058,[CAR],balls.,,,28.0
1679784,7058,[CAR],nice balls huh?,,,28.0
1679801,7058,[CAR],where's the yellow ball?,,,28.0
1679811,7058,[CHI],what?,,,28.0
1679821,7058,[CAR],which one is the yellow ball?,,,28.0
1679834,7058,[CHI],ball.,,,28.0
1679840,7058,[CAR],come here I'll show you.,,,28.0
1679852,7058,[CHI],oh.,,,28.0
1679867,7058,[CAR],come here.,,,28.0
1679876,7058,[CHI],oh.,,,28.0
1679890,7058,[CAR],there's a yellow ball.,,,28.0
1679907,7058,[CAR],put it through the put it in the hole.,,,28.0
1679925,7058,[CAR],and the red ball?,,,28.0
1679934,7058,[CHI],play baseball.,0.0,,28.0
1679950,7058,[CAR],no that's not a basketball.,,,28.0
1679972,7058,[CAR],come here.,,,28.0
1679990,7058,[CHI],why?,,,28.0
1680007,7058,[CAR],no don't throw those up there.,,,28.0
1680018,7058,[CAR],you're going to get in trouble.,,,28.0
1680035,7058,[CAR],come here.,,,28.0
1680047,7058,[CAR],put it in that hole.,,,28.0
1680074,7058,[CAR],the red ball.,,,28.0
1680090,7058,[CAR],huh.,,,28.0
1680101,7058,[CAR],put the green ball in there.,,,28.0
1680120,7058,[CHI],what?,,,28.0
1680129,7058,[CAR],put that green ball in there.,,,28.0
1680141,7058,[CHI],okay.,,,28.0
1680153,7058,[CAR],you put it in.,,,28.0
1680167,7058,[CAR],okay.,,,28.0
1680180,7058,[CAR],you put it in there.,,,28.0
1680197,7058,[CHI],oh.,,,28.0
1680215,7058,[CHI],oh.,,,28.0
1680231,7058,[CAR],oh look I think these people want to go for a ride.,,,28.0
1680247,7058,[CAR],huh.,,,28.0
1680260,7058,[CHI],see.,,,28.0
1680271,7058,[CAR],don't you think they might want to go for a ride?,,,28.0
1680284,7058,[CHI],yep.,,,28.0
1680292,7058,[CAR],here why don't you take them for a ride?,,,28.0
1680300,7058,[CHI],okay.,,,28.0
14676095,33111,[CAR],should we get some some water in_case he's thirsty?,,,30.0
14676116,33111,[CAR],and some hay.,,,30.0
14676129,33111,[CAR],do you see hay?,,,30.0
14676143,33111,[CAR],oh yes.,,,30.0
14676173,33111,[CAR],oh I think the horse likes that hay.,,,30.0
14676188,33111,[CAR],mm tasty sweet hay.,,,30.0
14676226,33111,[CAR],hay.,,,30.0
14676241,33111,[CHI],ah.,,,30.0
14676261,33111,[CAR],is this a momma horse?,,,30.0
14676276,33111,[CAR],does she have a baby?,,,30.0
14676300,33111,[CHI],uh no.,1.0,,30.0
14676314,33111,[CHI],ah.,,,30.0
14676330,33111,[CAR],ah I think we need to look around cause I think maybe she does Childsname.,,,30.0
14676349,33111,[CAR],do you see a baby horse?,,,30.0
14676363,33111,[CAR],mhm.,,,30.0
14676377,33111,[CHI],ah.,,,30.0
14676389,33111,[CAR],what's that?,,,30.0
14676404,33111,[CHI],cow.,,,30.0
14676415,33111,[CAR],that's right.,,,30.0
14676427,33111,[CAR],a baby cow you're right.,,,30.0
14676441,33111,[CAR],you said that nicely.,,,30.0
14676459,33111,[CAR],let's look around for a baby horse though.,,,30.0
14676473,33111,[CAR],I think there's one.,,,30.0
14676489,33111,[CAR],what's that?,,,30.0
14676505,33111,[CAR],in that stall?,,,30.0
14676517,33111,[CHI],baby horse.,-1.0,determiner,30.0
14676531,33111,[CAR],baby horse.,,,30.0
14676547,33111,[CAR],that's right.,,,30.0
14676558,33111,[CAR],oh the baby horse is so happy to be with his mo?,,,30.0
14676572,33111,[CHI],da.,,,30.0
14676585,33111,[CAR],uh is this his daddy or mommy?,,,30.0
14676598,33111,[CHI],daddy.,,,30.0
14676616,33111,[CAR],daddy okay.,,,30.0
14676631,33111,[CAR],I think the baby horse will enjoy having some sweet hay with his daddy.,,,30.0
14676649,33111,[CAR],and maybe a drink of water.,,,30.0
14676684,33111,[CAR],mm good hay.,,,30.0
14676700,33111,[CHI],water mom where's the water?,1.0,,30.0
14676718,33111,[CAR],well we'll hafta pretend the water.,,,30.0
14676735,33111,[CAR],let's see how can we pretend?,,,30.0
14676749,33111,[CAR],what can we use to pretend that they get a drink?,,,30.0
14676760,33111,[CAR],should we use the pumpkins?,,,30.0
14676777,33111,[CAR],and pretend like they're drinking from the pumpkins.,,,30.0
14676788,33111,[CAR],that it's a bucket.,,,30.0
14676801,33111,[CAR],should we do that?,,,30.0
14676811,33111,[CAR],should we pretend?,,,30.0
14676854,33111,[CAR],sh oh maybe the fireman gives them some water huh?,,,30.0
14676871,33111,[CAR],okay do you think that the mama and the baby cow would like to come out and play?,,,30.0
14676895,33111,[CAR],out_of their stall.,,,30.0
14676910,33111,[CAR],would they like to come out and play?,,,30.0
14676925,33111,[CHI],wawa.,,,30.0
14676950,33111,[CAR],mm I don't really like hay.,,,30.0
14676975,33111,[CAR],let's not put things in our mouth okay?,,,30.0
14676996,33111,[CHI],okay.,,,30.0
14677016,33111,[CAR],well we can maybe bring the cow and the the um baby cow out and see if they want to play.,,,30.0
14677032,33111,[CHI],hay.,,,30.0
14677041,33111,[CAR],is it going to eat?,,,30.0
14677069,33111,[CAR],they're playing huh?,,,30.0
14677083,33111,[CHI],mama.,,,30.0
14677096,33111,[CAR],mhm.,,,30.0
14677107,33111,[CHI],cow.,,,30.0
14677116,33111,[CAR],mama cow.,,,30.0
14677127,33111,[CHI],hello horse.,1.0,,30.0
14677146,33111,[CAR],say hello Mr_Horse.,,,30.0
14677159,33111,[CHI],this is baby.,-1.0,determiner,30.0
14677176,33111,[CAR],uhhuh she's with her baby.,,,30.0
14677186,33111,[CAR],she wants to go back in her stall?,,,30.0
14677198,33111,[CAR],oh nice job.,,,30.0
14677213,33111,[CAR],you shut the gate very nicely.,,,30.0
14677226,33111,[CAR],so it will be nice and safe huh?,,,30.0
14677239,33111,[CHI],up.,,,30.0
14677250,33111,[CAR],up put it up.,,,30.0
14677264,33111,[CAR],yep it needs to be up.,,,30.0
14677280,33111,[CHI],baby.,,,30.0
14677295,33111,[CAR],bring the baby back in?,,,30.0
14677311,33111,[CAR],oh.,,,30.0
14677319,33111,[CAR],there they are.,,,30.0
14677331,33111,[CAR],they get to look around the pasture now with all the other animals.,,,30.0
14677349,33111,[CAR],what other animals do we have Childsname?,,,30.0
14677378,33111,[CHI],da.,,,30.0
14677395,33111,[CHI],ah.,,,30.0
14677410,33111,[CAR],oh do you think the sheep needs a place to stay?,,,30.0
14677427,33111,[CAR],where's the sheep?,,,30.0
14677441,33111,[CAR],baa baa.,,,30.0
14677462,33111,[CAR],where's that sheep?,,,30.0
14677480,33111,[CAR],there's the sheep.,,,30.0
14677496,33111,[CAR],do you think the sheep wants to stay up with those chickens?,,,30.0
14677511,33111,[CAR],or would the sheep like a stall.,,,30.0
14677523,33111,[CHI],huh.,,,30.0
14677537,33111,[CAR],what's that?,,,30.0
14677544,33111,[CHI],there's water.,1.0,,30.0
14677554,33111,[CAR],yeah we can pretend like that's water.,,,30.0
14677566,33111,[CHI],oh.,,,30.0
14677586,33111,[CAR],oh nice.,,,30.0
14677596,33111,[CAR],you gave them a drink.,,,30.0
14677620,33111,[CAR],they were really thirsty.,,,30.0
14677638,33111,[CAR],should we make drinking sounds together?,,,30.0
14677664,33111,[CAR],mm good drink of water.,,,30.0
14677697,33111,[CAR],oh nice job.,,,30.0
14677708,33111,[CAR],yeah you fixed the gate nicely.,,,30.0
14677720,33111,[CAR],so they have water and they have hay.,,,30.0
14677733,33111,[CHI],I eat and bite the.,-1.0,"auxiliary, object",30.0
14677746,33111,[CAR],so he's going to play with the cow?,,,30.0
14677763,33111,[CAR],oh I think they're enjoying playing together.,,,30.0
14677783,33111,[CAR],very nice you shut the door nicely okay.,,,30.0
14677795,33111,[CAR],so daddy daddy horse is gonna to go play with mama cow?,,,30.0
14677812,33111,[CAR],I don't know?,,,30.0
14677825,33111,[CAR],do those do they fit?,,,30.0
14677837,33111,[CAR],yes you made them fit.,,,30.0
14677846,33111,[CAR],I don't think there's room for hay in with the adults.,,,30.0
14677860,33111,[CAR],oh the baby cow and baby horse will enjoy that.,,,30.0
14677873,33111,[CAR],now who should come out in the pasture to play and look around?,,,30.0
14677884,33111,[CAR],should we do the sheep?,,,30.0
14677897,33111,[CAR],or the pig?,,,30.0
14677908,33111,[CAR],hey Childsname I would like some eggs for breakfast.,,,30.0
14677921,33111,[CAR],do you know where we get the eggs?,,,30.0
14677936,33111,[CHI],mm egg.,-1.0,determiner,30.0
14677948,33111,[CAR],underneath the chicken.,,,30.0
14677959,33111,[CAR],oh let's check the nest.,,,30.0
14677972,33111,[CAR],oh there's one.,,,30.0
14677982,33111,[CAR],we'll hafta we'll hafta sit this aside and cook it later.,,,30.0
14677997,33111,[CAR],were pretending now.,,,30.0
14678007,33111,[CAR],can you get can you get some out_of the nest?,,,30.0
14678021,33111,[CHI],uhhuh.,,,30.0
14678031,33111,[CAR],what's that?,,,30.0
14678044,33111,[CHI],duck.,,,30.0
14678054,33111,[CAR],is there another one?,,,30.0
14678077,33111,[CAR],hm.,,,30.0
14678083,33111,[CHI],ah.,,,30.0
14678093,33111,[CAR],open?,,,30.0
14678111,33111,[CAR],who's gonna go in there?,,,30.0
14678120,33111,[CHI],ah.,,,30.0
14678126,33111,[CAR],Mr_Horse.,,,30.0
14678140,33111,[CAR],oh he's looking out the window.,,,30.0
14678153,33111,[CAR],do you think he's looking for the farmer?,,,30.0
14678166,33111,[CAR],is the baby tall enough to look out?,,,30.0
14678178,33111,[CAR],a little bit.,,,30.0
14678190,33111,[CAR],who's that?,,,30.0
14678199,33111,[CHI],ah.,,,30.0
14678209,33111,[CAR],the hay.,,,30.0
14678221,33111,[CAR],you want to put the hay up with the chickens?,,,30.0
14678232,33111,[CAR],close that gate nicely yeah.,,,30.0
14678242,33111,[CAR],Mr_Cow's gonna go back in?,,,30.0
14678250,33111,[CAR],is he gonna look out the window too like Mr_Horse?,,,30.0
14678259,33111,[CAR],oh yes.,,,30.0
14678268,33111,[CAR],oh that's boy that baby cow can really look out the window like that on that ledge.,,,30.0
14678283,33111,[CAR],he's up high.,,,30.0
14678291,33111,[CAR],you gonna put baby horse up high?,,,30.0
14678300,33111,[CAR],hm they look like they're enjoying looking out that nice window.,,,30.0
14678312,33111,[CAR],do you think it's a sunny day?,,,30.0
14678323,33111,[CAR],or rainy.,,,30.0
14678331,33111,[CHI],rainy.,,,30.0
14678336,33111,[CAR],rainy?,,,30.0
14678346,33111,[CAR],that's why they're in their stall huh?,,,30.0
14678356,33111,[CAR],it's a rainy day?,,,30.0
14678365,33111,[CAR],hm do you think the sheep would like to come down?,,,30.0
14678377,33111,[CAR],baa.,,,30.0
14678387,33111,[CAR],sheep?,,,30.0
14678394,33111,[CAR],here's another sheep.,,,30.0
14678402,33111,[CAR],this one has a strong dark face huh?,,,30.0
14678413,33111,[CAR],and this one has the gray face.,,,30.0
14678419,33111,[CAR],oh the horse is gonna up there to visit the chickens?,,,30.0
14678430,33111,[CAR],open.,,,30.0
14678440,33111,[CAR],yeah they can look out the open window.,,,30.0
14678451,33111,[CHI],up.,,,30.0
14678460,33111,[CAR],that's right up.,,,30.0
14678474,33111,[CAR],you wanna come back down?,,,30.0
14678486,33111,[CAR],and look out the window.,,,30.0
14678500,33111,[CAR],oh and their food and water.,,,30.0
14678509,33111,[CAR],so if they get hungry or thirsty they have something.,,,30.0
14678524,33111,[CAR],is it hard to close the gate?,,,30.0
14678540,33111,[CAR],there you go.,,,30.0
14678551,33111,[CAR],there it closes nicely.,,,30.0
14678558,33111,[CAR],fits easily now.,,,30.0
14678566,33111,[CAR],now what should we do next Childsname?,,,30.0
14678575,33111,[CAR],oh the girl's gonna go up with all of the other firemen.,,,30.0
14678585,33111,[CAR],think they're gonna fix breakfast up there?,,,30.0
14678595,33111,[CAR],or do some work?,,,30.0
14678601,33111,[CHI],work.,,,30.0
14678608,33111,[CAR],work.,,,30.0
14678619,33111,[CHI],done.,,,30.0
14678628,33111,[CAR],are we done with this?,,,30.0
14678642,33111,[CAR],no?,,,30.0
14678650,33111,[CAR],okay.,,,30.0
14678659,33111,[CHI],baa.,,,30.0
14678670,33111,[CAR],wow baa.,,,30.0
14678679,33111,[CAR],oh so the farm babies are going to play in the pasture huh?,,,30.0
14678686,33111,[CAR],I think they'll like that.,,,30.0
14678699,33111,[CAR],so is it the chicken's turn to have some water and hay?,,,30.0
14678711,33111,[CAR],oh the baby horse is going to eat.,,,30.0
14678726,33111,[CAR],mm good hay and water.,,,30.0
14678735,33111,[CAR],thank you Childsname.,,,30.0
14678747,33111,[CAR],is he eating or drinking Childsname?,,,30.0
14678759,33111,[CHI],baby.,,,30.0
14678766,33111,[CAR],the bab the baby horse is right there.,,,30.0
14678777,33111,[CAR],oh they're both eating.,,,30.0
14678788,33111,[CAR],oh what a good breakfast.,,,30.0
14678797,33111,[CAR],hay and water.,,,30.0
14678813,33111,[CAR],they're very happy you gave them that hay and water.,,,30.0
14678825,33111,[CAR],now they're gonna go down in their stall?,,,30.0
14678838,33111,[CAR],what are they gonna do now Childsname?,,,30.0
14678851,33111,[CAR],they're going to look out the window.,,,30.0
14678862,33111,[CAR],is it time for mama cow and baby cow to come out?,,,30.0
14678880,33111,[CAR],no?,,,30.0
14678888,33111,[CAR],who should come out now?,,,30.0
14678903,33111,[CAR],going to fix the fence.,,,30.0
14678913,33111,[CAR],yeah.,,,30.0
14678923,33111,[CAR],there we go.,,,30.0
14678930,33111,[CAR],is he going to go in the fence?,,,30.0
14678941,33111,[CAR],or just next_to the fence?,,,30.0
14678951,33111,[CAR],oh daddy horse and baby horse are gonna go in the fence.,,,30.0
14678961,33111,[CAR],oop and there's your food and water.,,,30.0
14678973,33111,[CAR],that's so nice of you to think of them.,,,30.0
14678983,33111,[CHI],mouth.,,,30.0
14678998,33111,[CAR],oh not in my mouth.,,,30.0
14679016,33111,[CAR],we'll pretend.,,,30.0
14679034,33111,[CAR],Childsname not in my mouth honey.,,,30.0
14679043,33111,[CAR],not in my mouth.,,,30.0
14679054,33111,[CAR],we don't put things in our mouth okay?,,,30.0
14679065,33111,[CAR],we just pretend.,,,30.0
14679085,33111,[CAR],there.,,,30.0
14679094,33111,[CAR],no not in my mouth Childsname.,,,30.0
14679104,33111,[CAR],is he eating?,,,30.0
14679115,33111,[CAR],can you make eating sounds?,,,30.0
14679140,33111,[CAR],are they playing?,,,30.0
14679152,33111,[CAR],so daddy horse is going in.,,,30.0
14679163,33111,[CAR],is momma cow coming out?,,,30.0
14679172,33111,[CAR],nope she's going back in.,,,30.0
14679188,33111,[CAR],but the babies are playing huh?,,,30.0
14679203,33111,[CAR],do you think Mr_Pig would like to come out and play with the baby cow and the baby horse?,,,30.0
14679216,33111,[CHI],baby.,,,30.0
14679227,33111,[CAR],baby that's right.,,,30.0
14679245,33111,[CAR],just close.,,,30.0
14679263,33111,[CAR],mm good sweet hay.,,,30.0
14679274,33111,[CAR],do you think Mr_Horse would like some?,,,30.0
14679295,33111,[CAR],mm a cool drink of water.,,,30.0
14679312,33111,[CHI],up oh.,-1.0,verb,30.0
14679323,33111,[CAR],oh look.,,,30.0
14679334,33111,[CAR],what's this?,,,30.0
14679344,33111,[CHI],I don't know.,1.0,,30.0
14679356,33111,[CAR],corn on the cob.,,,30.0
14679369,33111,[CAR],who eats corn on the cob?,,,30.0
14679380,33111,[CAR],Childsname does.,,,30.0
14679392,33111,[CHI],ah.,,,30.0
14679404,33111,[CAR],that's grain.,,,30.0
14679416,33111,[CAR],and a scooper like we use for Sasha.,,,30.0
14679428,33111,[CAR],yeah don't put your mouth on it.,,,30.0
14679441,33111,[CAR],we just pretend Childsname.,,,30.0
14679455,33111,[CAR],we just pretend.,,,30.0
14679467,33111,[CAR],okay you know who I think would like some corn on the cob?,,,30.0
14679481,33111,[CAR],Mr_Pig.,,,30.0
14679492,33111,[CAR],oink.,,,30.0
14679506,33111,[CAR],yeah we don't we don't put it in our mouth honey.,,,30.0
14679543,33111,[CAR],mm good corn.,,,30.0
14679556,33111,[CAR],he doesn't eat his with butter though.,,,30.0
14679572,33111,[CAR],just plain corn.,,,30.0
14679598,33111,[CAR],oh there goes all the people in the stall huh?,,,30.0
14679620,33111,[CAR],there's a hole in the ceiling.,,,30.0
14679629,33111,[CAR],and they're going down.,,,30.0
14679645,33111,[CAR],should we let the animals play in the yard and not put them in the fence?,,,30.0
14679660,33111,[CAR],we can put the fence away.,,,30.0
14679673,33111,[CAR],somebody was closing a door.,,,30.0
14679687,33111,[CAR],but it wasn't our door.,,,30.0
14679699,33111,[CAR],would you like to play with something else now?,,,30.0
14679710,33111,[CAR],what would you like to play with?,,,30.0
14679721,33111,[CAR],Mr_Potato_Head?,,,30.0
14679732,33111,[CAR],okay.,,,30.0
14679744,33111,[CAR],that's our door.,,,30.0
14679757,33111,[CAR],there's Chris.,,,30.0
14672632,33104,[CHI],hey it's my nose.,1.0,,30.0
14672646,33104,[CHI],this my nose.,-1.0,verb,30.0
14672661,33104,[CAR],yeah.,,,30.0
14672673,33104,[CAR],he's got a hat on huh?,,,30.0
14672685,33104,[CHI],no what?,0.0,,30.0
14672696,33104,[CHI],look look_it.,-1.0,preposition,30.0
14672706,33104,[CAR],those are teeth.,,,30.0
14672717,33104,[CAR],you could take the tongue out and put teeth in instead.,,,30.0
14672730,33104,[CHI],it's happy.,1.0,,30.0
14672741,33104,[CAR],is that a happy mouth?,,,30.0
14672754,33104,[CAR],do you think this is a happy mouth too?,,,30.0
14672763,33104,[CHI],um.,,,30.0
14672776,33104,[CAR],do you think he needs glasses?,,,30.0
14672790,33104,[CAR],see there's glasses.,,,30.0
14672817,33104,[CAR],oh no he's sticking his tongue out.,,,30.0
14672828,33104,[CAR],some glasses.,,,30.0
14672839,33104,[CAR],and hook them on his ears.,,,30.0
14672853,33104,[CAR],does he look pretty funny with glasses?,,,30.0
14672872,33104,[CHI],hey.,,,30.0
14672885,33104,[CHI],this mommy.,-1.0,verb,30.0
14672900,33104,[CHI],this mommy mouth.,-1.0,"verb, possessive",30.0
14672913,33104,[CAR],oh there's another one.,,,30.0
14672925,33104,[CAR],you can make another one see.,,,30.0
14672938,33104,[CHI],this happy daddy.,-1.0,verb,30.0
14672950,33104,[CAR],is that a happy daddy?,,,30.0
14672962,33104,[CHI],yes.,,,30.0
14673033,33104,[CAR],hm.,,,30.0
14673046,33104,[CHI],this happy mommy.,-1.0,verb,30.0
14673061,33104,[CAR],you wanna make the mommy one?,,,30.0
14673074,33104,[CHI],what?,,,30.0
14673085,33104,[CHI],like mommy teeth.,-1.0,"subject, verb, possessive",30.0
14673097,33104,[CAR],like mommy's teeth?,,,30.0
14673109,33104,[CHI],hey mom.,1.0,,30.0
14673121,33104,[CHI],oh no is mine eyes.,-1.0,"subject, other",30.0
14673135,33104,[CAR],where are my eyes?,,,30.0
14673146,33104,[CHI],here mine eyes.,-1.0,"verb, other",30.0
14673175,33104,[CAR],well here's some eyeballs.,,,30.0
14673188,33104,[CAR],well do you think that looks like eyes too?,,,30.0
14673202,33104,[CAR],that could be eyes.,,,30.0
14673217,33104,[CAR],I think those are eyeballs.,,,30.0
14673232,33104,[CAR],uhoh I think they were upside down.,,,30.0
14673250,33104,[CAR],do you think she needs some feet to stand maybe?,,,30.0
14673269,33104,[CAR],oh is that the mommy mouth?,,,30.0
14673283,33104,[CAR],there's some feet.,,,30.0
14673298,33104,[CAR],here we'll push it down there.,,,30.0
14673313,33104,[CAR],what else does she have that she can play with?,,,30.0
14673330,33104,[CAR],what's that?,,,30.0
14673344,33104,[CHI],purse.,,,30.0
14673357,33104,[CAR],a purse.,,,30.0
14673373,33104,[CAR],do mommys carry purses or do daddys?,,,30.0
14673386,33104,[CHI],no mine mommy.,-1.0,other,30.0
14673401,33104,[CAR],your mommy.,,,30.0
14673416,33104,[CAR],oh you're gonna put her purse inside?,,,30.0
14673431,33104,[CAR],hm.,,,30.0
14673443,33104,[CHI],it's my.,-1.0,object,30.0
14673459,33104,[CHI],is more mommy mo.,-1.0,"subject, other",30.0
14673474,33104,[CAR],you have more mommys mouths.,,,30.0
14673489,33104,[CAR],oh daddy's got the smily mouth.,,,30.0
14673502,33104,[CAR],do you think that these are ear+rings maybe for ears?,,,30.0
14673520,33104,[CAR],I don't know.,,,30.0
14673536,33104,[CHI],um no.,1.0,,30.0
14673550,33104,[CAR],no?,,,30.0
14673561,33104,[CAR],what do you think those?,,,30.0
14673576,33104,[CAR],oh you know what?,,,30.0
14673592,33104,[CAR],she needs her ears first.,,,30.0
14673612,33104,[CAR],then you can put the ear+rings on.,,,30.0
14673631,33104,[CAR],are those ears do you think?,,,30.0
14673645,33104,[CHI],this nose.,-1.0,"verb, determiner",30.0
14673667,33104,[CAR],well did you get her nose?,,,30.0
14673678,33104,[CAR],let's see her nose.,,,30.0
14673690,33104,[CAR],oh she's got a funny pink nose.,,,30.0
14673701,33104,[CAR],oops.,,,30.0
14673717,33104,[CAR],oop dad dropped his glasses.,,,30.0
14673733,33104,[CHI],what where daddy mouth.,-1.0,"verb, possessive",30.0
14673748,33104,[CAR],you gonna put daddy's mouth back on again?,,,30.0
14673763,33104,[CHI],this momma mouth.,-1.0,"verb, possessive",30.0
14673792,33104,[CHI],ears.,,,30.0
14673807,33104,[CAR],are those ears?,,,30.0
14673821,33104,[CAR],momma ears.,,,30.0
14673838,33104,[CHI],here's mine ears.,-1.0,"sv_agreement, determiner",30.0
14673854,33104,[CAR],here's my ears.,,,30.0
14673869,33104,[CAR],you know what?,,,30.0
14673884,33104,[CAR],here's the little yellow?,,,30.0
14673897,33104,[CAR],I think that one thing is a.,,,30.0
14673911,33104,[CHI],this momma hat.,-1.0,"verb, possessive",30.0
14673926,33104,[CAR],momma's hat.,,,30.0
14673949,33104,[CAR],she's ready to go.,,,30.0
14673970,33104,[CHI],mommy what these go down?,-1.0,"auxiliary, other",30.0
14673985,33104,[CAR],should we put the purse on her hand?,,,30.0
14674003,33104,[CHI],no here.,-1.0,other,30.0
14674023,33104,[CAR],you wanna put the purse inside?,,,30.0
14674037,33104,[CAR],okay.,,,30.0
14674050,33104,[CHI],a mouth.,0.0,,30.0
14674068,33104,[CAR],oh no.,,,30.0
14674082,33104,[CAR],did her mouth fall off?,,,30.0
14674099,33104,[CHI],no no what what.,1.0,,30.0
14674112,33104,[CAR],oh you wanna put the glasses on?,,,30.0
14674124,33104,[CHI],yeah.,,,30.0
14674139,33104,[CAR],oh they're kinda hard to get to stay on aren't they?,,,30.0
14674158,33104,[CAR],there.,,,30.0
14674170,33104,[CAR],you want the hat back on?,,,30.0
14674196,33104,[CAR],you know I think these are ear+rings.,,,30.0
14674208,33104,[CAR],you can clip them on like ear+rings.,,,30.0
14674223,33104,[CAR],see cause mommys wear ear+rings sometimes.,,,30.0
14674237,33104,[CHI],oh.,,,30.0
14674252,33104,[CAR],you made them.,,,30.0
14674269,33104,[CAR],there they are.,,,30.0
14674283,33104,[CAR],gonna fix her ear+ring?,,,30.0
14674300,33104,[CAR],oh you're gonna take and put her ear+ring on her other ear.,,,30.0
14674357,33104,[CAR],good job.,,,30.0
14674373,33104,[CAR],there's her hat.,,,30.0
14674388,33104,[CAR],the ear+rings are kinda tricky.,,,30.0
14674402,33104,[CAR],can you do that?,,,30.0
14674417,33104,[CAR],hm I'll hold her and you can put it in.,,,30.0
14674432,33104,[CAR],good.,,,30.0
14674447,33104,[CAR],oop almost.,,,30.0
14674461,33104,[CAR],watch.,,,30.0
14674473,33104,[CAR],go like this.,,,30.0
14674486,33104,[CAR],good job.,,,30.0
14674498,33104,[CAR],there.,,,30.0
14674509,33104,[CAR],she ready?,,,30.0
14674522,33104,[CAR],we got an extra tongue.,,,30.0
14674536,33104,[CHI],that's daddy take tongue.,-1.0,"possessive, determiner",30.0
14674547,33104,[CAR],daddy's gonna take the tongue?,,,30.0
14674561,33104,[CAR],okay.,,,30.0
14674572,33104,[CHI],no mommy going take tongue.,-1.0,"auxiliary, tense_aspect, determiner",30.0
14674587,33104,[CAR],oh the mom's gonna take the tongue.,,,30.0
14674605,33104,[CAR],what's the daddy got inside?,,,30.0
14674636,33104,[CAR],what's this?,,,30.0
14674662,33104,[CAR],hm.,,,30.0
14674676,33104,[CHI],hm.,,,30.0
14674688,33104,[CAR],think that goes on the hat?,,,30.0
14674706,33104,[CAR],I don't know.,,,30.0
14674710,33104,[CHI],this.,,,30.0
14674723,33104,[CAR],oops did it come off?,,,30.0
14674736,33104,[CAR],uhoh.,,,30.0
14674745,33104,[CAR],uhoh look.,,,30.0
14674754,33104,[CAR],he lost his arm.,,,30.0
14674774,33104,[CAR],oh no he's coming apart.,,,30.0
14674782,33104,[CAR],he lost his nose.,,,30.0
14674799,33104,[CAR],where'd his nose go?,,,30.0
14674823,33104,[CHI],where my nose?,-1.0,verb,30.0
14674848,33104,[CAR],where's my nose?,,,30.0
14674861,33104,[CAR],yeah where is my nose?,,,30.0
14674875,33104,[CAR],did you put the nose inside?,,,30.0
14674897,33104,[CHI],no.,,,30.0
14674906,33104,[CAR],no.,,,30.0
14674916,33104,[CAR],oops look.,,,30.0
14674930,33104,[CAR],the daddy can have a mustache.,,,30.0
14674956,33104,[CAR],oh you've got the nose in his your hand.,,,30.0
14674990,33104,[CAR],you've got the nose in your hand.,,,30.0
14675010,33104,[CAR],yep.,,,30.0
14675031,33104,[CHI],oh.,,,30.0
14675048,33104,[CAR],want the daddy to have a mustache?,,,30.0
14675064,33104,[CHI],no.,,,30.0
14675072,33104,[CAR],no?,,,30.0
14675079,33104,[CAR],you wanna see what it looks like?,,,30.0
14675092,33104,[CHI],no.,,,30.0
14675105,33104,[CAR],no okay.,,,30.0
14675117,33104,[CAR],sorry.,,,30.0
14675129,33104,[CAR],there.,,,30.0
14675137,33104,[CHI],put daddy glass on.,-1.0,"subject, possessive",30.0
14675147,33104,[CAR],you wanna put dad's glasses on?,,,30.0
14675161,33104,[CAR],okay.,,,30.0
14675178,33104,[CAR],oop.,,,30.0
14675193,33104,[CAR],ready to go.,,,30.0
14675207,33104,[CAR],tadah.,,,30.0
14675220,33104,[CHI],mommy's going take purse.,-1.0,"tense_aspect, determiner",30.0
14675232,33104,[CAR],yeah.,,,30.0
14675245,33104,[CHI],mommy go in cow.,-1.0,"present_progressive, determiner, object",30.0
14675260,33104,[CAR],mommy's going where?,,,30.0
14675277,33104,[CHI],cow.,,,30.0
14675291,33104,[CAR],oh.,,,30.0
14675308,33104,[CHI],go in cow.,-1.0,"subject, present_progressive, determiner, object",30.0
14675324,33104,[CHI],go in cow barn.,-1.0,"subject, present_progressive, determiner",30.0
14675339,33104,[CAR],she's going to the cow barn?,,,30.0
14675356,33104,[CAR],oh.,,,30.0
14675370,33104,[CAR],do you wanna open it?,,,30.0
14675382,33104,[CAR],this opens.,,,30.0
14675396,33104,[CAR],there's a latch on the side.,,,30.0
14675410,33104,[CAR],if you lift it up it'll open.,,,30.0
14675426,33104,[CAR],see.,,,30.0
14675436,33104,[CAR],oh that's a very cool barn.,,,30.0
14675454,33104,[CHI],this this sheeps go in.,-1.0,"plural, other",30.0
14675472,33104,[CAR],the sheeps go there?,,,30.0
14675481,33104,[CAR],you know what?,,,30.0
14675491,33104,[CAR],are there some sheep maybe in this bag?,,,30.0
14675516,33104,[CHI],yes.,,,30.0
14675532,33104,[CAR],yeah.,,,30.0
14675566,33104,[CAR],are the sheep saying baa?,,,30.0
14675584,33104,[CHI],there baby sheeps.,-1.0,"verb, plural",30.0
14675600,33104,[CAR],yeah.,,,30.0
14675612,33104,[CAR],what do you think would go in there?,,,30.0
14675628,33104,[CHI],um baby sheeps.,0.0,,30.0
14675641,33104,[CAR],yeah.,,,30.0
14675666,33104,[CAR],oh yeah there's our firemen aren't they?,,,30.0
14675681,33104,[CAR],do you think the chicken would go in the nest?,,,30.0
14675698,33104,[CAR],yeah.,,,30.0
14675711,33104,[CHI],mommy mommy want him go here?,-1.0,"subject, auxiliary, tense_aspect",30.0
14675727,33104,[CAR],you want him to go in there?,,,30.0
14675742,33104,[CAR],okay.,,,30.0
14675752,33104,[CHI],want sheeps to go here.,-1.0,"subject, determiner, plural",30.0
14675768,33104,[CAR],you want the sheeps to go inside.,,,30.0
14675786,33104,[CAR],yeah there's another sheep here.,,,30.0
14675802,33104,[CHI],baa baa.,0.0,,30.0
14675814,33104,[CAR],baa baa.,,,30.0
14675829,33104,[CAR],oh this looks like the baby sheep.,,,30.0
14675844,33104,[CAR],the mommy and that ones a baby.,,,30.0
14675857,33104,[CHI],baa baa.,0.0,,30.0
14675869,33104,[CAR],baa baa.,,,30.0
14675883,33104,[CHI],mommy go.,-1.0,tense_aspect,30.0
14675895,33104,[CAR],oh is he saying where's my mommy?,,,30.0
14675905,33104,[CAR],baa baa.,,,30.0
14675921,33104,[CHI],baa baa.,0.0,,30.0
14675937,33104,[CHI],my mommy go here.,-1.0,"tense_aspect, sv_agreement",30.0
14675953,33104,[CAR],oh.,,,30.0
14675966,33104,[CHI],baa baa.,0.0,,30.0
14675980,33104,[CAR],what other animals are there?,,,30.0
14675995,33104,[CAR],do you wanna make the fence?,,,30.0
14676011,33104,[CAR],here.,,,30.0
14676024,33104,[CAR],the fence hooks together.,,,30.0
14676038,33104,[CHI],baa baa.,0.0,,30.0
14676052,33104,[CAR],oh the sheep are making lots_of noise.,,,30.0
14676066,33104,[CAR],oh look look what else there is.,,,30.0
14676080,33104,[CHI],baa.,,,30.0
14676094,33104,[CAR],should we make the fence?,,,30.0
14676110,33104,[CAR],okay.,,,30.0
14676120,33104,[CHI],baa baa.,0.0,,30.0
14676133,33104,[CHI],mommy want open this house.,-1.0,subject,30.0
14676147,33104,[CAR],you wanna open the door?,,,30.0
14676160,33104,[CAR],okay.,,,30.0
14676177,33104,[CAR],the chicken gonna jump out?,,,30.0
14676193,33104,[CHI],no.,,,30.0
14676208,33104,[CAR],no.,,,30.0
14676223,33104,[CHI],chicken stay here.,-1.0,"determiner, tense_aspect",30.0
14676238,33104,[CAR],the chicken's gonna stay in the nest.,,,30.0
14676251,33104,[CAR],chicken going night_night.,,,30.0
14676259,33104,[CAR],the chicken going night_night.,,,30.0
14676273,33104,[CAR],go night_night in the barn.,,,30.0
14676288,33104,[CAR],there.,,,30.0
14676311,33104,[CAR],night_night.,,,30.0
14676326,33104,[CAR],you wanna see some of these other animals?,,,30.0
14676340,33104,[CHI],that right there.,0.0,,30.0
14676376,33104,[CAR],yeah.,,,30.0
14676386,33104,[CAR],who else is there?,,,30.0
14676402,33104,[CAR],oh a mom and a baby cow.,,,30.0
14676413,33104,[CAR],oh should we give them something to eat?,,,30.0
14676425,33104,[CAR],should we give them something to eat?,,,30.0
14676458,33104,[CAR],hay yum yum yum.,,,30.0
14676471,33104,[CHI],moo.,,,30.0
14676486,33104,[CAR],moo.,,,30.0
14676500,33104,[CHI],moo moo.,0.0,,30.0
14676513,33104,[CAR],is he calling for some food?,,,30.0
14676533,33104,[CAR],he's so hungry.,,,30.0
14676541,33104,[CAR],where's the farmer?,,,30.0
14676559,33104,[CAR],here comes the farmer.,,,30.0
14676574,33104,[CAR],he'll give him some food.,,,30.0
14676607,33104,[CHI],no food.,0.0,,30.0
14676620,33104,[CAR],no?,,,30.0
14676639,33104,[CAR],oh but he said he's hungry.,,,30.0
14676656,33104,[CHI],neigh neigh.,0.0,,30.0
14676670,33104,[CAR],neigh neigh.,,,30.0
14676680,33104,[CHI],this horse.,0.0,,30.0
14676693,33104,[CAR],that's the horse.,,,30.0
14676708,33104,[CAR],oh there are some horses too aren't there?,,,30.0
14676723,33104,[CAR],oh you're gonna give the baby sheep the hay.,,,30.0
14676755,33104,[CHI],hey mommy.,1.0,,30.0
14758973,33382,[CHI],mommy want a sticker?,-1.0,"auxiliary, subject",30.0
14758986,33382,[CAR],sure.,,,30.0
14759002,33382,[CHI],whoops.,,,30.0
14759011,33382,[CHI],you got one.,1.0,,30.0
14759023,33382,[CHI],you got one.,1.0,,30.0
14759037,33382,[CHI],hey.,,,30.0
14759052,33382,[CAR],should we play with this?,,,30.0
14759063,33382,[CHI],bye.,,,30.0
14759075,33382,[CAR],look these are people just like yours.,,,30.0
14759086,33382,[CHI],yeah.,,,30.0
14759094,33382,[CHI],this looks like mine.,1.0,,30.0
14759106,33382,[CHI],my grandma and grandpa's.,1.0,"subject, verb",30.0
14759121,33382,[CAR],like the one at grandma and grandpa's house?,,,30.0
14759133,33382,[CHI],yeah.,,,30.0
14759159,33382,[CHI],chicken goes in there.,-1.0,determiner,30.0
14759188,33382,[CHI],no.,,,30.0
14759201,33382,[CHI],the chicken is not going in there.,1.0,,30.0
14759213,33382,[CAR],do you think the chicken goes up here?,,,30.0
14759225,33382,[CHI],no.,,,30.0
14759236,33382,[CHI],sheeps go in there.,-1.0,determiner,30.0
14759258,33382,[CHI],oh and these these wanna go in there.,1.0,,30.0
14759284,33382,[CAR],do you think the horse goes in there?,,,30.0
14759310,33382,[CHI],yeah.,,,30.0
14759322,33382,[CAR],there's a little horse too.,,,30.0
14759337,33382,[CHI],yeah.,,,30.0
14759346,33382,[CHI],he go with the mom.,-1.0,tense_aspect,30.0
14759361,33382,[CHI],pig.,,,30.0
14759376,33382,[CHI],where the pig go?,-1.0,auxiliary,30.0
14759381,33382,[CAR],I don't know.,,,30.0
14759393,33382,[CHI],went in here?,-1.0,subject,30.0
14759405,33382,[CAR],really.,,,30.0
14759418,33382,[CHI],yeah.,,,30.0
14759433,33382,[CHI],yeah.,,,30.0
14759450,33382,[CHI],can you shut this?,1.0,,30.0
14759463,33382,[CHI],can you tush can you shut that pig?,-1.0,other,30.0
14759477,33382,[CAR],mhm.,,,30.0
14759491,33382,[CAR],like that?,,,30.0
14759502,33382,[CHI],yeah.,,,30.0
14759511,33382,[CHI],where the sheep go?,-1.0,auxiliary,30.0
14759524,33382,[CHI],oh.,,,30.0
14759537,33382,[CHI],where's is the mom sheep?,0.0,,30.0
14759550,33382,[CAR],is over there.,,,30.0
14759562,33382,[CAR],here's another one.,,,30.0
14759584,33382,[CHI],that one goes in here with the girl.,1.0,,30.0
14759597,33382,[CHI],oh.,,,30.0
14759612,33382,[CHI],those sheep don't want to stand up.,1.0,,30.0
14759628,33382,[CHI],do she?,-1.0,sv_agreement,30.0
14759638,33382,[CHI],sheep.,,,30.0
14759649,33382,[CAR],what is this?,,,30.0
14759660,33382,[CHI],um.,,,30.0
14759669,33382,[CAR],I think that's hay for the horses to eat.,,,30.0
14759683,33382,[CHI],yeah.,,,30.0
14759694,33382,[CAR],think I think it sticks right on there.,,,30.0
14759707,33382,[CHI],no it's.,-1.0,object,30.0
14759722,33382,[CAR],no?,,,30.0
14759733,33382,[CHI],it's for this thing.,1.0,,30.0
14759745,33382,[CAR],oh okay.,,,30.0
14759757,33382,[CHI],the pumpkin don't want to stand.,-1.0,sv_agreement,30.0
14759775,33382,[CHI],oh no.,1.0,,30.0
14759787,33382,[CHI],where the cow?,-1.0,auxiliary,30.0
14759798,33382,[CAR],right here.,,,30.0
14759813,33382,[CHI],that one.,1.0,,30.0
14759842,33382,[CHI],the cow's don't go t go in there.,0.0,,30.0
14759855,33382,[CHI],where should this go?,1.0,,30.0
14759869,33382,[CHI],right in here?,1.0,,30.0
14759882,33382,[CAR],maybe not.,,,30.0
14759896,33382,[CHI],can you put it in there?,1.0,,30.0
14759910,33382,[CAR],here.,,,30.0
14759919,33382,[CAR],we'll go like this.,,,30.0
14759931,33382,[CAR],there.,,,30.0
14759943,33382,[CAR],oh.,,,30.0
14759956,33382,[CAR],it came apart.,,,30.0
14759968,33382,[CHI],where this go?,-1.0,auxiliary,30.0
14759984,33382,[CAR],where do you wanna put these people?,,,30.0
14759997,33382,[CHI],there.,,,30.0
14760012,33382,[CHI],these black sheep go in there.,1.0,,30.0
14760025,33382,[CAR],here.,,,30.0
14760042,33382,[CAR],you can make that bigger.,,,30.0
14760054,33382,[CHI],I think these go way up here.,1.0,,30.0
14760069,33382,[CHI],there.,,,30.0
14760079,33382,[CAR],here's some more people.,,,30.0
14760094,33382,[CHI],oh thanks.,1.0,,30.0
14760106,33382,[CAR],these look like firemen.,,,30.0
14760119,33382,[CAR],do you have the horse still?,,,30.0
14760133,33382,[CHI],no.,,,30.0
14760146,33382,[CHI],yeah.,,,30.0
14760159,33382,[CHI],I still have the little one.,1.0,,30.0
14760168,33382,[CHI],look at this one.,0.0,,30.0
14760181,33382,[CHI],and the mommy one.,1.0,,30.0
14760194,33382,[CHI],um this is for mom.,1.0,,30.0
14760210,33382,[CHI],this is her mom that go?,-1.0,"sv_agreement, other",30.0
14760226,33382,[CAR],oh.,,,30.0
14760230,33382,[CHI],I get a too.,-1.0,tense_aspect,30.0
14760249,33382,[CAR],look what else is here.,,,30.0
14760262,33382,[CAR],do you wanna do this?,,,30.0
14760273,33382,[CHI],yeah sure.,1.0,,30.0
14760285,33382,[CHI],this one gotta go with this.,-1.0,sv_agreement,30.0
14760302,33382,[CHI],this one gets go out and play.,-1.0,tense_aspect,30.0
14760316,33382,[CHI],she wants to go out and play.,1.0,,30.0
14760331,33382,[CHI],who is who is his mom?,1.0,other,30.0
14760342,33382,[CHI],oh.,,,30.0
14760354,33382,[CHI],the sheep wants to go out.,1.0,,30.0
14760367,33382,[CHI],the they all want to go out.,1.0,,30.0
14760382,33382,[CHI],yeah.,,,30.0
14760392,33382,[CHI],they want to go and play.,1.0,,30.0
14760404,33382,[CHI],they want to go and play.,1.0,,30.0
14760420,33382,[CHI],then we'll see the pumpkins.,1.0,,30.0
14760433,33382,[CHI],oh the pumpkin won't stand up.,1.0,,30.0
14760444,33382,[CAR],maybe first let's go like this.,,,30.0
14760454,33382,[CAR],watch.,,,30.0
14760463,33382,[CAR],like that.,,,30.0
14760474,33382,[CHI],yeah.,,,30.0
14760485,33382,[CHI],that one is.,-1.0,object,30.0
14760497,33382,[CHI],we don't want it going that way.,1.0,,30.0
14760543,33382,[CAR],I see more people.,,,30.0
14760569,33382,[CAR],uhoh.,,,30.0
14760580,33382,[CHI],uhoh.,,,30.0
14760589,33382,[CHI],he's.,,,30.0
14760598,33382,[CHI],because it's.,-1.0,object,30.0
14760611,33382,[CHI],I knocked him ov I knocked him out.,1.0,,30.0
14760622,33382,[CHI],I could have pewy diaper.,0.0,determiner,30.0
14760640,33382,[CAR],you do?,,,30.0
14760652,33382,[CHI],no I don't.,1.0,,30.0
14760664,33382,[CAR],okay.,,,30.0
14760673,33382,[CHI],uhoh.,,,30.0
14760684,33382,[CHI],daddy's cow.,0.0,,30.0
14760696,33382,[CHI],there.,,,30.0
14760712,33382,[CAR],do you wanna do this?,,,30.0
14760724,33382,[CHI],yeah sure.,1.0,,30.0
14760740,33382,[CAR],good.,,,30.0
14760762,33382,[CAR],can you put the other arm on?,,,30.0
14760780,33382,[CAR],what's that?,,,30.0
14760795,33382,[CAR],where does that go?,,,30.0
14760809,33382,[CAR],oh.,,,30.0
14760819,33382,[CHI],I want open them wide.,-1.0,preposition,30.0
14760837,33382,[CAR],what are those?,,,30.0
14760852,33382,[CHI],eyes.,,,30.0
14760867,33382,[CAR],yeah.,,,30.0
14760882,33382,[CHI],nose.,,,30.0
14760898,33382,[CHI],nose.,,,30.0
14760916,33382,[CHI],where this go?,-1.0,auxiliary,30.0
14760932,33382,[CAR],oh she's already got a mouth.,,,30.0
14760946,33382,[CAR],that's just a different mouth.,,,30.0
14760960,33382,[CHI],where it go?,-1.0,auxiliary,30.0
14760972,33382,[CHI],excuse me.,1.0,,30.0
14760991,33382,[CHI],do you know what this?,-1.0,verb,30.0
14761015,33382,[CAR],oh okay.,,,30.0
14761049,33382,[CHI],where this go?,-1.0,auxiliary,30.0
14761065,33382,[CAR],well that's just an extra mouth.,,,30.0
14761082,33382,[CAR],so you can change the mouth.,,,30.0
14761098,33382,[CAR],shou put the other arm on.,,,30.0
14761115,33382,[CHI],okay.,,,30.0
14761122,33382,[CHI],in this.,0.0,,30.0
14761135,33382,[CHI],what in here?,-1.0,verb,30.0
14761151,33382,[CHI],a.,,,30.0
14761170,33382,[CHI],what is what is in here?,1.0,,30.0
14761185,33382,[CHI],can I open it wide?,1.0,,30.0
14761192,33382,[CAR],hm?,,,30.0
14761205,33382,[CHI],can I open it wide?,1.0,,30.0
14761224,33382,[CHI],the front of.,-1.0,subject,30.0
14761239,33382,[CHI],oh.,,,30.0
14761253,33382,[CAR],oh you gotta put the ears on before the glasses will stay.,,,30.0
14761273,33382,[CHI],oh yeah.,1.0,,30.0
14761289,33382,[CAR],oh there's only one ear.,,,30.0
14761306,33382,[CHI],you put the ear?,1.0,,30.0
14761320,33382,[CAR],yeah.,,,30.0
14761336,33382,[CAR],it must be lost.,,,30.0
14761351,33382,[CAR],do you wanna put the glasses on?,,,30.0
14761361,33382,[CHI],yeah.,,,30.0
14761375,33382,[CHI],no.,,,30.0
14761392,33382,[CHI],the purse.,0.0,,30.0
14761402,33382,[CHI],I'll put the purse on.,1.0,,30.0
14761424,33382,[CAR],there.,,,30.0
14761440,33382,[CHI],now let's put the glasses on.,1.0,,30.0
14761455,33382,[CAR],oh they're upside down.,,,30.0
14761467,33382,[CAR],there.,,,30.0
14761479,33382,[CHI],can I open her eye?,1.0,,30.0
14761493,33382,[CHI],when she comes in?,1.0,,30.0
14761508,33382,[CAR],what about the hat?,,,30.0
14761517,33382,[CAR],did you forget the hat?,,,30.0
14761525,33382,[CAR],it's right here.,,,30.0
14761540,33382,[CHI],yeah.,,,30.0
14761556,33382,[CHI],where should I put this?,1.0,,30.0
14761573,33382,[CAR],um you could change the mouth.,,,30.0
14761586,33382,[CAR],you could put a different one in.,,,30.0
14761600,33382,[CHI],no this goes in his mouth.,1.0,,30.0
14761616,33382,[CAR],oh.,,,30.0
14761635,33382,[CHI],this go in his lip.,-1.0,sv_agreement,30.0
14761649,33382,[CHI],them fit in here.,-1.0,"subject, other",30.0
14761669,33382,[CAR],are they ears?,,,30.0
14761677,33382,[CHI],yes.,,,30.0
14761682,33382,[CHI],it can open wide when she's co when she's coming.,1.0,,30.0
14761697,33382,[CAR],can you what?,,,30.0
14761705,33382,[CHI],can you open them up when she gets in?,1.0,,30.0
14761713,33382,[CAR],open the door?,,,30.0
14761726,33382,[CHI],no.,,,30.0
14761737,33382,[CHI],can I open them up and she gets in?,0.0,tense_aspect,30.0
14761752,33382,[CAR],I don't know what you're saying.,,,30.0
14761763,33382,[CHI],I said I'm gonna open them up when she gets in.,1.0,,30.0
14761776,33382,[CAR],oh okay.,,,30.0
14761794,33382,[CHI],where's the?,-1.0,object,30.0
14761806,33382,[CAR],now what are you gonna do?,,,30.0
14761829,33382,[CHI],I'm gonna put him in the farmer the door.,-1.0,other,30.0
14761844,33382,[CHI],he's he's gonna go in there.,1.0,,30.0
14761854,33382,[CHI],there.,,,30.0
14761866,33382,[CHI],she's in there.,1.0,,30.0
14761873,33382,[CHI],oh she's in the barn.,1.0,,30.0
14761887,33382,[CAR],it there?,,,30.0
14761898,33382,[CHI],no.,,,30.0
14761908,33382,[CAR],no?,,,30.0
1972695,7574,[CAR],and Ross and I have been talking a lot about Halloween.,,,34.0
1972706,7574,[CAR],do you have anything else to say about Halloween Ross?,,,34.0
1972716,7574,[CHI],the Hulk's not for Halloween.,1.0,,34.0
1972730,7574,[CAR],the Hulk's not for Halloween?,,,34.0
1972748,7574,[CAR],now what are the what are the ghosts going to bring you?,,,34.0
1972759,7574,[CAR],what are the ghosts going to bring?,,,34.0
1972770,7574,[CAR],five what?,,,34.0
1972778,7574,[CAR],what?,,,34.0
1972792,7574,[CAR],what do they bring?,,,34.0
1972803,7574,[CHI],lego blocks.,1.0,,34.0
1972815,7574,[CAR],lego blocks?,,,34.0
1972829,7574,[CAR],no the witch is going to bring you lego blocks.,,,34.0
1972844,7574,[CHI],yeah.,,,34.0
1972858,7574,[CAR],and what are the ghosts going to bring?,,,34.0
1972871,7574,[CHI],and they bring they bring me blockses.,-1.0,tense_aspect,34.0
1972882,7574,[CAR],blockses?,,,34.0
1972893,7574,[CAR],no they're going to bring you Fritos.,,,34.0
1972906,7574,[CAR],Fritos.,,,34.0
1972915,7574,[CAR],and what about Spidey?,,,34.0
1972925,7574,[CHI],Spidey don't have no more money.,-1.0,"sv_agreement, determiner",34.0
1972938,7574,[CAR],no Spidey doesn't have any money so he's not going to get anything.,,,34.0
1972951,7574,[CAR],and what about the Hulk?,,,34.0
1972964,7574,[CAR],is he going to bring you something?,,,34.0
1972979,7574,[CHI],yeah.,,,34.0
1972995,7574,[CAR],maybe.,,,34.0
1973007,7574,[CAR],maybe.,,,34.0
1973017,7574,[CHI],yeah.,,,34.0
1973030,7574,[CAR],what?,,,34.0
1973040,7574,[CAR],chocolate?,,,34.0
1973051,7574,[CHI],yeah.,,,34.0
1973058,7574,[CAR],you have some candy?,,,34.0
1973069,7574,[CHI],the Hulk don't like chocolate.,-1.0,sv_agreement,34.0
1973081,7574,[CAR],no but he likes Hulk cakes.,,,34.0
1973089,7574,[CHI],yeah.,,,34.0
1973099,7574,[CAR],he might bring you some cake.,,,34.0
1973111,7574,[CAR],and how about this nice little hippo?,,,34.0
1973123,7574,[CAR],is he a ghost?,,,34.0
1973133,7574,[CHI],yeah.,,,34.0
1973143,7574,[CAR],and the doggy's a ghost.,,,34.0
1973155,7574,[CHI],yeah.,,,34.0
1973167,7574,[CAR],but Snoopy's not a ghost right?,,,34.0
1973179,7574,[CHI],no.,,,34.0
1973191,7574,[CAR],why not?,,,34.0
1973201,7574,[CHI],ghostses and Snoopy is my friend.,-1.0,sv_agreement,34.0
1973209,7574,[CAR],Snoopy's your friend and.,,,34.0
1973219,7574,[CHI],this is Snoopy.,1.0,,34.0
1973231,7574,[CAR],that's Snoopy yeah.,,,34.0
1973242,7574,[CHI],yeah.,,,34.0
1973254,7574,[CAR],but he's a little ghost right?,,,34.0
1973266,7574,[CHI],right.,,,34.0
1973276,7574,[CAR],what do ghosts do?,,,34.0
1973288,7574,[CHI],go whoooo.,1.0,,34.0
1973299,7574,[CAR],oh they go like that?,,,34.0
1973312,7574,[CHI],yeah.,,,34.0
1973322,7574,[CAR],uh huh.,,,34.0
1973332,7574,[CAR],and where do they live?,,,34.0
1973344,7574,[CHI],at Halloween.,1.0,,34.0
1973357,7574,[CAR],where does the witch live?,,,34.0
1973369,7574,[CHI],at Halloween.,1.0,,34.0
1973378,7574,[CAR],where does she go with her broom?,,,34.0
1973392,7574,[CHI],a cat with her her broom.,0.0,,34.0
1973405,7574,[CAR],uh huh but where does she go?,,,34.0
1973416,7574,[CAR],where does she ride to?,,,34.0
1973427,7574,[CHI],ride at Halloween.,-1.0,"subject, preposition",34.0
1973437,7574,[CAR],up to the moon.,,,34.0
1973451,7574,[CAR],she goes up to the moon.,,,34.0
1973463,7574,[CHI],yeah.,,,34.0
1973472,7574,[CHI],and she been to the moon.,-1.0,auxiliary,34.0
1973483,7574,[CAR],mm hm and she's nice right?,,,34.0
1973492,7574,[CHI],yeah.,,,34.0
1973501,7574,[CAR],and she just says horrible things right?,,,34.0
1973510,7574,[CHI],yeah.,,,34.0
1973516,7574,[CAR],but she's not really horrible.,,,34.0
1973528,7574,[CHI],she wears funny clothes.,1.0,,34.0
1973539,7574,[CAR],she wears really silly clothes.,,,34.0
1973554,7574,[CHI],yeah.,,,34.0
1973565,7574,[CHI],will you put his hat on?,1.0,,34.0
1973577,7574,[CHI],and don't forget Marky's coat.,1.0,,34.0
1973590,7574,[CHI],don't carry Marky because Marky might get snow on Marky's socks.,1.0,,34.0
1973602,7574,[CHI],I want my um I want my I don't know how to say it um I want my thing.,1.0,,34.0
1973618,7574,[CAR],you mean you want your scab?,,,34.0
1973627,7574,[CHI],no don't say scab.,0.0,,34.0
1973640,7574,[CHI],I want my thing.,1.0,,34.0
1973648,7574,[CAR],point so you can show me where it is.,,,34.0
1973662,7574,[CHI],I want my noisy choo choo train.,1.0,,34.0
1973674,7574,[CHI],go get dollar.,-1.0,determiner,34.0
1973680,7574,[CHI],get chocolate bar.,-1.0,determiner,34.0
1973690,7574,[CHI],go put in mouth.,-1.0,determiner,34.0
1973698,7574,[CAR],Marky is asleep.,,,34.0
1973705,7574,[CHI],another boy is asleep?,1.0,,34.0
1973713,7574,[CHI],he was getting up and see Marky Rossy.,-1.0,tense_aspect,34.0
1973724,7574,[CHI],where's the little pictures?,0.0,,34.0
1973729,7574,[CAR],oh they went of to Los Angeles and they're going to put them in our passport.,,,34.0
1973745,7574,[CHI],no.,,,34.0
1973753,7574,[CAR],yeah.,,,34.0
1973756,7574,[CAR],they're going to put them in out passports and they're going to come back and you can see them.,,,34.0
1973770,7574,[CHI],I don't want a passport.,1.0,,34.0
1973778,7574,[CAR],you don't?,,,34.0
1973785,7574,[CAR],you hafta have a passport for Europe.,,,34.0
1973795,7574,[CAR],do you wanna go to Europe?,,,34.0
1973809,7574,[CAR],do you wanna go to Europe?,,,34.0
1973821,7574,[CHI],I don't want a passport.,1.0,,34.0
1973833,7574,[CAR],oh you don't wanna go to Europe huh?,,,34.0
1973844,7574,[CHI],ya.,,,34.0
1973854,7574,[CHI],no.,,,34.0
1973863,7574,[CHI],I wanna put my little girl here my little girl not my bigger girl.,1.0,,34.0
1973874,7574,[CAR],where's your bigger girl?,,,34.0
1973885,7574,[CHI],she's at work.,1.0,,34.0
1973893,7574,[CAR],she went to work?,,,34.0
1973902,7574,[CAR],your big mommy girl?,,,34.0
1973913,7574,[CHI],my big mommy girl went to work.,1.0,,34.0
1973924,7574,[CAR],okay.,,,34.0
1973933,7574,[CAR],do you wanna go pee pee now?,,,34.0
1973943,7574,[CHI],yeah.,,,34.0
1973950,7574,[CAR],okay.,,,34.0
1973959,7574,[CHI],no.,,,34.0
1973967,7574,[CAR],don't take that from Marky.,,,34.0
1973977,7574,[CAR],give it back to him.,,,34.0
1973988,7574,[CHI],no.,,,34.0
1973996,7574,[CAR],that's Marky's.,,,34.0
1974006,7574,[CAR],let him have it.,,,34.0
1974016,7574,[CAR],that's a no no Ross.,,,34.0
1974028,7574,[CAR],you did a bad thing.,,,34.0
1974039,7574,[CAR],you hafta go pee pee.,,,34.0
1974049,7574,[CHI],okay okay okay.,1.0,,34.0
1974057,7574,[CHI],I want my blanket and my bottle and my pillow.,1.0,,34.0
1974071,7574,[CHI],me and Ross and Daddy are going to go to preschool.,1.0,,34.0
1974086,7574,[CHI],I broke that candle stick.,1.0,,34.0
1974097,7574,[CHI],I don't broke it in two bits I broke it in one bit.,-1.0,auxiliary,34.0
1974109,7574,[CHI],I told Mrs Mitchell I see the Great Pumpkin and Charlie Brown.,1.0,,34.0
1974118,7574,[CAR],what's that?,,,34.0
1974128,7574,[CHI],I told Mrs Mitchell the Great Pumpkin and Charlie Brown.,-1.0,preposition,34.0
1974141,7574,[CAR],you want Cherioos with milk?,,,34.0
1974150,7574,[CHI],no clean cereal.,1.0,,34.0
1974157,7574,[CAR],what do you want Ross?,,,34.0
1974164,7574,[CHI],I want something for dinner.,1.0,,34.0
1974171,7574,[CHI],Cheerios for dinner.,1.0,,34.0
1974179,7574,[CHI],don't put my pill on my Cherioos.,1.0,,34.0
1974188,7574,[CHI],you put my pill on my Cherioos.,1.0,,34.0
1974198,7574,[CHI],get out_of here you stupid bagel.,1.0,,34.0
1974205,7574,[CHI],I wanna listen to Charlie Brown.,1.0,,34.0
1974212,7574,[CAR],you wanna listen to Charlie Brown?,,,34.0
1974218,7574,[CHI],mm hm.,1.0,,34.0
1974228,7574,[CAR],no we're going to wake up and we're going to eat some breakfast.,,,34.0
1974239,7574,[CHI],no.,,,34.0
1974249,7574,[CAR],and go to preschool.,,,34.0
1974259,7574,[CHI],no.,,,34.0
1974267,7574,[CHI],are we going to see the Hulk?,1.0,,34.0
1974275,7574,[CHI],are we going to see the Hulk?,1.0,,34.0
1974283,7574,[CAR],mm hm.,,,34.0
1974291,7574,[CHI],and then the Hulk is going to be scary on your tv.,1.0,,34.0
1974300,7574,[CAR],what is Marky doing?,,,34.0
1974310,7574,[CHI],he's trying to growl.,1.0,,34.0
1974323,7574,[CAR],what's he doing?,,,34.0
1974328,7574,[CHI],he's trying to growl.,1.0,,34.0
1974335,7574,[CAR],oh yeah?,,,34.0
1974341,7574,[CHI],yeah.,,,34.0
1974348,7574,[CAR],why's he doing this?,,,34.0
1974355,7574,[CHI],because he wants to.,1.0,,34.0
1974360,7574,[CAR],he wants to.,,,34.0
1974366,7574,[CHI],yeah.,,,34.0
1974373,7574,[CAR],is he making little sounds?,,,34.0
1974376,7574,[CAR],do you wanna fight about your clothes?,,,34.0
1974383,7574,[CHI],I don't wanna fight.,1.0,,34.0
1974385,7574,[CHI],I want some more grapes.,1.0,,34.0
1974394,7574,[CHI],I hafta go pee pee and don't eat my grapes.,1.0,,34.0
1974401,7574,[CHI],falling books.,0.0,,34.0
1974409,7574,[CHI],falling books.,0.0,,34.0
1974414,7574,[CAR],Marky is a good little friend.,,,34.0
1974421,7574,[CHI],daddy you're a mean friend.,1.0,,34.0
1974429,7574,[CAR],you're a monster friend.,,,34.0
1974432,7574,[CHI],me and Ross are monster friends.,1.0,,34.0
1974441,7574,[CHI],who's the monster friend Ross?,1.0,,34.0
1974448,7574,[CHI],your a monster friend.,0.0,,34.0
1974456,7574,[CHI],we're monster friends?,1.0,,34.0
1974464,7574,[CHI],no!,,,34.0
1974472,7574,[CAR],what's wrong?,,,34.0
1974482,7574,[CAR],oh Marky's taking your train?,,,34.0
1974493,7574,[CHI],yeah.,,,34.0
1974503,7574,[CAR],is that your train?,,,34.0
1974513,7574,[CHI],yeah.,,,34.0
1974523,7574,[CAR],isn't that nice?,,,34.0
1974532,7574,[CAR],nice train.,,,34.0
1974537,7574,[CHI],yeah but Marky's messing up my train.,1.0,,34.0
1974551,7574,[CAR],he is?,,,34.0
1974562,7574,[CHI],yeah.,,,34.0
1974574,7574,[CAR],you can get in one and Marky get in the other.,,,34.0
1974593,7574,[CHI],ready Mark?,1.0,,34.0
1974603,7574,[CAR],where you going to go Ross?,,,34.0
1974612,7574,[CHI],right right through here.,1.0,,34.0
1974621,7574,[CAR],are you going to go right through there with your train?,,,34.0
1974627,7574,[CHI],yeah.,,,34.0
1974638,7574,[CHI],choo choo.,0.0,,34.0
1974643,7574,[CAR],nice that's a nice little train you got there.,,,34.0
1974648,7574,[CAR],do you wanna put more people on your train?,,,34.0
1974655,7574,[CHI],uh?,,,34.0
1974662,7574,[CAR],you could put a dog on your train.,,,34.0
1974669,7574,[CHI],okay.,,,34.0
1974674,7574,[CAR],you could put a dog back here.,,,34.0
1974679,7574,[CHI],a little doggy.,1.0,,34.0
1974683,7574,[CAR],and how about a hippo.,,,34.0
1974690,7574,[CHI],a little doggy.,0.0,,34.0
1974695,7574,[CAR],put a hippo in it.,,,34.0
1974702,7574,[CAR],mommy do you wanna see the train?,,,34.0
1974705,7574,[CHI],a little doggy.,0.0,,34.0
1974711,7574,[CAR],mommy do you wanna see the train?,,,34.0
1974715,7574,[CHI],a little one.,0.0,,34.0
1974719,7574,[CHI],I got elephants and Marky got elephants on.,-1.0,preposition,34.0
1974724,7574,[CHI],this is wet.,1.0,,34.0
1974730,7574,[CAR],I put it in the wash.,,,34.0
1974739,7574,[CHI],you put it in the wash all by yourself.,1.0,,34.0
1974744,7574,[CHI],you wait for me okay?,1.0,,34.0
1974754,7574,[CHI],go get the one that's on your bed.,1.0,,34.0
1974762,7574,[CHI],the one in my bed has milk in it.,1.0,,34.0
1974770,7574,[CHI],I saw Big_Bird at my school and the cat got blood on that.,0.0,,34.0
1974776,7574,[CHI],are you going to your home?,1.0,,34.0
1974783,7574,[CHI],but I'm to my home.,-1.0,verb,34.0
1974788,7574,[CAR],do you wanna make the pumpkin into a pumpkin pie?,,,34.0
1974795,7574,[CHI],no.,,,34.0
1974800,7574,[CHI],don't make my pumpkin into a pumpkin pie.,1.0,,34.0
1974812,7574,[CAR],why not?,,,34.0
1974819,7574,[CHI],because it'll be dark.,1.0,,34.0
1974825,7574,[CAR],why don't you want the pumpkin to be made into a pumpkin pie?,,,34.0
1974835,7574,[CAR],because you don't wanna be a pumpkin pie?,,,34.0
1974842,7574,[CHI],no that pumpkin don't wanna be a?,-1.0,"sv_agreement, object",34.0
1974849,7574,[CAR],you don't wanna eat that pumpkin?,,,34.0
1974857,7574,[CAR],you don't wanna eat it?,,,34.0
1974865,7574,[CAR],no you like it?,,,34.0
1974870,7574,[CAR],okay we won't eat it.,,,34.0
1974879,7574,[CHI],I want it to be a jack+o+lantern.,1.0,,34.0
1974886,7574,[CAR],you wanna be a jack+o+lantern?,,,34.0
1974896,7574,[CHI],no that pumpkin wanna be a little jack+o+lantern.,-1.0,sv_agreement,34.0
1976069,7562,[CAR],what goes on at preschool.,,,33.0
1976087,7562,[CHI],um um the kids get on the preschool.,-1.0,"tense_aspect, preposition",33.0
1976110,7562,[CAR],yeah.,,,33.0
1976121,7562,[CAR],do they go around the merry+go+round?,,,33.0
1976131,7562,[CHI],huh.,,,33.0
1976144,7562,[CAR],I pushed real fast and what happened?,,,33.0
1976152,7562,[CHI],the little boy fell.,1.0,,33.0
1976164,7562,[CAR],he jumped off and then what happened?,,,33.0
1976177,7562,[CHI],um he hurt hisself.,-1.0,other,33.0
1976192,7562,[CAR],what happened next?,,,33.0
1976205,7562,[CHI],the boy gonna get a band-aid.,-1.0,present_progressive,33.0
1976220,7562,[CAR],when are gramma and granpa going to come.,,,33.0
1976232,7562,[CHI],yeah.,,,33.0
1976248,7562,[CAR],when.,,,33.0
1976263,7562,[CHI],christmas.,,,33.0
1976279,7562,[CAR],what are they going to do?,,,33.0
1976295,7562,[CHI],they're gonna sing Happy Birthday.,1.0,,33.0
1976308,7562,[CAR],uhuh.,,,33.0
1976323,7562,[CAR],what's gonna be on the ground?,,,33.0
1976335,7562,[CHI],the the snow gonna be on the ground.,-1.0,auxiliary,33.0
1976351,7562,[CHI],I'm the kangaroo.,1.0,,33.0
1976369,7562,[CHI],I'm the turtle.,1.0,,33.0
1976384,7562,[CHI],I'm Dinky the doggie.,1.0,,33.0
1976398,7562,[CHI],Marky's gonna be Dinky.,1.0,,33.0
1976414,7562,[CHI],no Marky's gonna be a baby.,1.0,,33.0
1976433,7562,[CHI],Marky's gonna be a doggie.,1.0,,33.0
1976450,7562,[CAR],what's gonna happen with the man?,,,33.0
1976473,7562,[CHI],he's gonna fall down.,1.0,,33.0
1976485,7562,[CAR],he's gonna fall down.,,,33.0
1976501,7562,[CAR],how come?,,,33.0
1976511,7562,[CHI],cause.,,,33.0
1976525,7562,[CHI],the boy's gonna get the other boy.,1.0,,33.0
1976541,7562,[CAR],I told you he might fall off.,,,33.0
1976557,7562,[CHI],he fall down again.,-1.0,tense_aspect,33.0
1976573,7562,[CAR],what's gonna happen?,,,33.0
1976586,7562,[CHI],the the car the white car gonna get the tractor.,-1.0,tense_aspect,33.0
1976602,7562,[CAR],the race car's gonna get the tractor.,,,33.0
1976614,7562,[CHI],yeah I better hurry up.,1.0,,33.0
1976628,7562,[CHI],the tractor the tractor the race car's gonna fall the tractor.,-1.0,preposition,33.0
1976646,7562,[CAR],what are you gonna do?,,,33.0
1976660,7562,[CHI],he's gonna knock him over.,1.0,,33.0
1976673,7562,[CHI],no he's he's not gonna knock.,1.0,,33.0
1976684,7562,[CHI],he's gonna hold on.,1.0,,33.0
1976698,7562,[CAR],whose gonna hold on.,,,33.0
1976707,7562,[CHI],he's gonna hold on.,1.0,,33.0
1976727,7562,[CAR],which one?,,,33.0
1976734,7562,[CHI],that boy gonna hold on.,-1.0,auxiliary,33.0
1976748,7562,[CHI],I breaked the door yesterday.,-1.0,tense_aspect,33.0
1976759,7562,[CHI],this is Marky's hat.,1.0,,33.0
1976779,7562,[CHI],this is my Marky's hat.,1.0,,33.0
1976787,7562,[CHI],tadah!,,,33.0
1976799,7562,[CHI],let's talk about the Hulk.,1.0,,33.0
1976813,7562,[CAR],let's talk about the Hulk okay.,,,33.0
1976826,7562,[CAR],what happens?,,,33.0
1976837,7562,[CHI],the Hulk Doctor David Banner take his shirt off and be the be the Hulk.,-1.0,"tense_aspect, other",33.0
1976847,7562,[CAR],why is Doctor David Banner a Hulk.,,,33.0
1976857,7562,[CHI],because somebody scare him.,-1.0,tense_aspect,33.0
1976873,7562,[CHI],he's gonna shoot he's gonna be dead.,1.0,,33.0
1976886,7562,[CAR],okay.,,,33.0
1976900,7562,[CAR],now tell me about the Hulk.,,,33.0
1976916,7562,[CHI],the Hulk gonna get the man.,-1.0,auxiliary,33.0
1976929,7562,[CAR],uhhuh.,,,33.0
1976940,7562,[CHI],yeah.,,,33.0
1976953,7562,[CAR],uhhuh what is he going to?,,,33.0
1976966,7562,[CAR],is he going to put him in the air?,,,33.0
1976980,7562,[CHI],yeah.,,,33.0
1976992,7562,[CAR],what is he going to do?,,,33.0
1977003,7562,[CHI],he's going to be the Hulk.,1.0,,33.0
1977015,7562,[CAR],Ross said.,,,33.0
1977033,7562,[CHI],he gonna put up the man up on the air.,-1.0,"auxiliary, preposition",33.0
1977049,7562,[CAR],put up the man up on the air.,,,33.0
1977064,7562,[CAR],right?,,,33.0
1977074,7562,[CHI],yeah.,,,33.0
1977085,7562,[CAR],he's going to put up the man up on the air.,,,33.0
1977099,7562,[CAR],no how is he what is he going to do?,,,33.0
1977114,7562,[CHI],pick up the pick up on the air.,-1.0,"subject, tense_aspect, object",33.0
1977132,7562,[CAR],he's going to put the man up in the air.,,,33.0
1977145,7562,[CHI],yeah.,,,33.0
1977156,7562,[CAR],put him up in the air.,,,33.0
1977170,7562,[CAR],pick up the man in the air.,,,33.0
1977187,7562,[CAR],yeah but that's not right.,,,33.0
1977219,7562,[CAR],that's not right.,,,33.0
1977232,7562,[CAR],you don't say pick up the man on the air.,,,33.0
1977244,7562,[CAR],you just say he's going to pick the man up.,,,33.0
1977258,7562,[CHI],yeah.,,,33.0
1977271,7562,[CAR],and put him in the air.,,,33.0
1977283,7562,[CHI],yeah.,,,33.0
1977294,7562,[CAR],okay say that.,,,33.0
1977304,7562,[CHI],pick up pick up the air.,-1.0,"subject, tense_aspect",33.0
1977316,7562,[CAR],pick up the man.,,,33.0
1977326,7562,[CHI],yeah.,,,33.0
1977340,7562,[CAR],and put him in the air.,,,33.0
1977356,7562,[CHI],yeah.,,,33.0
1977366,7562,[CAR],you say that.,,,33.0
1977380,7562,[CHI],and the Hulk pick up him and then put him in the air.,-1.0,"tense_aspect, other",33.0
1977440,7562,[CAR],very good.,,,33.0
1977451,7562,[CHI],hhh hhh.,0.0,,33.0
1977460,7562,[CAR],fine that's good Ross.,,,33.0
1977474,7562,[CAR],you did a good job.,,,33.0
1977486,7562,[CHI],and why why why does Doctor David Banner gets mad?,-1.0,tense_aspect,33.0
1977500,7562,[CAR],oh because someone scares him.,,,33.0
1977510,7562,[CHI],why?,,,33.0
1977523,7562,[CAR],well they're mean.,,,33.0
1977533,7562,[CAR],some some bad person scares him.,,,33.0
1977546,7562,[CHI],yeah.,,,33.0
1977556,7562,[CAR],wants to do something bad.,,,33.0
1977568,7562,[CAR],somebody does something bad to Doctor David Banner.,,,33.0
1977579,7562,[CHI],why?,,,33.0
1977589,7562,[CAR],oh there are a_lot_of bad people.,,,33.0
1977601,7562,[CAR],a_lot_of.,,,33.0
1977613,7562,[CAR],not everyone is Charlie Patina.,,,33.0
1977627,7562,[CAR],what?,,,33.0
1977638,7562,[CAR],not everyone is Charlie Patina.,,,33.0
1977653,7562,[CAR],who's ever heard that?,,,33.0
1977662,7562,[CHI],hey daddy hey daddy Doctor David Banner talk too much much?,-1.0,auxiliary,33.0
1977672,7562,[CAR],Doctor David Banner talk too much?,,,33.0
1977685,7562,[CHI],yeah.,,,33.0
1977696,7562,[CAR],yeah.,,,33.0
1977709,7562,[CAR],he does?,,,33.0
1977721,7562,[CHI],yeah.,,,33.0
1977730,7562,[CAR],how come?,,,33.0
1977744,7562,[CHI],because he turn out the Hulk.,-1.0,"tense_aspect, preposition",33.0
1977755,7562,[CAR],he talks too much?,,,33.0
1977766,7562,[CAR],he talks too much.,,,33.0
1977779,7562,[CAR],he does?,,,33.0
1977800,7562,[CHI],um um and Doctor David Banner turn in the Hulk.,-1.0,tense_aspect,33.0
1977809,7562,[CAR],turn into a Hulk not turned onto a Hulk.,,,33.0
10336363,25959,[CHI],oh dear.,1.0,,28.0
10336375,25959,[CAR],what's happened?,,,28.0
10336396,25959,[CHI],my slipper.,0.0,,28.0
10336406,25959,[CAR],has it come off?,,,28.0
10336421,25959,[CAR],let mummy do it then?,,,28.0
10336431,25959,[CAR],have you done it?,,,28.0
10336437,25959,[CHI],mhm.,,,28.0
10336446,25959,[CAR],good.,,,28.0
10336456,25959,[CHI],this can't fit on.,-1.0,object,28.0
10336468,25959,[CHI],this one can't fit on.,-1.0,object,28.0
10336482,25959,[CAR],doesn't fit on?,,,28.0
10336496,25959,[CAR],that's right.,,,28.0
10336513,25959,[CAR],what about some dinner?,,,28.0
10336521,25959,[CAR],does Tiny want some dinner?,,,28.0
10336538,25959,[CHI],yes.,,,28.0
10336551,25959,[CHI],and Rosie.,1.0,,28.0
10336563,25959,[CAR],and Rosie.,,,28.0
10336577,25959,[CAR],okay.,,,28.0
10336589,25959,[CAR],well.,,,28.0
10336598,25959,[CAR],what are you going to get for dinner?,,,28.0
10336610,25959,[CHI],here you are.,1.0,,28.0
10336625,25959,[CAR],coleslaw.,,,28.0
10336632,25959,[CAR],oh.,,,28.0
10336642,25959,[CAR],yummy yummy.,,,28.0
10336655,25959,[CHI],here you are.,1.0,,28.0
10336670,25959,[CAR],there you are Tiny.,,,28.0
10336685,25959,[CAR],what about Rosie?,,,28.0
10336693,25959,[CHI],Rosie's got this one.,1.0,,28.0
10336705,25959,[CAR],she's got some bread has she?,,,28.0
10336716,25959,[CAR],what about mummy?,,,28.0
10336726,25959,[CAR],mummy hasn't got a cup of tea.,,,28.0
10336739,25959,[CAR],can mummy have a cup of tea?,,,28.0
10336753,25959,[CHI],no.,,,28.0
10336763,25959,[CHI],I put them in the fridge.,0.0,,28.0
10336777,25959,[CAR],you'll put them in the fridge?,,,28.0
10336784,25959,[CHI],yes.,,,28.0
10336794,25959,[CAR],for later?,,,28.0
10336803,25959,[CHI],yes.,,,28.0
10336813,25959,[CAR],okay.,,,28.0
10336833,25959,[CAR],okay.,,,28.0
10336845,25959,[CAR],done it?,,,28.0
10336854,25959,[CAR],good.,,,28.0
10336869,25959,[CAR],do you want me to do your shoes up tighter?,,,28.0
10336881,25959,[CAR],are they going in the fridge too?,,,28.0
10336891,25959,[CHI],yes.,,,28.0
10336903,25959,[CAR],okay.,,,28.0
10336923,25959,[CAR],can you?,,,28.0
10336934,25959,[CAR],is it all tidy?,,,28.0
10336946,25959,[CAR],oops.,,,28.0
10336959,25959,[CAR],are you alright?,,,28.0
10336973,25959,[CAR],have you put all the cups and saucers in the fridge?,,,28.0
10336986,25959,[CHI],yes.,,,28.0
10336996,25959,[CAR],do you want why don't we put them all in the box and then put the box in the fridge.,,,28.0
10337010,25959,[CAR],is that a good idea?,,,28.0
10337026,25959,[CHI],yes.,,,28.0
10337043,25959,[CAR],oh sorry.,,,28.0
10337055,25959,[CHI],they too big.,-1.0,verb,28.0
10337067,25959,[CAR],no.,,,28.0
10337081,25959,[CAR],they'll fit in the fridge.,,,28.0
10337091,25959,[CAR],there.,,,28.0
10337101,25959,[CAR],are you gonna put them in the fridge?,,,28.0
10337112,25959,[CHI],where's our Play_Doh gone?,1.0,,28.0
10337129,25959,[CAR],well.,,,28.0
10337141,25959,[CAR],we put it in the bin Lara because we need some new Play_Doh.,,,28.0
10337153,25959,[CHI],they can't fit.,1.0,,28.0
10337166,25959,[CAR],they can't fit?,,,28.0
10337178,25959,[CHI],no.,,,28.0
10337187,25959,[CAR],pardon?,,,28.0
10337197,25959,[CHI],the box can't fit.,1.0,,28.0
10337209,25959,[CAR],the box can't fit.,,,28.0
10337225,25959,[CHI],boxes can't fit.,-1.0,determiner,28.0
10337237,25959,[CAR],pardon?,,,28.0
10337247,25959,[CHI],boxes can't fit.,-1.0,determiner,28.0
10337260,25959,[CAR],why don't you go to the take the box to the fridge and then take the things out of the box and put them in the fridge.,,,28.0
10337282,25959,[CAR],no.,,,28.0
10337296,25959,[CAR],I mean in the kitchen.,,,28.0
10337332,25959,[CAR],you could do that couldn't you?,,,28.0
10337344,25959,[CAR],no?,,,28.0
10337356,25959,[CAR],if you wanted to.,,,28.0
10337369,25959,[CAR],or you could get your birthday cake out of your pan.,,,28.0
10337383,25959,[CHI],I've got birthday cake in here.,1.0,,28.0
10337402,25959,[CAR],yes.,,,28.0
10337410,25959,[CHI],night night.,1.0,,28.0
10337428,25959,[CHI],night night.,1.0,,28.0
10337438,25959,[CHI],night night.,1.0,,28.0
10337450,25959,[CAR],who's going to sleep?,,,28.0
10337462,25959,[CHI],daddy.,,,28.0
10337475,25959,[CAR],daddy?,,,28.0
10337500,25959,[CHI],night night.,1.0,,28.0
10337517,25959,[CHI],there.,,,28.0
10337529,25959,[CAR],there.,,,28.0
10337541,25959,[CAR],night night rabbit.,,,28.0
10337551,25959,[CHI],Eeyore.,,,28.0
10337562,25959,[CAR],are Eeyore and rabbit coming out?,,,28.0
10337573,25959,[CAR],what about Rosie?,,,28.0
10337586,25959,[CAR],does Rosie wanna go and have a sleep?,,,28.0
10337601,25959,[CHI],yes.,,,28.0
10337612,25959,[CAR],here you are.,,,28.0
10337620,25959,[CAR],she's flying.,,,28.0
10337627,25959,[CAR],ready steady woo!,,,28.0
10337638,25959,[CAR],oh.,,,28.0
10337648,25959,[CHI],night night.,1.0,,28.0
10337662,25959,[CAR],night night Rosie.,,,28.0
10337674,25959,[CAR],are you going to sing to her?,,,28.0
10337687,25959,[CAR],sing Rockabye_Baby.,,,28.0
10337698,25959,[CHI],alright.,,,28.0
10337708,25959,[CAR],are they alright?,,,28.0
10337717,25959,[CAR],do you want me to tighten them?,,,28.0
10337736,25959,[CAR],okay.,,,28.0
10337744,25959,[CAR],take the birthday cake out.,,,28.0
10337761,25959,[CAR],baby toys.,,,28.0
10337782,25959,[CHI],right.,,,28.0
10337793,25959,[CAR],there.,,,28.0
10337802,25959,[CAR],move it now then.,,,28.0
10337812,25959,[CHI],where's it gone?,1.0,,28.0
10337823,25959,[CAR],it's in Rosie's skirt!,,,28.0
10337833,25959,[CHI],got.,,,28.0
10337843,25959,[CAR],have you?,,,28.0
10337855,25959,[CAR],just shake Rosie about a bit and it'll come out.,,,28.0
10337867,25959,[CHI],it coming out!,-1.0,verb,28.0
10337877,25959,[CAR],good.,,,28.0
10337888,25959,[CHI],grandma's bringing a bigger one.,1.0,,28.0
10337895,25959,[CHI],grandma's bringing a bigger one.,1.0,,28.0
10337904,25959,[CAR],not a birthday cake.,,,28.0
10337913,25959,[CAR],grandma's bringing a big tambourine.,,,28.0
10337925,25959,[CAR],she's not bringing you a big birthday cake.,,,28.0
10337938,25959,[CAR],that's the birthday cake she bought.,,,28.0
10337963,25959,[CHI],night night.,1.0,,28.0
10337974,25959,[CAR],night night Rosie.,,,28.0
10337986,25959,[CAR],sleep well.,,,28.0
10337997,25959,[CHI],mummy sing Rockabye_baby.,1.0,,28.0
10338007,25959,[CAR],Lara sing Rockabye_baby.,,,28.0
10338020,25959,[CHI],no.,,,28.0
10338030,25959,[CAR],Lara first then mummy.,,,28.0
10338055,25959,[CAR],are you?,,,28.0
10338077,25959,[CAR],oh.,,,28.0
10338089,25959,[CHI],I got my slippers.,1.0,,28.0
10338100,25959,[CAR],no.,,,28.0
10338109,25959,[CAR],what did mummy tell you?,,,28.0
10338120,25959,[CAR],Lara.,,,28.0
10338132,25959,[CAR],you'll break them.,,,28.0
10338142,25959,[CHI],I won't break them.,1.0,,28.0
10338157,25959,[CAR],you will break them because the sticky'll come off.,,,28.0
10338169,25959,[CAR],leave them on.,,,28.0
10338180,25959,[CHI],no.,,,28.0
10338192,25959,[CAR],well.,,,28.0
10338202,25959,[CAR],I'm gonna take them away then.,,,28.0
10338215,25959,[CAR],if you take them off mummy's taking them away.,,,28.0
10338225,25959,[CHI],mummy take them away.,0.0,,28.0
10338237,25959,[CAR],well.,,,28.0
10338249,25959,[CAR],give them to me and I'll take them away.,,,28.0
10338256,25959,[CHI],there.,,,28.0
10338267,25959,[CAR],okay?,,,28.0
10338281,25959,[CAR],Lara's not having them again now.,,,28.0
10338302,25959,[CHI],night night.,1.0,,28.0
10338325,25959,[CHI],nice and clean.,-1.0,"subject, verb",28.0
10338336,25959,[CAR],nice nice and warm.,,,28.0
10338354,25959,[CAR],not nice and clean.,,,28.0
10338370,25959,[CAR],it's nice and warm.,,,28.0
10338392,25959,[CHI],Rosie.,,,28.0
10338403,25959,[CHI],where's Rosie's duvet gone?,1.0,,28.0
10338414,25959,[CAR],where's Rosie's duvet gone?,,,28.0
10338428,25959,[CHI],it's here.,1.0,,28.0
10338449,25959,[CAR],yes.,,,28.0
10338458,25959,[CAR],Lara's nicked it.,,,28.0
10338474,25959,[CHI],where my slippers gone?,-1.0,auxiliary,28.0
10338487,25959,[CAR],I've hidden them way up there because you're not allowed them because you were naughty.,,,28.0
10338501,25959,[CHI],yes.,,,28.0
10338514,25959,[CAR],you were weren't you?,,,28.0
10338546,25959,[CAR],bless you.,,,28.0
10338559,25959,[CAR],oh.,,,28.0
10338572,25959,[CHI],you you sitting on.,-1.0,"present_progressive, object",28.0
10338586,25959,[CHI],you sitting on.,-1.0,"present_progressive, object",28.0
10338604,25959,[CAR],I'm not sitting on anything.,,,28.0
10338620,25959,[CHI],you move.,0.0,,28.0
10338629,25959,[CHI],you move.,0.0,,28.0
10338638,25959,[CAR],I'm not sitting on anything.,,,28.0
10338654,25959,[CHI],you sitting on.,-1.0,"present_progressive, object",28.0
10338670,25959,[CAR],well.,,,28.0
10338682,25959,[CAR],I am sitting on something now because you just put it there.,,,28.0
10338702,25959,[CAR],apple.,,,28.0
10338716,25959,[CHI],where's the apple gone?,1.0,,28.0
10338732,25959,[CAR],I've got it.,,,28.0
10338747,25959,[CAR],there's one there.,,,28.0
10338757,25959,[CAR],a green one there.,,,28.0
10338771,25959,[CAR],look.,,,28.0
10338791,25959,[CAR],where I'm pointing.,,,28.0
10338804,25959,[CHI],mummy want an orange?,0.0,,28.0
10338819,25959,[CAR],yes please.,,,28.0
10338833,25959,[CHI],I got one.,1.0,,28.0
10338847,25959,[CAR],thank you.,,,28.0
10338856,25959,[CHI],here's mummy's.,1.0,,28.0
10338870,25959,[CHI],mine.,,,28.0
10338883,25959,[CAR],is that yours or is that mummy's?,,,28.0
10338908,25959,[CAR],oops sorry.,,,28.0
10338919,25959,[CAR],careful.,,,28.0
10338933,25959,[CAR],thank you.,,,28.0
10338947,25959,[CAR],ooh.,,,28.0
10338960,25959,[CHI],make a field.,0.0,,28.0
10338973,25959,[CAR],yes but.,,,28.0
10338984,25959,[CAR],yes.,,,28.0
10338996,25959,[CAR],okay.,,,28.0
10339007,25959,[CAR],make horsie field.,,,28.0
10339021,25959,[CAR],but it might slip off with that duvet on there.,,,28.0
10339058,25959,[CAR],yes.,,,28.0
10339068,25959,[CAR],I thought it would slip off.,,,28.0
10339081,25959,[CHI],mummy go on it.,1.0,,28.0
10339096,25959,[CAR],mummy can't because mummy's too?,,,28.0
10339109,25959,[CAR],mummy's too?,,,28.0
10339120,25959,[CAR],big.,,,28.0
10339130,25959,[CHI],no.,,,28.0
10339140,25959,[CAR],I am.,,,28.0
10339153,25959,[CHI],what's that funny noise?,1.0,,28.0
10339166,25959,[CAR],that's his tail going swish swish.,,,28.0
10339181,25959,[CAR],you're swishing it.,,,28.0
10339193,25959,[CHI],oh.,,,28.0
10339203,25959,[CAR],what's the matter?,,,28.0
10339221,25959,[CHI],a poorly there.,-1.0,"verb, other",28.0
10339233,25959,[CAR],oh dear.,,,28.0
10339245,25959,[CAR],kiss it better.,,,28.0
10339254,25959,[CHI],don't want kiss it better.,-1.0,"subject, tense_aspect",28.0
10339267,25959,[CAR],okay.,,,28.0
10339280,25959,[CAR],well.,,,28.0
10339292,25959,[CAR],don't.,,,28.0
10339316,25959,[CAR],there's another orange.,,,28.0
10339336,25959,[CAR],hm?,,,28.0
10339349,25959,[CAR],I can see two carrots as well.,,,28.0
10339362,25959,[CHI],can't.,,,28.0
10339374,25959,[CAR],mummy's got it now.,,,28.0
10339387,25959,[CAR],mummy's got it now.,,,28.0
10339402,25959,[CHI],no!,,,28.0
10339414,25959,[CAR],oy.,,,28.0
10339427,25959,[CHI],you got one there.,1.0,,28.0
10339439,25959,[CAR],okay.,,,28.0
10339453,25959,[CHI],mummy getting it.,-1.0,present_progressive,28.0
10339466,25959,[CAR],you can get it.,,,28.0
10339483,25959,[CAR],you're closer.,,,28.0
10339499,25959,[CAR],gently.,,,28.0
10339518,25959,[CHI],gone!,,,28.0
10339532,25959,[CAR],where?,,,28.0
10339547,25959,[CAR],orange.,,,28.0
10339558,25959,[CHI],mummy have another apple?,-1.0,sv_agreement,28.0
10339570,25959,[CHI],mummy go like this?,-1.0,sv_agreement,28.0
10339586,25959,[CHI],mum?,,,28.0
10339597,25959,[CAR],yes?,,,28.0
10339609,25959,[CAR],oh.,,,28.0
10339624,25959,[CAR],where did that go?,,,28.0
10339637,25959,[CHI],in here.,1.0,,28.0
10339653,25959,[CAR],yes.,,,28.0
10339666,25959,[CAR],it hid behind the cushion.,,,28.0
10339682,25959,[CAR],oh.,,,28.0
10339698,25959,[CAR],you banged yourself on the head with that one.,,,28.0
10339717,25959,[CHI],mummy get orange.,-1.0,"sv_agreement, determiner",28.0
10339731,25959,[CAR],you get it for me.,,,28.0
10339747,25959,[CHI],mummy go like this.,1.0,,28.0
10339761,25959,[CAR],you've just got my orange though.,,,28.0
10339789,25959,[CAR],okay.,,,28.0
10339800,25959,[CAR],oh.,,,28.0
10339811,25959,[CHI],over there.,1.0,,28.0
10339824,25959,[CAR],one over there.,,,28.0
10339838,25959,[CAR],yes.,,,28.0
10339852,25959,[CHI],right.,,,28.0
10339874,25959,[CHI],where's mummy's tea gone?,1.0,,28.0
10339893,25959,[CAR],mummy's tea?,,,28.0
10339904,25959,[CAR],drunk it.,,,28.0
10339920,25959,[CHI],little bit in there?,-1.0,"determiner, verb",28.0
10339933,25959,[CAR],yes.,,,28.0
10339945,25959,[CAR],that's cold though.,,,28.0
10339958,25959,[CAR],don't put your finger in it.,,,28.0
10339979,25959,[CAR],it's gone behind the video.,,,28.0
10339995,25959,[CAR],it's behind the video.,,,28.0
10340009,25959,[CAR],underneath underneath the telly.,,,28.0
10340022,25959,[CAR],underneath the chair.,,,28.0
10340035,25959,[CAR],there.,,,28.0
10340049,25959,[CAR],that's it.,,,28.0
10340066,25959,[CHI],here you are.,1.0,,28.0
10340082,25959,[CAR],come here.,,,28.0
10340096,25959,[CAR],let's roll these trousers up.,,,28.0
10340110,25959,[CHI],want my slippers.,-1.0,subject,28.0
10340127,25959,[CAR],no.,,,28.0
10340141,25959,[CAR],because what did mummy say?,,,28.0
10340154,25959,[CHI],jelly shoes.,0.0,,28.0
10340166,25959,[CAR],you want your jelly shoes?,,,28.0
10340181,25959,[CAR],okay.,,,28.0
10340197,25959,[CAR],hang on.,,,28.0
10340213,25959,[CHI],I want my?,-1.0,object,28.0
10340226,25959,[CAR],no.,,,28.0
10340248,25959,[CAR],okay.,,,28.0
10340261,25959,[CAR],what what's the matter?,,,28.0
10340275,25959,[CAR],no.,,,28.0
10340284,25959,[CAR],you've had your snack.,,,28.0
10340298,25959,[CAR],no.,,,28.0
10340310,25959,[CHI],want snack.,-1.0,"subject, determiner",28.0
10340339,25959,[CHI],want snack.,-1.0,"subject, determiner",28.0
10340356,25959,[CAR],don't throw it.,,,28.0
10340367,25959,[CAR],put it in the bin.,,,28.0
15444396,35040,[CAR],and have you been busy today?,,,35.0
15444412,35040,[CHI],telephone.,,,35.0
15444418,35040,[CAR],yes.,,,35.0
15444427,35040,[CAR],have you been ringing up?,,,35.0
15444442,35040,[CHI],um yes.,1.0,,35.0
15444456,35040,[CAR],have you?,,,35.0
15444473,35040,[CAR],what have you been saying?,,,35.0
15444497,35040,[CAR],who have you been ringing up?,,,35.0
15444517,35040,[CHI],um Daddy telephone.,-1.0,possessive,35.0
15444539,35040,[CAR],did you ring Daddy up?,,,35.0
15444553,35040,[CHI],mm.,,,35.0
15444585,35040,[CAR],have you?,,,35.0
15444598,35040,[CAR],hello.,,,35.0
15444610,35040,[CAR],for you.,,,35.0
15444625,35040,[CHI],hello.,,,35.0
15444638,35040,[CAR],hello Charles it's Mickey.,,,35.0
15444646,35040,[CHI],Mick.,,,35.0
15444655,35040,[CHI],hello Mickey.,1.0,,35.0
15444669,35040,[CAR],hello Charles.,,,35.0
15444691,35040,[CHI],bye bye.,1.0,,35.0
15444701,35040,[CAR],you've not talked to him.,,,35.0
15444739,35040,[CAR],have you?,,,35.0
15444754,35040,[CHI],gone.,,,35.0
15444772,35040,[CAR],you've not talked to him.,,,35.0
15444798,35040,[CHI],gone.,,,35.0
15444821,35040,[CAR],has he gone?,,,35.0
15444832,35040,[CHI],yeah.,,,35.0
15444850,35040,[CAR],he must have gone for his tea then has he?,,,35.0
15444872,35040,[CAR],has he gone for his tea?,,,35.0
15444888,35040,[CHI],Mummy up.,-1.0,verb,35.0
15444902,35040,[CAR],ring Mummy up?,,,35.0
15444924,35040,[CHI],yes.,,,35.0
15444943,35040,[CAR],alright.,,,35.0
15444960,35040,[CAR],you ring Mummy up then.,,,35.0
15444981,35040,[CHI],hello Mummy.,1.0,,35.0
15445001,35040,[CAR],say where are you?,,,35.0
15445013,35040,[CHI],Clay.,,,35.0
15445027,35040,[CAR],are you playing with Char Clay?,,,35.0
15445041,35040,[CHI],yeah.,,,35.0
15445059,35040,[CAR],say are you playing with Clay?,,,35.0
15445077,35040,[CHI],yeah.,,,35.0
15445099,35040,[CAR],is she?,,,35.0
15445130,35040,[CHI],bye bye.,1.0,,35.0
15445152,35040,[CAR],bye bye bye bye.,,,35.0
15445170,35040,[CHI],crane crane.,-1.0,determiner,35.0
15445187,35040,[CAR],oh has Clay made this?,,,35.0
15445205,35040,[CHI],yeah.,,,35.0
15445213,35040,[CAR],let's have a look at it shall we?,,,35.0
15445242,35040,[CAR],isn't that good that way?,,,35.0
15445257,35040,[CHI],uh.,,,35.0
15445289,35040,[CAR],will we put the crane on?,,,35.0
15445321,35040,[CAR],hang on.,,,35.0
15445346,35040,[CHI],gone.,,,35.0
15445378,35040,[CAR],Daddy wind this up should he?,,,35.0
15445404,35040,[CHI],blue car blue one.,-1.0,determiner,35.0
15445421,35040,[CAR],blue one?,,,35.0
15445438,35040,[CHI],mm.,,,35.0
15445461,35040,[CAR],just a minute.,,,35.0
15445482,35040,[CAR],oop!,,,35.0
15445505,35040,[CAR],oh dear!,,,35.0
15445538,35040,[CAR],what's Daddy done now?,,,35.0
15445580,35040,[CAR],think we could put that on there.,,,35.0
15445592,35040,[CHI],mm.,,,35.0
15445609,35040,[CAR],there.,,,35.0
15445655,35040,[CAR],there you are.,,,35.0
15445672,35040,[CAR],Daddy wind it up?,,,35.0
15445699,35040,[CHI],mm.,,,35.0
15445726,35040,[CAR],there we are.,,,35.0
15445785,35040,[CAR],there.,,,35.0
15445802,35040,[CHI],yellow.,,,35.0
15445821,35040,[CAR],there.,,,35.0
15445845,35040,[CHI],yellow one.,-1.0,determiner,35.0
15445862,35040,[CAR],yellow one.,,,35.0
15445875,35040,[CAR],oh no we can't have a yellow one on.,,,35.0
15445892,35040,[CHI],mm.,,,35.0
15445909,35040,[CAR],you'll break Clay's crane willn't you?,,,35.0
15445923,35040,[CAR],ay?,,,35.0
15445946,35040,[CHI],mm.,,,35.0
15445958,35040,[CAR],look there's the aeroplane.,,,35.0
15445980,35040,[CAR],aeroplane there.,,,35.0
15446030,35040,[CAR],with a man in?,,,35.0
15446076,35040,[CAR],oh come here.,,,35.0
15446097,35040,[CAR],here you are.,,,35.0
15446117,35040,[CAR],no we'd better put it back hadn't we?,,,35.0
15446151,35040,[CAR],here you are.,,,35.0
15446202,35040,[CAR],where did this one go?,,,35.0
15446224,35040,[CHI],mm this one.,0.0,,35.0
15446250,35040,[CAR],did it go on here?,,,35.0
15446277,35040,[CHI],mm.,,,35.0
15446314,35040,[CAR],did it?,,,35.0
15446333,35040,[CAR],there better leave that for Clay hadn't we?,,,35.0
15446368,35040,[CHI],mm.,,,35.0
15446413,35040,[CAR],where's the aeroplane?,,,35.0
15446424,35040,[CHI],mm.,,,35.0
15446446,35040,[CAR],here you are.,,,35.0
15446467,35040,[CAR],shall we build a tower?,,,35.0
15446489,35040,[CHI],uh uh uh uh uh yes.,1.0,,35.0
15446515,35040,[CAR],we build a tower shall we?,,,35.0
15446539,35040,[CHI],mm telephone there.,-1.0,determiner,35.0
15446568,35040,[CAR],now then.,,,35.0
15446592,35040,[CAR],yeah that's alright.,,,35.0
15446612,35040,[CAR],telephone there.,,,35.0
15446644,35040,[CAR],right now then.,,,35.0
15446657,35040,[CAR],let's build a tower.,,,35.0
15446680,35040,[CAR],blue one on first.,,,35.0
15446707,35040,[CHI],mm.,,,35.0
15446734,35040,[CAR],what's the next one on?,,,35.0
15446768,35040,[CHI],mm green one.,-1.0,determiner,35.0
15446802,35040,[CAR],is it green one on next?,,,35.0
15446825,35040,[CHI],yeah.,,,35.0
15446849,35040,[CAR],right.,,,35.0
15446875,35040,[CAR],and then what's the one after?,,,35.0
15446894,35040,[CHI],whik.,,,35.0
15446915,35040,[CAR],is it white one on?,,,35.0
15446938,35040,[CAR],oh dear!,,,35.0
15446955,35040,[CHI],there.,,,35.0
15446975,35040,[CAR],there you are Charles hang on.,,,35.0
15446996,35040,[CAR],you put white on then.,,,35.0
15447017,35040,[CAR],what's the next one?,,,35.0
15447040,35040,[CHI],um yellow.,-1.0,determiner,35.0
15447062,35040,[CAR],no.,,,35.0
15447077,35040,[CAR],is it that one?,,,35.0
15447094,35040,[CHI],yellow one.,-1.0,determiner,35.0
15447113,35040,[CAR],no other one.,,,35.0
15447133,35040,[CAR],orange on.,,,35.0
15447161,35040,[CHI],yes.,,,35.0
15447196,35040,[CAR],yeah.,,,35.0
15447211,35040,[CAR],that one on.,,,35.0
15447233,35040,[CAR],then what's the next one?,,,35.0
15447257,35040,[CHI],um green.,-1.0,determiner,35.0
15447274,35040,[CAR],no no yellow.,,,35.0
15447304,35040,[CHI],yellow.,,,35.0
15447329,35040,[CAR],yellow yes.,,,35.0
15447346,35040,[CAR],and what's the one after yellow one?,,,35.0
15447372,35040,[CHI],that one.,1.0,,35.0
15447393,35040,[CAR],is that it?,,,35.0
15447413,35040,[CAR],oh I don't think so.,,,35.0
15447428,35040,[CHI],green.,,,35.0
15447445,35040,[CAR],is it that one?,,,35.0
15447462,35040,[CAR],there you are.,,,35.0
15447503,35040,[CAR],now what's the next one?,,,35.0
15447530,35040,[CHI],mm.,,,35.0
15447546,35040,[CAR],a green one?,,,35.0
15447563,35040,[CHI],yes.,,,35.0
15447588,35040,[CAR],yes?,,,35.0
15447612,35040,[CHI],yes.,,,35.0
15447646,35040,[CAR],and then what's this?,,,35.0
15447716,35040,[CAR],no.,,,35.0
15447731,35040,[CHI],no white.,-1.0,determiner,35.0
15447746,35040,[CAR],white.,,,35.0
15447763,35040,[CAR],there.,,,35.0
15447783,35040,[CHI],there.,,,35.0
15447805,35040,[CAR],clever boy.,,,35.0
15447828,35040,[CAR],that is good isn't it ay?,,,35.0
15447854,35040,[CAR],oh!,,,35.0
15447871,35040,[CAR],now then have we any more bricks in there?,,,35.0
15447917,35040,[CAR],here you are.,,,35.0
15447942,35040,[CAR],have a look.,,,35.0
15447981,35040,[CAR],what have we got in here?,,,35.0
15448003,35040,[CAR],there you are Charles.,,,35.0
15448027,35040,[CHI],uh tractor trailer.,-1.0,determiner,35.0
15448054,35040,[CAR],yeah.,,,35.0
15448076,35040,[CAR],and what do these doing Charles?,,,35.0
15448097,35040,[CHI],yeah.,,,35.0
15448111,35040,[CAR],oh!,,,35.0
15448131,35040,[CAR],see how high we can get it shall we ay?,,,35.0
15448160,35040,[CAR],shall we see how high we can get it?,,,35.0
15448179,35040,[CHI],yeah.,,,35.0
15448201,35040,[CAR],hang on.,,,35.0
15448225,35040,[CAR],that on there.,,,35.0
15448246,35040,[CHI],yeah.,,,35.0
15448264,35040,[CAR],zzz oh!,,,35.0
15448283,35040,[CAR],another one on.,,,35.0
15448309,35040,[CAR],oh!,,,35.0
15448331,35040,[CAR],there.,,,35.0
15448344,35040,[CAR],and then that one on there.,,,35.0
15448363,35040,[CHI],yeah.,,,35.0
15448381,35040,[CAR],oh!,,,35.0
15448398,35040,[CAR],and then that one on like that.,,,35.0
15448416,35040,[CAR],oh!,,,35.0
15448444,35040,[CAR],and then another one on like that.,,,35.0
15448463,35040,[CAR],oh!,,,35.0
15448497,35040,[CAR],here you are.,,,35.0
15448525,35040,[CAR],find some more bricks ay?,,,35.0
15448545,35040,[CAR],are we going to find some more bricks here Charles?,,,35.0
15448571,35040,[CHI],more bricks.,-1.0,"subject, verb",35.0
15448591,35040,[CAR],yeah.,,,35.0
15448604,35040,[CAR],here you are then.,,,35.0
15448626,35040,[CAR],see how high we can do it ay?,,,35.0
15448645,35040,[CAR],shall we?,,,35.0
15448685,35040,[CAR],oh!,,,35.0
15448731,35040,[CAR],another one.,,,35.0
15448750,35040,[CAR],on top.,,,35.0
15448771,35040,[CAR],oh!,,,35.0
15448788,35040,[CHI],zzz.,,,35.0
15448808,35040,[CHI],again.,,,35.0
15448828,35040,[CAR],again?,,,35.0
15448853,35040,[CHI],yeah.,,,35.0
15448868,35040,[CAR],right here's some more here.,,,35.0
15448891,35040,[CAR],see how many more we can put on ay?,,,35.0
15448925,35040,[CAR],not that we can put many more on now.,,,35.0
15448942,35040,[CAR],it gonna fall over soon.,,,35.0
15448960,35040,[CAR],oh!,,,35.0
15448978,35040,[CHI],another one.,0.0,,35.0
15448994,35040,[CAR],now be careful!,,,35.0
15449009,35040,[CAR],go on you try and put the yellow one on then.,,,35.0
15449043,35040,[CAR],oh crash bang.,,,35.0
15449066,35040,[CAR],zzz.,,,35.0
15449080,35040,[CHI],oh!,,,35.0
15449090,35040,[CAR],now Daddy put that one on.,,,35.0
15449110,35040,[CAR],then we put that one on.,,,35.0
15449128,35040,[CHI],uh.,,,35.0
15449141,35040,[CAR],careful!,,,35.0
15449154,35040,[CAR],oh crash bang!,,,35.0
15449185,35040,[CAR],now put that one on there then.,,,35.0
15449200,35040,[CAR],and that one on top.,,,35.0
15449217,35040,[CHI],yeah.,,,35.0
15449233,35040,[CAR],and that one on.,,,35.0
15449248,35040,[CHI],black.,,,35.0
15449263,35040,[CAR],yes.,,,35.0
15449276,35040,[CAR],and then we put this one on.,,,35.0
15449289,35040,[CHI],black.,,,35.0
15449304,35040,[CAR],and then this one on.,,,35.0
15449313,35040,[CAR],hang on.,,,35.0
15449328,35040,[CAR],put these on.,,,35.0
15449346,35040,[CAR],oh!,,,35.0
15449359,35040,[CAR],go on then.,,,35.0
15449379,35040,[CAR],oh!,,,35.0
15449389,35040,[CAR],if we put that on.,,,35.0
15449398,35040,[CHI],yeah.,,,35.0
15449413,35040,[CHI],uh.,,,35.0
15449433,35040,[CAR],Charles put one on.,,,35.0
15449452,35040,[CAR],oh dear!,,,35.0
15449486,35040,[CAR],again?,,,35.0
15449519,35040,[CAR],oh dear got the lot down now haven't you?,,,35.0
15449549,35040,[CAR],ay?,,,35.0
15449562,35040,[CAR],shall we try and build a tower again?,,,35.0
15449575,35040,[CHI],yeah.,,,35.0
15449588,35040,[CAR],shall we tell what goes on after the blue one?,,,35.0
15449599,35040,[CAR],come on you.,,,35.0
15449608,35040,[CHI],Daddy do it.,0.0,,35.0
15449617,35040,[CAR],pardon?,,,35.0
15449629,35040,[CHI],Daddy do it.,0.0,,35.0
15449638,35040,[CAR],Charles help Daddy?,,,35.0
15449651,35040,[CHI],yes.,,,35.0
15449663,35040,[CAR],come on then.,,,35.0
15449683,35040,[CAR],Daddy hold that one.,,,35.0
15449694,35040,[CAR],which goes on top of the blue?,,,35.0
15449708,35040,[CHI],green.,,,35.0
15449720,35040,[CAR],green right.,,,35.0
15449731,35040,[CAR],what goes after the green one?,,,35.0
15449752,35040,[CAR],this one?,,,35.0
15449761,35040,[CHI],yes.,,,35.0
15449771,35040,[CAR],then after white?,,,35.0
15449783,35040,[CAR],what's after this one?,,,35.0
15449791,35040,[CAR],after white?,,,35.0
15449812,35040,[CHI],mm.,,,35.0
15449815,35040,[CAR],no no.,,,35.0
15449823,35040,[CAR],orange?,,,35.0
15449828,35040,[CHI],orange.,,,35.0
15449840,35040,[CAR],orange one?,,,35.0
15449849,35040,[CAR],no that what color's that?,,,35.0
15449854,35040,[CHI],mm yellow.,,,35.0
15449868,35040,[CAR],yellow yes.,,,35.0
15449884,35040,[CAR],where's orange?,,,35.0
15449894,35040,[CHI],there.,,,35.0
15449904,35040,[CAR],that's it.,,,35.0
15449917,35040,[CAR],now after the orange one what's the next one?,,,35.0
15449928,35040,[CHI],green.,,,35.0
15449940,35040,[CAR],no.,,,35.0
15449951,35040,[CAR],is it yellow?,,,35.0
15449959,35040,[CHI],yellow.,,,35.0
15449973,35040,[CAR],yellow is it?,,,35.0
15449980,35040,[CHI],yeah.,,,35.0
15449990,35040,[CAR],yellow one.,,,35.0
15450001,35040,[CAR],is it?,,,35.0
15450007,35040,[CHI],yellow one.,-1.0,determiner,35.0
15450013,35040,[CAR],yellow one.,,,35.0
15450020,35040,[CAR],and then what's after yellow?,,,35.0
15450038,35040,[CAR],no.,,,35.0
15450047,35040,[CHI],no.,,,35.0
15450053,35040,[CAR],is it blue?,,,35.0
15450058,35040,[CHI],uh.,,,35.0
15450065,35040,[CAR],is it the blue one?,,,35.0
15450075,35040,[CHI],green.,,,35.0
15450083,35040,[CAR],no.,,,35.0
15450090,35040,[CAR],is it yellow uh is it blue?,,,35.0
15450102,35040,[CAR],blue over there.,,,35.0
15450118,35040,[CAR],is that it?,,,35.0
15450125,35040,[CHI],yeah.,,,35.0
15450133,35040,[CAR],that's it then.,,,35.0
15450144,35040,[CAR],yeah.,,,35.0
15450151,35040,[CAR],and then what is it next?,,,35.0
15450164,35040,[CHI],green.,,,35.0
15450175,35040,[CAR],green.,,,35.0
15450184,35040,[CAR],clever boy.,,,35.0
15450210,35040,[CAR],what's next?,,,35.0
15450222,35040,[CAR],white.,,,35.0
15450232,35040,[CHI],white.,,,35.0
15450241,35040,[CAR],that's it.,,,35.0
15450249,35040,[CAR],then what's that?,,,35.0
15450259,35040,[CHI],orange.,,,35.0
15450268,35040,[CAR],is it that one then?,,,35.0
15450274,35040,[CAR],clever boy!,,,35.0
15450284,35040,[CAR],right now then.,,,35.0
15450294,35040,[CAR],will we see if we can make another tower?,,,35.0
15450309,35040,[CHI],mm yes.,,,35.0
15450319,35040,[CAR],Daddy put that one on then.,,,35.0
15450329,35040,[CHI],yeah.,,,35.0
15450336,35040,[CAR],right.,,,35.0
15450345,35040,[CAR],and then we put that on.,,,35.0
15450355,35040,[CHI],mm.,,,35.0
15450361,35040,[CAR],then that one on.,,,35.0
15450373,35040,[CHI],mm.,,,35.0
15450380,35040,[CAR],ay?,,,35.0
15450388,35040,[CAR],then that one on.,,,35.0
15450396,35040,[CHI],mm.,,,35.0
15450404,35040,[CAR],and then that one.,,,35.0
15450413,35040,[CHI],yeah.,,,35.0
15450421,35040,[CAR],and that one.,,,35.0
15450427,35040,[CHI],yeah.,,,35.0
15450433,35040,[CAR],oh!,,,35.0
15450445,35040,[CAR],and then if we put that one on.,,,35.0
15450453,35040,[CAR],oh!,,,35.0
15450499,35040,[CAR],and then that one on.,,,35.0
15450504,35040,[CHI],mm.,,,35.0
15450513,35040,[CAR],boo!,,,35.0
15450523,35040,[CAR],and then this one on.,,,35.0
15450530,35040,[CAR],oh!,,,35.0
2759457,10600,[CAR],oh!,,,24.0
2759461,10600,[CAR],tools?,,,24.0
2759475,10600,[CAR],see a bolt?,,,24.0
2759493,10600,[CHI],oh ah!,1.0,,24.0
2759507,10600,[CAR],okay okay I'll take it off!,,,24.0
2759539,10600,[CAR],some cooking things?,,,24.0
2759546,10600,[CAR],we have a doctor.,,,24.0
2759553,10600,[CAR],oh not in your mouth.,,,24.0
2759560,10600,[CAR],no no.,,,24.0
2759567,10600,[CAR],no no okay?,,,24.0
2759573,10600,[CAR],we have lots of animals!,,,24.0
2759580,10600,[CAR],oh this is from like word world ay?,,,24.0
2759588,10600,[CAR],look.,,,24.0
2759593,10600,[CAR],sheep bah.,,,24.0
2759599,10600,[CAR],look.,,,24.0
2759607,10600,[CHI],eheh oh.,1.0,,24.0
2759614,10600,[CAR],she says bah.,,,24.0
2759621,10600,[CAR],I hope to get it in the right order.,,,24.0
2759628,10600,[CAR],sheep!,,,24.0
2759634,10600,[CHI],oh!,,,24.0
2759641,10600,[CAR],can you say open please?,,,24.0
2759647,10600,[CHI],open please.,1.0,,24.0
2759658,10600,[CAR],woah.,,,24.0
2759664,10600,[CAR],what're ya gonna make?,,,24.0
2759671,10600,[CAR],no we're not gonna just throw the pieces on the floor.,,,24.0
2759679,10600,[CAR],we're not just gonna throw the pieces around.,,,24.0
2759685,10600,[CAR],let's pick the pieces all up and then put them on!,,,24.0
2759691,10600,[CAR],okay?,,,24.0
2759699,10600,[CAR],you wanna put the barn on?,,,24.0
2759707,10600,[CHI],barn.,,,24.0
2759713,10600,[CAR],barn.,,,24.0
2759720,10600,[CAR],that's where the animals sleep usually.,,,24.0
2759726,10600,[CAR],hm?,,,24.0
2759733,10600,[CAR],what's this?,,,24.0
2759741,10600,[CAR],Lucas look.,,,24.0
2759752,10600,[CAR],what's this?,,,24.0
2759760,10600,[CAR],no you don't take it apart.,,,24.0
2759768,10600,[CAR],just.,,,24.0
2759778,10600,[CAR],just like this.,,,24.0
2759787,10600,[CAR],okay?,,,24.0
2759795,10600,[CAR],can you see the turtle?,,,24.0
2759803,10600,[CAR],pss.,,,24.0
2759812,10600,[CAR],turtle?,,,24.0
2759820,10600,[CAR],alright you just wanna jump into the.,,,24.0
2759832,10600,[CAR],hm?,,,24.0
2759839,10600,[CAR],lookit Lucas.,,,24.0
2759848,10600,[CAR],look at the si.,,,24.0
2759867,10600,[CAR],you just wanna jump now.,,,24.0
2759876,10600,[CAR],hm?,,,24.0
2759889,10600,[CAR],I know?,,,24.0
2759896,10600,[CAR],but nanny.,,,24.0
2759910,10600,[CAR],yeah nanny has lots of stuff.,,,24.0
2759917,10600,[CAR],what do you wanna play with?,,,24.0
2759929,10600,[CHI],nanny stuff.,-1.0,possessive,24.0
2759935,10600,[CHI],nanny stuff.,-1.0,possessive,24.0
2759943,10600,[CAR],is it a is it nanny's purse?,,,24.0
2759952,10600,[CHI],nanny's purse.,1.0,,24.0
2759962,10600,[CAR],could be nanny's purse.,,,24.0
2759970,10600,[CAR],w what do you wanna play with?,,,24.0
2759977,10600,[CHI],nanny's bear.,1.0,,24.0
2759985,10600,[CAR],let's see who's bear.,,,24.0
2759990,10600,[CAR],that's not a bear it's a beaver.,,,24.0
2760002,10600,[CAR],chchchch.,,,24.0
2760009,10600,[CHI],mine!,,,24.0
2760014,10600,[CAR],okay it could be yours.,,,24.0
2760021,10600,[CAR],we can play with that too.,,,24.0
2760027,10600,[CAR],okay?,,,24.0
2760033,10600,[CAR],you don't wanna play with the puzzle?,,,24.0
2760050,10600,[CAR],can you show me that some of the other animals there?,,,24.0
2760056,10600,[CHI],no.,,,24.0
2760063,10600,[CAR],no?,,,24.0
2760069,10600,[CAR],what's this?,,,24.0
2760081,10600,[CAR],oink!,,,24.0
2760093,10600,[CAR],is the piggy gonna get you?,,,24.0
2760101,10600,[CAR],oink.,,,24.0
2760110,10600,[CHI],hey!,,,24.0
2760123,10600,[CAR],can you do it to me?,,,24.0
2760130,10600,[CAR],ah ha ha ha ha.,,,24.0
2760138,10600,[CAR],oink.,,,24.0
2760145,10600,[CAR],ooh beaver iyiyiyiyiy.,,,24.0
2760150,10600,[CAR],goat?,,,24.0
2760157,10600,[CAR],bah.,,,24.0
2760164,10600,[CAR],can you say mah?,,,24.0
2760170,10600,[CAR],you're sitting on the?,,,24.0
2760177,10600,[CAR],you're sitting on the?,,,24.0
2760183,10600,[CAR],leopard I think that is.,,,24.0
2760190,10600,[CAR],hm?,,,24.0
2760212,10600,[CAR],you gonna get me?,,,24.0
2760217,10600,[CAR],owie owie!,,,24.0
2760224,10600,[CAR],let's see what else we can play with.,,,24.0
2760229,10600,[CAR],will you make me some breakfast?,,,24.0
2760235,10600,[CAR],let's make some breakfast.,,,24.0
2760240,10600,[CAR],we have some muffin pans?,,,24.0
2760247,10600,[CAR],hm?,,,24.0
2760252,10600,[CAR],what's that?,,,24.0
2760259,10600,[CHI],ow.,,,24.0
2760266,10600,[CAR],ah.,,,24.0
2760272,10600,[CAR],kind of.,,,24.0
2760277,10600,[CAR],here's a cup!,,,24.0
2760283,10600,[CHI],ah!,,,24.0
2760296,10600,[CHI],ah!,,,24.0
2760301,10600,[CAR],am I gonna drink something from here?,,,24.0
2760308,10600,[CAR],could I have some coffee in that cup?,,,24.0
2760315,10600,[CAR],not.,,,24.0
2760322,10600,[CAR],no?,,,24.0
2760326,10600,[CAR],yum yum yum!,,,24.0
2760332,10600,[CAR],fruit?,,,24.0
2760338,10600,[CHI],fruit?,,,24.0
2760345,10600,[CAR],hey let's stir something up!,,,24.0
2760362,10600,[CAR],wanna stir?,,,24.0
2760368,10600,[CHI],I?,,,24.0
2760376,10600,[CAR],you can stir?,,,24.0
2760382,10600,[CAR],oh green beans.,,,24.0
2760389,10600,[CAR],yum.,,,24.0
2760395,10600,[CAR],and peas yum yum.,,,24.0
2760401,10600,[CHI],num um.,0.0,,24.0
2760406,10600,[CAR],mashed pot.,,,24.0
2760413,10600,[CHI],num um!,0.0,,24.0
2760420,10600,[CAR],good job pretending.,,,24.0
2760427,10600,[CAR],you didn't actually put that in your mouth.,,,24.0
2760433,10600,[CAR],good job!,,,24.0
2760440,10600,[CAR],red beets!,,,24.0
2760448,10600,[CHI],beets.,,,24.0
2760454,10600,[CAR],yeah?,,,24.0
2760459,10600,[CAR],my favorite.,,,24.0
2760473,10600,[CAR],what else are you gonna make me?,,,24.0
2760478,10600,[CAR],this looks like a delicious omelette.,,,24.0
2760486,10600,[CAR],yum yum yum!,,,24.0
2760492,10600,[CAR],more peas?,,,24.0
2760500,10600,[CAR],look!,,,24.0
2760506,10600,[CAR],we get two spoons.,,,24.0
2760514,10600,[CAR],what's this one?,,,24.0
2760522,10600,[CAR],ah.,,,24.0
2760536,10600,[CAR],stir it up stir it up!,,,24.0
2760543,10600,[CAR],wanna add some salt?,,,24.0
2760548,10600,[CHI],add salt!,0.0,,24.0
2760554,10600,[CAR],mhm there ya go!,,,24.0
2760560,10600,[CAR],it doesn't really open it's just pretend okay?,,,24.0
2760568,10600,[CHI],just pretend.,0.0,,24.0
2760574,10600,[CAR],I know.,,,24.0
2760580,10600,[CHI],just pretend.,0.0,,24.0
2760587,10600,[CAR],cupcakes for our?,,,24.0
2760593,10600,[CAR],our muffin pan!,,,24.0
2760602,10600,[CAR],that looks yummy.,,,24.0
2760608,10600,[CAR],cookie?,,,24.0
2760614,10600,[CHI],yum?,,,24.0
2760621,10600,[CAR],potatoes?,,,24.0
2760629,10600,[CHI],potatoes.,,,24.0
2760637,10600,[CAR],potatoes.,,,24.0
2760643,10600,[CAR],mhm.,,,24.0
2760649,10600,[CHI],potatoes.,,,24.0
2760655,10600,[CAR],mhm!,,,24.0
2760660,10600,[CHI],toast?,,,24.0
2760667,10600,[CAR],toast.,,,24.0
2760673,10600,[CHI],bread.,,,24.0
2760682,10600,[CAR],mhm.,,,24.0
2760687,10600,[CAR],toast.,,,24.0
2760692,10600,[CAR],burger.,,,24.0
2760699,10600,[CHI],burger.,,,24.0
2760706,10600,[CAR],donut.,,,24.0
2760713,10600,[CHI],donut!,,,24.0
2760719,10600,[CHI],a nanny donut.,0.0,,24.0
2760734,10600,[CAR],you need donuts too.,,,24.0
2760743,10600,[CHI],a nanny donut!,0.0,,24.0
2760750,10600,[CAR],yes.,,,24.0
2760757,10600,[CAR],ooh because it's pink.,,,24.0
2760762,10600,[CHI],nanny a donut!,0.0,,24.0
2760770,10600,[CAR],that's a pizza.,,,24.0
2760776,10600,[CHI],that's pizza.,1.0,,24.0
2760786,10600,[CAR],uh huh there's a pizza cutter.,,,24.0
2760807,10600,[CAR],pizza cutter?,,,24.0
2760825,10600,[CAR],no don't use that.,,,24.0
2760831,10600,[CAR],what's that?,,,24.0
2760839,10600,[CHI],that.,,,24.0
2760846,10600,[CAR],is it a cookie?,,,24.0
2760852,10600,[CHI],cookie?,,,24.0
2760858,10600,[CAR],ooh what do we put in here?,,,24.0
2760885,10600,[CAR],is it a hot dog bun?,,,24.0
2760894,10600,[CHI],hot dog.,-1.0,determiner,24.0
2760901,10600,[CAR],hot dog.,,,24.0
2760907,10600,[CAR],it kinds looks like a hot dog but it's not.,,,24.0
2760914,10600,[CHI],hot dog?,-1.0,determiner,24.0
2760920,10600,[CAR],yup we'd put a hot dog in there if we had it.,,,24.0
2760926,10600,[CAR],hm?,,,24.0
2760931,10600,[CAR],okay what else are you gonna make me?,,,24.0
2760939,10600,[CHI],um.,,,24.0
2760950,10600,[CAR],green beans?,,,24.0
2760960,10600,[CAR],can you make me some corn?,,,24.0
2760967,10600,[CAR],it doesn't come apart.,,,24.0
2760973,10600,[CAR],it's not meant to come apart.,,,24.0
2760979,10600,[CAR],see?,,,24.0
2760984,10600,[CAR],can you say omelette?,,,24.0
2760990,10600,[CAR],that's a big spoon.,,,24.0
2760997,10600,[CAR],that's a big mouthful ah ah ah ah ah.,,,24.0
2761003,10600,[CAR],mhm.,,,24.0
2761007,10600,[CAR],your tastes like mine.,,,24.0
2761013,10600,[CAR],okay what else do we have?,,,24.0
2761017,10600,[CHI],ah!,,,24.0
2761022,10600,[CHI],um um.,0.0,,24.0
2761026,10600,[CAR],hon it doesn't really come off.,,,24.0
2761032,10600,[CAR],okay?,,,24.0
2761037,10600,[CAR],it's not really meant to do that.,,,24.0
2761041,10600,[CAR],look there's a pear!,,,24.0
2761046,10600,[CAR],to the farmer's market.,,,24.0
2761051,10600,[CAR],start shopping there!,,,24.0
2761056,10600,[CAR],hey cheese?,,,24.0
2761060,10600,[CAR],cheese?,,,24.0
2761064,10600,[CAR],she just went down the hall she'll be back!,,,24.0
2761068,10600,[CAR],okay?,,,24.0
2761069,10600,[CAR],it's red again.,,,24.0
2761073,10600,[CAR],hm?,,,24.0
2761083,10600,[CAR],wan empty them again?,,,24.0
2761088,10600,[CAR],hey look.,,,24.0
2761096,10600,[CAR],here's a stove!,,,24.0
2761102,10600,[CAR],like our kitchen like the kitchen in the basement?,,,24.0
2761111,10600,[CAR],these knobs you can turn!,,,24.0
2761119,10600,[CAR],ooh look!,,,24.0
2761125,10600,[CAR],the burner's hot!,,,24.0
2761131,10600,[CAR],ooh now it's cool.,,,24.0
2761137,10600,[CAR],hot!,,,24.0
2761147,10600,[CAR],don't touch it it's hot!,,,24.0
2761153,10600,[CAR],cool.,,,24.0
2761157,10600,[CAR],hot!,,,24.0
2761162,10600,[CHI],it's too hot!,1.0,,24.0
2761169,10600,[CAR],too hot!,,,24.0
2761175,10600,[CHI],too hot.,1.0,,24.0
2761181,10600,[CAR],too hot.,,,24.0
2761186,10600,[CAR],can you say don't touch?,,,24.0
2761191,10600,[CAR],no not that.,,,24.0
2761196,10600,[CAR],you hafta turn these knobs.,,,24.0
2761201,10600,[CAR],for the red to come up.,,,24.0
2761206,10600,[CAR],red.,,,24.0
2761212,10600,[CAR],hot.,,,24.0
2761217,10600,[CHI],ah!,,,24.0
2761228,10600,[CHI],hot!,,,24.0
2761233,10600,[CAR],say don't touch!,,,24.0
2761238,10600,[CAR],hot!,,,24.0
2761243,10600,[CAR],just keep turning.,,,24.0
2761249,10600,[CAR],turn a knob.,,,24.0
2761254,10600,[CHI],too hot.,-1.0,"subject, verb",24.0
2761259,10600,[CAR],too hot?,,,24.0
2761265,10600,[CHI],eat mommy.,0.0,,24.0
2761270,10600,[CAR],what?,,,24.0
2761274,10600,[CHI],eat mommy.,0.0,,24.0
2761279,10600,[CAR],eat me?,,,24.0
2761284,10600,[CAR],you hafta make me something!,,,24.0
2761290,10600,[CAR],tell me what you're gonna make me!,,,24.0
2761296,10600,[CHI],um!,,,24.0
2761301,10600,[CAR],you make me some chicken?,,,24.0
2761307,10600,[CAR],did you make me a cupcake?,,,24.0
2761311,10600,[CHI],cup cake.,-1.0,determiner,24.0
2761313,10600,[CAR],yeah we're gonna make some cupcakes.,,,24.0
2761316,10600,[CAR],hm?,,,24.0
2761320,10600,[CAR],mm you're a good cook!,,,24.0
2761326,10600,[CAR],what else are you gonna do?,,,24.0
2761331,10600,[CAR],are you cooking?,,,24.0
2761336,10600,[CHI],ya.,,,24.0
2761342,10600,[CAR],ya.,,,24.0
2761346,10600,[CAR],are you playing?,,,24.0
2761351,10600,[CAR],hm?,,,24.0
2761355,10600,[CAR],ooh you like spinning that around.,,,24.0
2761361,10600,[CAR],what else do we have?,,,24.0
2761366,10600,[CAR],can you show me some animals?,,,24.0
2761371,10600,[CAR],look at this.,,,24.0
2761378,10600,[CAR],a whale.,,,24.0
2761388,10600,[CAR],boo boo.,,,24.0
2761392,10600,[CAR],boop.,,,24.0
2761402,10600,[CHI],that's too!,-1.0,object,24.0
2761408,10600,[CAR],what?,,,24.0
2761412,10600,[CHI],too hot.,-1.0,"subject, verb",24.0
2761416,10600,[CAR],too hot?,,,24.0
2761420,10600,[CAR],then don't touch when it's hot right?,,,24.0
2761425,10600,[CAR],hm?,,,24.0
2761428,10600,[CAR],watch this.,,,24.0
2761433,10600,[CAR],bak.,,,24.0
2761437,10600,[CAR],bak bak bak.,,,24.0
2761442,10600,[CHI],that's too hot.,1.0,,24.0
2761447,10600,[CAR],too hot?,,,24.0
2761450,10600,[CAR],ooh that's too hot.,,,24.0
2761454,10600,[CAR],okay we'll turn it down now.,,,24.0
2761458,10600,[CAR],so now we can touch see?,,,24.0
2761462,10600,[CAR],who's that?,,,24.0
2761469,10600,[CAR],uhoh!,,,24.0
2761472,10600,[CAR],uhoh you dropped him!,,,24.0
2761479,10600,[CAR],do do do.,,,24.0
2761487,10600,[CAR],huh?,,,24.0
2761493,10600,[CAR],alright don't touch when it's hot right?,,,24.0
2761500,10600,[CAR],we know that?,,,24.0
2761503,10600,[CAR],what else are we gonna eat here?,,,24.0
2761506,10600,[CAR],oop.,,,24.0
2761509,10600,[CAR],okay.,,,24.0
2761517,10600,[CAR],look at the juice in here!,,,24.0
2761520,10600,[CAR],that looks like real juice!,,,24.0
2761524,10600,[CAR],doesn't it?,,,24.0
2761526,10600,[CAR],for me?,,,24.0
2761530,10600,[CAR],mm.,,,24.0
2761536,10600,[CAR],you want it open I know.,,,24.0
2761540,10600,[CAR],but put it back in!,,,24.0
2761544,10600,[CAR],ta da!,,,24.0
2761547,10600,[CHI],da!,,,24.0
2761550,10600,[CHI],ta da!,,,24.0
511123,4058,[CAR],let's go.,,,32.0
511154,4058,[CAR],hey.,,,32.0
511170,4058,[CAR],pss pss.,,,32.0
511199,4058,[CAR],do you wanna see what's there?,,,32.0
511211,4058,[CHI],yeah.,,,32.0
511241,4058,[CAR],what do you think?,,,32.0
511274,4058,[CAR],pretty nice little boy huh?,,,32.0
511293,4058,[CAR],alright.,,,32.0
511313,4058,[CAR],look at this.,,,32.0
511331,4058,[CAR],they've got some m more toys for us to play with.,,,32.0
511351,4058,[CAR],you wanna play with them?,,,32.0
511367,4058,[CHI],yeah.,,,32.0
511383,4058,[CAR],okay.,,,32.0
511462,4058,[CAR],okay let's sit down over here.,,,32.0
511480,4058,[CAR],let's see what it is.,,,32.0
511511,4058,[CAR],you wanna unwrap it?,,,32.0
511549,4058,[CAR],what is it?,,,32.0
511563,4058,[CHI],a book.,1.0,,32.0
511579,4058,[CAR],alright!,,,32.0
511597,4058,[CHI],where's my book?,1.0,,32.0
511610,4058,[CHI],where's my other book?,1.0,,32.0
511622,4058,[CAR],at home?,,,32.0
511644,4058,[CAR],are you going to read it to me?,,,32.0
511669,4058,[CHI],yeah.,,,32.0
511698,4058,[CHI],I can read it to you.,1.0,,32.0
511718,4058,[CAR],alright.,,,32.0
511735,4058,[CAR],come read it to me.,,,32.0
511755,4058,[CHI],you read it.,0.0,,32.0
511784,4058,[CHI],you read it.,0.0,,32.0
511819,4058,[CAR],what's what what can you recognize in this picture?,,,32.0
511859,4058,[CAR],what's that?,,,32.0
511874,4058,[CHI],two bunnys.,1.0,,32.0
511903,4058,[CAR],yeah.,,,32.0
511938,4058,[CAR],I think this is the daddy bunny.,,,32.0
511962,4058,[CAR],he's got the tie on.,,,32.0
511981,4058,[CAR],and this must be the child bunny.,,,32.0
512008,4058,[CAR],what kind of this is a couch and a lamp.,,,32.0
512031,4058,[CAR],this one says door and house.,,,32.0
512050,4058,[CAR],and this says sun.,,,32.0
512083,4058,[CAR],I'm a little bunny.,,,32.0
512105,4058,[CAR],my name is Frannie.,,,32.0
512123,4058,[CAR],so what do you what do you see in this picture that you know?,,,32.0
512147,4058,[CAR],what does Frannie have?,,,32.0
512170,4058,[CHI],I don't know.,1.0,,32.0
512190,4058,[CAR],you don't know.,,,32.0
512228,4058,[CAR],what's the what's he?,,,32.0
512248,4058,[CAR],little hand.,,,32.0
512266,4058,[CAR],look at his slippers with the bunny on top.,,,32.0
512287,4058,[CAR],hi Matt.,,,32.0
512311,4058,[CAR],a toy and a bathrobe and a rug.,,,32.0
512347,4058,[CAR],this is his room.,,,32.0
512359,4058,[CAR],locks and a bed and a bug and a blanket.,,,32.0
512373,4058,[CAR],and a window.,,,32.0
512389,4058,[CAR],and a sun and a curtain.,,,32.0
512409,4058,[CAR],I brush my teeth when I get up.,,,32.0
512426,4058,[CAR],look at him brushing his teeth.,,,32.0
512440,4058,[CAR],toothpaste.,,,32.0
512466,4058,[CAR],what do you see in this picture?,,,32.0
512489,4058,[CHI],he he has a sad face.,1.0,,32.0
512508,4058,[CAR],yeah.,,,32.0
512523,4058,[CAR],you think he's sad.,,,32.0
512543,4058,[CAR],why do you think he feels so sad?,,,32.0
512567,4058,[CHI],because his father left.,1.0,,32.0
512587,4058,[CAR],yeah.,,,32.0
512607,4058,[CAR],without kissing him goodbye this morning?,,,32.0
512634,4058,[CHI],yeah.,,,32.0
512654,4058,[CAR],guess what?,,,32.0
512669,4058,[CHI],what?,,,32.0
512688,4058,[CAR],when daddy went to work this morning?,,,32.0
512704,4058,[CHI],what?,,,32.0
512723,4058,[CAR],and um you were still sleeping in your bed?,,,32.0
512742,4058,[CHI],yeah.,,,32.0
512759,4058,[CAR],you know what your daddy did?,,,32.0
512771,4058,[CHI],what?,,,32.0
512793,4058,[CAR],he went up to your bed and he peeked in and while you were sleeping he kissed you like this.,,,32.0
512838,4058,[CAR],and he came back down and he said to me he said Mommy he says Andy's still sleeping he said but I'll make sure to tell him that I gave him a kiss this morning.,,,32.0
512905,4058,[CHI],a toothbrush.,0.0,,32.0
512928,4058,[CAR],you think it's a toothbrush?,,,32.0
512950,4058,[CHI],yeah.,,,32.0
512967,4058,[CHI],it is a toothbrush.,1.0,,32.0
512985,4058,[CAR],it is a toothbrush.,,,32.0
513007,4058,[CAR],and there's some soap?,,,32.0
513031,4058,[CHI],yeah.,,,32.0
513044,4058,[CAR],and a glass.,,,32.0
513063,4058,[CAR],and a comb.,,,32.0
513092,4058,[CAR],and there's the bug.,,,32.0
513111,4058,[CAR],can you find the bug in this picture?,,,32.0
513145,4058,[CAR],where's the the bug is hiding in that other picture.,,,32.0
513184,4058,[CAR],hi!,,,32.0
513198,4058,[CHI],see?,,,32.0
513218,4058,[CAR],hi.,,,32.0
513231,4058,[CAR],here's the here's the bug in this picture.,,,32.0
513251,4058,[CAR],see if you can find the bug in this picture.,,,32.0
513268,4058,[CAR],do you see where he is?,,,32.0
513283,4058,[CHI],yep.,,,32.0
513292,4058,[CAR],where is he?,,,32.0
513324,4058,[CAR],haha.,,,32.0
513340,4058,[CAR],he was hiding behind the sink.,,,32.0
513362,4058,[CAR],let's turn the page and see if the bug's in this picture too.,,,32.0
513381,4058,[CAR],can you find him in this picture?,,,32.0
513413,4058,[CAR],ah there he is.,,,32.0
513433,4058,[CAR],he's hiding in the sock.,,,32.0
513450,4058,[CAR],what do you see in this picture that you know?,,,32.0
513485,4058,[CAR],there's the bunny.,,,32.0
513503,4058,[CAR],yeah.,,,32.0
513518,4058,[CAR],and what kind of clothes are these?,,,32.0
513551,4058,[CAR],there's a sweater.,,,32.0
513566,4058,[CAR],what's this?,,,32.0
513585,4058,[CHI],I don't know.,1.0,,32.0
513599,4058,[CAR],no you don't know?,,,32.0
513614,4058,[CAR],how about.,,,32.0
513639,4058,[CHI],pants.,,,32.0
513647,4058,[CAR],I would say that's pants.,,,32.0
513665,4058,[CAR],a jacket.,,,32.0
513681,4058,[CAR],and a hat.,,,32.0
513697,4058,[CAR],and some shoes.,,,32.0
513716,4058,[CHI],and and some?,-1.0,object,32.0
513741,4058,[CHI],is this a raincoat?,1.0,,32.0
513754,4058,[CAR],looks like a raincoat to me.,,,32.0
513767,4058,[CAR],looks like a raincoat to me.,,,32.0
513784,4058,[CHI],can you go in the snow with this?,1.0,,32.0
513806,4058,[CAR],yeah you can go in the snow.,,,32.0
513819,4058,[CAR],or you can go in the rain.,,,32.0
513845,4058,[CAR],what do you think?,,,32.0
513854,4058,[CHI],I wanna go in the snow with this today.,1.0,,32.0
513871,4058,[CAR],yeah.,,,32.0
513884,4058,[CAR],well as_soon_as the snow comes.,,,32.0
513898,4058,[CAR],but it's been really hot out so I don't think there's gonna be any snow today.,,,32.0
513915,4058,[CAR],in the summertime though you don't go in the snow.,,,32.0
513937,4058,[CAR],but you can go swimming in a pool.,,,32.0
513954,4058,[CHI],no in my pool.,0.0,,32.0
513973,4058,[CAR],alright.,,,32.0
513985,4058,[CAR],we can do that when we go home.,,,32.0
514000,4058,[CHI],no!,,,32.0
514014,4058,[CHI],no!,,,32.0
514028,4058,[CAR],what?,,,32.0
514038,4058,[CHI],I wanna I wanna I wanna go to Jared's.,1.0,,32.0
514069,4058,[CAR],yeah well we'll go get Jamie and then we'll go in Jared's pool.,,,32.0
514090,4058,[CAR],I wanna.,,,32.0
514118,4058,[CAR],you wanna see the rest of those pictures in that book?,,,32.0
514139,4058,[CHI],I wanna bring it to Jared's.,1.0,,32.0
514153,4058,[CAR],I don't think that we could borrow it.,,,32.0
514183,4058,[CHI],I wanna borrow it.,1.0,,32.0
514202,4058,[CAR],oh you can ask Miss Gibbons.,,,32.0
514232,4058,[CAR],alright.,,,32.0
514248,4058,[CAR],I wanna see what else is in this last couple of pages.,,,32.0
514262,4058,[CAR],I'm so curious to see.,,,32.0
514294,4058,[CAR],ah!,,,32.0
514305,4058,[CAR],wanna see the last pages?,,,32.0
514327,4058,[CHI],yeah.,,,32.0
514345,4058,[CAR],mommy makes breakfast.,,,32.0
514382,4058,[CAR],see the cup and the saucer.,,,32.0
514409,4058,[CAR],and the fork and the knife.,,,32.0
514440,4058,[CAR],know what this is on the plate?,,,32.0
514469,4058,[CHI],what?,,,32.0
514486,4058,[CAR],know what kind of food that is?,,,32.0
514500,4058,[CHI],what?,,,32.0
514513,4058,[CAR],do you know what that is?,,,32.0
514536,4058,[CHI],I don't know.,1.0,,32.0
514554,4058,[CAR],it's an egg.,,,32.0
514574,4058,[CAR],who eats eggs in our house?,,,32.0
514745,4058,[CHI],uh does Prissy does?,1.0,,32.0
515122,4058,[CAR],Prissy does.,,,32.0
515142,4058,[CHI],does y do I do?,-1.0,object,32.0
515157,4058,[CAR],I don't think I've ever seen you eat an egg cooked like this.,,,32.0
515180,4058,[CAR],daddy eats them like that though.,,,32.0
515200,4058,[CHI],and I do too.,1.0,,32.0
515221,4058,[CAR],and there's an egg beater and milk and butter and a tablecloth.,,,32.0
515253,4058,[CAR],Matty.,,,32.0
515283,4058,[CAR],okay.,,,32.0
515312,4058,[CAR],oh look at the kids!,,,32.0
515327,4058,[CAR],they're look like they're having a ball.,,,32.0
515346,4058,[CAR],what are they doing in this picture?,,,32.0
515360,4058,[CHI],I don't know.,1.0,,32.0
515377,4058,[CAR],he's digging with his pail and his shovel.,,,32.0
515397,4058,[CAR],and these folks are digging digging they're playing on the see_saw_marjorie_daw.,,,32.0
515417,4058,[CAR],ah and what's this over here?,,,32.0
515437,4058,[CHI],I don't know.,1.0,,32.0
515453,4058,[CAR],you don't know.,,,32.0
515480,4058,[CHI],a wagon.,0.0,,32.0
515498,4058,[CAR],a wagon.,,,32.0
515653,4058,[CAR],who has a wagon like that?,,,32.0
515668,4058,[CHI],us.,,,32.0
515705,4058,[CAR],yeah we do.,,,32.0
515720,4058,[CAR],oh and there's some flowers.,,,32.0
515741,4058,[CAR],and what's happening in this picture?,,,32.0
515763,4058,[CHI],I don't know.,1.0,,32.0
515782,4058,[CAR],I don't know.,,,32.0
515800,4058,[CAR],are they brushing their teeth?,,,32.0
515825,4058,[CHI],look_it.,-1.0,preposition,32.0
515844,4058,[CHI],they're each in the bed.,1.0,,32.0
515866,4058,[CAR],in their beds.,,,32.0
515896,4058,[CAR],who's reading their bedtime story?,,,32.0
515936,4058,[CAR],you think that's the mommy bunny or the daddy bunny?,,,32.0
515956,4058,[CHI],the daddy bunny.,1.0,,32.0
515979,4058,[CAR],yeah.,,,32.0
515998,4058,[CHI],he is.,1.0,,32.0
516014,4058,[CAR],and this maybe this is the bunny's baby Joey.,,,32.0
516045,4058,[CAR],yeah.,,,32.0
516057,4058,[CAR],and look at this.,,,32.0
516076,4058,[CAR],even the bug has a little baby Joey.,,,32.0
516099,4058,[CAR],and they cuddle him up.,,,32.0
516119,4058,[CAR],and they probably say their prayers and they say we'll see you in the morning when the sun comes up.,,,32.0
516144,4058,[CAR],look at the picture.,,,32.0
516165,4058,[CAR],even the picture has the bunny and a bug.,,,32.0
516202,4058,[CAR],you wanna turn the last page and see if there is any more?,,,32.0
516223,4058,[CHI],yeah.,,,32.0
516237,4058,[CAR],you turn the last page.,,,32.0
516251,4058,[CHI],this way?,1.0,,32.0
516275,4058,[CAR],uhhum.,,,32.0
516290,4058,[CHI],see.,,,32.0
516306,4058,[CHI],this doesn't turn.,1.0,,32.0
516322,4058,[CAR],it doesn't turn?,,,32.0
516334,4058,[CAR],oh it's the end of the book?,,,32.0
516356,4058,[CAR],ah there's the mum.,,,32.0
516374,4058,[CAR],can you tell me anything you see in this picture?,,,32.0
516426,4058,[CAR],what's that?,,,32.0
516447,4058,[CHI],I don't know.,1.0,,32.0
516462,4058,[CAR],I don't know.,,,32.0
516481,4058,[CHI],a balloon!,0.0,,32.0
516499,4058,[CAR],looks like a clock to me.,,,32.0
516527,4058,[CAR],why don't you put this book away in the box and I'll see what's in the next box up on the desk?,,,32.0
516561,4058,[CAR],okay?,,,32.0
516629,4058,[CAR],here.,,,32.0
516677,4058,[CAR],you put that away.,,,32.0
516694,4058,[CAR],see if you can put the top on the box and I'll see what's on the desk.,,,32.0
516714,4058,[CAR],can you put the top on that now?,,,32.0
516783,4058,[CAR],here I'll give you a helping hand.,,,32.0
516799,4058,[CAR],there.,,,32.0
516814,4058,[CAR],you put that up on the desk.,,,32.0
516849,4058,[CAR],thank_you.,,,32.0
516877,4058,[CAR],good work.,,,32.0
516892,4058,[CAR],crash.,,,32.0
516909,4058,[CAR],alright.,,,32.0
516923,4058,[CAR],that's alright.,,,32.0
516939,4058,[CAR],I can fix that later.,,,32.0
516956,4058,[CAR],what's in here?,,,32.0
516974,4058,[CHI],I don't know.,1.0,,32.0
517001,4058,[CHI],okay.,,,32.0
517029,4058,[CAR],oh!,,,32.0
517049,4058,[CAR],what is it?,,,32.0
517118,4058,[CHI],it's Cookie_Monster.,1.0,,32.0
517137,4058,[CHI],and a bird.,1.0,,32.0
517153,4058,[CAR],what can we do with these?,,,32.0
517170,4058,[CHI],you put them on like this.,1.0,,32.0
517185,4058,[CAR],let's see.,,,32.0
517201,4058,[CHI],like this.,1.0,,32.0
517218,4058,[CAR],hello Cookie_Monster.,,,32.0
517230,4058,[CHI],hi.,,,32.0
517246,4058,[CAR],how are you?,,,32.0
517261,4058,[CHI],hi.,,,32.0
517278,4058,[CHI],what has in him?,-1.0,"auxiliary, subject",32.0
517303,4058,[CAR],what does he have in him?,,,32.0
517322,4058,[CHI],yeah.,,,32.0
517333,4058,[CAR],what's in there?,,,32.0
517365,4058,[CAR],is it his mouth?,,,32.0
517382,4058,[CHI],hi.,,,32.0
517397,4058,[CHI],hi.,,,32.0
517752,4058,[CAR],hello Cookie_Monster.,,,32.0
517771,4058,[CAR],can you shake my hand?,,,32.0
517800,4058,[CAR],how about if I put one on then they can talk?,,,32.0
517821,4058,[CHI],hi.,,,32.0
517844,4058,[CAR],hello Cookie_Monster.,,,32.0
517856,4058,[CAR],my name is Polly the Bird.,,,32.0
517876,4058,[CAR],and I would like to play with you.,,,32.0
517918,4058,[CAR],would you play with me?,,,32.0
517932,4058,[CHI],yeah.,,,32.0
517953,4058,[CAR],I'm going to sleep in my bed.,,,32.0
517975,4058,[CAR],watch this.,,,32.0
518033,4058,[CAR],I'm.,,,32.0
518050,4058,[CHI],I'm going to sleep in my bed.,1.0,,32.0
518095,4058,[CAR],I'm gonna wake up now and get my play clothes on.,,,32.0
518125,4058,[CHI],yeah.,,,32.0
518141,4058,[CHI],me too.,1.0,,32.0
518160,4058,[CAR],I'm now putting my sneakers on.,,,32.0
518205,4058,[CAR],put my shirt on.,,,32.0
518220,4058,[CAR],I can do it all by myself.,,,32.0
518250,4058,[CAR],can you put your play clothes on all by yourself?,,,32.0
518281,4058,[CAR],you look very handsome in those play clothes.,,,32.0
518295,4058,[CAR],I like your new velcro sneakers Mister Cookie_Monster.,,,32.0
518321,4058,[CAR],wanna come over to my house and we'll have some lunch?,,,32.0
518335,4058,[CHI],yeah.,,,32.0
518349,4058,[CAR],alright.,,,32.0
518357,4058,[CAR],hold my hand.,,,32.0
518381,4058,[CAR],what would you like for lunch?,,,32.0
518387,4058,[CHI],I like peanut+butter.,1.0,,32.0
518398,4058,[CAR],okay.,,,32.0
518409,4058,[CAR],I'll make the peanut+butter.,,,32.0
518424,4058,[CAR],what would you like to drink?,,,32.0
518437,4058,[CHI],I like soda.,1.0,,32.0
518479,4058,[CAR],you get the soda and I'll make the peanut+butter.,,,32.0
518497,4058,[CAR],the refrigerator's over there.,,,32.0
518541,4058,[CAR],here.,,,32.0
518554,4058,[CAR],we can pretend this is the table.,,,32.0
518568,4058,[CAR],sit here.,,,32.0
518593,4058,[CAR],here's your peanut+butter sandwich.,,,32.0
518642,4058,[CAR],hey I got an idea.,,,32.0
518657,4058,[CHI],what?,,,32.0
518672,4058,[CAR],why don't you take the bird one now and I could have a turn with the Cookie_Monster?,,,32.0
518689,4058,[CHI],yeah.,,,32.0
518697,4058,[CAR],alright.,,,32.0
518712,4058,[CAR],thanks.,,,32.0
519958,4058,[CAR],oh that does have something funny inside.,,,32.0
519968,4058,[CAR],it feels like plastic.,,,32.0
519979,4058,[CAR],inside this mouth.,,,32.0
520000,4058,[CHI],I can't do this one.,1.0,,32.0
520015,4058,[CAR],that one's hard to do?,,,32.0
520027,4058,[CAR],you wanna try Cookie_Monster again?,,,32.0
520036,4058,[CHI],yeah.,,,32.0
520050,4058,[CAR],it's a little easier to move the mouth on this one?,,,32.0
520059,4058,[CAR],yeah.,,,32.0
520074,4058,[CAR],I think let me turn your here.,,,32.0
520088,4058,[CAR],wanna give it a try?,,,32.0
520118,4058,[CAR],you wanna use that one?,,,32.0
520133,4058,[CHI],yeah.,,,32.0
520149,4058,[CAR],okay.,,,32.0
520170,4058,[CAR],I'll use the bird.,,,32.0
520190,4058,[CAR],do you like my fancy blue hair?,,,32.0
520215,4058,[CHI],something has inside here.,-1.0,"object, preposition",32.0
520252,4058,[CAR],yeah it's like a piece of plastic in there.,,,32.0
520267,4058,[CAR],I wish we could turn it inside out so we could see it.,,,32.0
520294,4058,[CAR],see this is what's inside that makes it move.,,,32.0
520316,4058,[CAR],see?,,,32.0
520325,4058,[CAR],pretty fancy huh?,,,32.0
520336,4058,[CAR],it's a great puppet!,,,32.0
520359,4058,[CAR],here you go.,,,32.0
520365,4058,[CHI],I touched it.,1.0,,32.0
520374,4058,[CAR],yeah that's what you do.,,,32.0
520448,4058,[CAR],what.,,,32.0
520469,4058,[CAR],what else can these puppets do?,,,32.0
520478,4058,[CHI],they c they can play on the swings.,1.0,,32.0
520488,4058,[CAR],alright.,,,32.0
520500,4058,[CAR],where should the swings be?,,,32.0
520507,4058,[CAR],what should we make the swings be?,,,32.0
520517,4058,[CHI],the swings are over there.,1.0,,32.0
520527,4058,[CAR],alright.,,,32.0
520531,4058,[CAR],let's have them over there.,,,32.0
520547,4058,[CAR],you know what they could do?,,,32.0
520555,4058,[CAR],we could have this be the swings.,,,32.0
520567,4058,[CHI],what?,,,32.0
520577,4058,[CAR],they could sit on my arm and they could pretend my arm is the swing.,,,32.0
520590,4058,[CHI],yeah.,,,32.0
520602,4058,[CAR],alright.,,,32.0
520745,4058,[CAR],have your puppet come sit on my swing.,,,32.0
521243,4058,[CAR],I think your puppet can sit on the swings and mine will push!,,,32.0
521280,4058,[CAR],oh!,,,32.0
521296,4058,[CAR],don't go so high!,,,32.0
521306,4058,[CAR],don't go so high!,,,32.0
521330,4058,[CAR],that was really fun playing on the swings.,,,32.0
521369,4058,[CAR],that's just plastic.,,,32.0
521374,4058,[CAR],it's plastic in there which makes the mouth hard.,,,32.0
521384,4058,[CAR],makes the mouth hard.,,,32.0
521392,4058,[CAR],and this mouth is just made out_of cloth so it's soft.,,,32.0
521403,4058,[CHI],hi.,,,32.0
521410,4058,[CAR],hello.,,,32.0
521418,4058,[CHI],hi.,,,32.0
521426,4058,[CAR],look what else could we do today?,,,32.0
521433,4058,[CHI],we could play in the bed.,1.0,,32.0
521440,4058,[CAR],alright.,,,32.0
521447,4058,[CAR],let's go in our beds.,,,32.0
521456,4058,[CAR],this is my bed.,,,32.0
521465,4058,[CHI],this is my bed.,1.0,,32.0
521471,4058,[CAR],I'm going to go to sleep.,,,32.0
521479,4058,[CHI],I'm going to go to sleep.,1.0,,32.0
521486,4058,[CAR],put his covers up.,,,32.0
521519,4058,[CAR],good_night.,,,32.0
521545,4058,[CHI],good_night.,1.0,,32.0
521559,4058,[CHI],put his covers up.,0.0,,32.0
521566,4058,[CAR],put his covers up?,,,32.0
521575,4058,[CHI],good_night.,1.0,,32.0
521582,4058,[CAR],good_night.,,,32.0
521600,4058,[CAR],should we put them in the box and cover it up and find something else to play?,,,32.0
521609,4058,[CHI],yeah.,,,32.0
521617,4058,[CAR],alright.,,,32.0
521625,4058,[CAR],why don't we put them both in the box.,,,32.0
521632,4058,[CAR],you put the top on the box and I'll get something else.,,,32.0
521640,4058,[CHI],I did it mom.,1.0,,32.0
521648,4058,[CAR],thanks.,,,32.0
521663,4058,[CAR],ahhah.,,,32.0
521674,4058,[CAR],I wonder what could be in this box.,,,32.0
521693,4058,[CAR],plunk.,,,32.0
521699,4058,[CHI],open.,,,32.0
521705,4058,[CHI],crayons.,,,32.0
521712,4058,[CAR],crayons.,,,32.0
521717,4058,[CAR],do you know any of these crayon's color names?,,,32.0
521722,4058,[CAR],know what color this is?,,,32.0
521754,4058,[CHI],what?,,,32.0
521762,4058,[CAR],take a guess.,,,32.0
521768,4058,[CAR],take a wild guess.,,,32.0
521775,4058,[CHI],blue.,,,32.0
521782,4058,[CAR],it's not blue.,,,32.0
521789,4058,[CAR],try another one.,,,32.0
521797,4058,[CHI],red.,,,32.0
521804,4058,[CAR],red.,,,32.0
521813,4058,[CAR],what color are my shoes?,,,32.0
521821,4058,[CHI],I don't know.,1.0,,32.0
521829,4058,[CAR],what color are my shoes?,,,32.0
521834,4058,[CHI],red.,,,32.0
521841,4058,[CAR],red.,,,32.0
521849,4058,[CAR],wanna have the red crayon?,,,32.0
521860,4058,[CHI],yeah.,,,32.0
521868,4058,[CHI],where's paper?,1.0,,32.0
521879,4058,[CAR],this is the paper right here.,,,32.0
521888,4058,[CAR],you can use this paper or we can use this paper.,,,32.0
521901,4058,[CHI],no.,,,32.0
521909,4058,[CHI],no.,,,32.0
521915,4058,[CAR],gonna use that?,,,32.0
521924,4058,[CAR],okay.,,,32.0
521932,4058,[CAR],what are you gonna make?,,,32.0
521940,4058,[CAR],you know it would easier if you put it on the if you pretend this is a desk.,,,32.0
521955,4058,[CAR],put this on the on this like the desk.,,,32.0
521973,4058,[CHI],who did this mom?,1.0,,32.0
521982,4058,[CAR],probably some other child who had this toy before us.,,,32.0
521992,4058,[CAR],wanna wanna put?,,,32.0
521999,4058,[CAR],here.,,,32.0
522007,4058,[CAR],excuse me one second.,,,32.0
522016,4058,[CAR],alright.,,,32.0
522024,4058,[CAR],pretend this is a desk.,,,32.0
522030,4058,[CAR],and if you write on that it makes it a little bit easy to do.,,,32.0
522049,4058,[CAR],what are you gonna draw a picture of?,,,32.0
522065,4058,[CHI],a kid.,1.0,,32.0
522072,4058,[CAR],a kid?,,,32.0
522080,4058,[CHI],me.,,,32.0
522087,4058,[CAR],you're gonna draw a picture of you?,,,32.0
522097,4058,[CHI],yeah.,,,32.0
522106,4058,[CAR],I see.,,,32.0
522114,4058,[CHI],that's me.,1.0,,32.0
522124,4058,[CHI],this my face.,-1.0,verb,32.0
522132,4058,[CAR],nice face.,,,32.0
522141,4058,[CAR],can you put the eyes on?,,,32.0
522147,4058,[CHI],yeah.,,,32.0
522256,4058,[CAR],oh aren't they pretty.,,,32.0
522261,4058,[CAR],and how about a big smily mouth?,,,32.0
522272,4058,[CAR],oh.,,,32.0
522277,4058,[CHI],I put the eyes on.,0.0,,32.0
522281,4058,[CAR],I like the eyes.,,,32.0
522287,4058,[CAR],okay how about a big smily mouth?,,,32.0
522305,4058,[CAR],wow.,,,32.0
522311,4058,[CHI],I wanna make sad face.,-1.0,determiner,32.0
522316,4058,[CAR],a sad face?,,,32.0
522320,4058,[CAR],how come he's making a sad face?,,,32.0
522326,4058,[CHI],because I wanna.,1.0,,32.0
522333,4058,[CAR],oh alright.,,,32.0
522345,4058,[CAR],maybe I'll make a picture of the mother and she can make him feel better.,,,32.0
522355,4058,[CHI],I'm I'm making the kid the kid a toy.,1.0,,32.0
522362,4058,[CAR],mhm.,,,32.0
522369,4058,[CHI],see?,,,32.0
522381,4058,[CHI],how about this one?,1.0,,32.0
522387,4058,[CAR],alright.,,,32.0
522393,4058,[CAR],what are you gonna make on this paper?,,,32.0
522400,4058,[CHI],I'm gonna make a rainbow.,1.0,,32.0
522408,4058,[CAR],taste the rainbow.,,,32.0
522418,4058,[CAR],someday we'll find it the rainbow connection.,,,32.0
522425,4058,[CHI],we hafta put them back now.,1.0,,32.0
522430,4058,[CAR],you're done with this game?,,,32.0
522436,4058,[CHI],yeah.,,,32.0
522442,4058,[CAR],okay.,,,32.0
522448,4058,[CAR],I wonder if there's something in the last box.,,,32.0
522452,4058,[CAR],here you go.,,,32.0
522457,4058,[CHI],thanks.,,,32.0
522464,4058,[CAR],you're welcome.,,,32.0
522479,4058,[CAR],ah the last box is big!,,,32.0
522487,4058,[CAR],can you put this back up on the desk buddy?,,,32.0
522504,4058,[CAR],thanks.,,,32.0
522512,4058,[CAR],and then you can put that on the desk and get the last box.,,,32.0
522521,4058,[CAR],it's very big!,,,32.0
522530,4058,[CAR],is it too heavy for you to carry?,,,32.0
522564,4058,[CAR],oh Mister Muscle!,,,32.0
522615,4058,[CAR],what is it?,,,32.0
522624,4058,[CHI],a house!,1.0,,32.0
522637,4058,[CAR],pull it out and let's see.,,,32.0
522642,4058,[CAR],pull!,,,32.0
522646,4058,[CAR],pull!,,,32.0
522655,4058,[CHI],you.,,,32.0
522660,4058,[CAR],alright you pull it that way I'll pull it this way.,,,32.0
523323,4058,[CAR],you ready?,,,32.0
524563,4058,[CAR],set go!,,,32.0
524631,4058,[CAR],thanks.,,,32.0
524646,4058,[CHI],where's the door?,1.0,,32.0
524661,4058,[CAR],I think the door opens?,,,32.0
524673,4058,[CAR],oh there's a door like that.,,,32.0
524689,4058,[CAR],but you know what else you can do?,,,32.0
524706,4058,[CAR],you can have the guy go in like this.,,,32.0
524718,4058,[CAR],or you can also open it up to see what's inside.,,,32.0
524742,4058,[CAR],and look at all these rooms.,,,32.0
524754,4058,[CAR],why don't you sit over here like this?,,,32.0
524781,4058,[CAR],oh and there's furniture and everything.,,,32.0
524809,4058,[CAR],and a car.,,,32.0
524825,4058,[CAR],and a garage.,,,32.0
524869,4058,[CHI],some.,,,32.0
17363818,43291,[CHI],the car.,0.0,,26.0
